Log file open, 02/09/22 19:46:49
LogWindows: Failed to load 'aqProf.dll' (GetLastError=126)
LogWindows: File 'aqProf.dll' does not exist
LogWindows: Failed to load 'VtuneApi.dll' (GetLastError=126)
LogWindows: File 'VtuneApi.dll' does not exist
LogWindows: Failed to load 'VtuneApi32e.dll' (GetLastError=126)
LogWindows: File 'VtuneApi32e.dll' does not exist
LogConsoleResponse: Display: Failed to find resolution value strings in scalability ini. Falling back to default.
LogConsoleResponse: Display: Failed to find resolution value strings in scalability ini. Falling back to default.
LogInit: Display: Running engine for game: ShoppingMall
LogPlatformFile: Not using cached read wrapper
LogTaskGraph: Started task graph with 5 named threads and 47 total threads with 3 sets of task threads.
LogStats: Stats thread started at 0.709967
LogICUInternationalization: ICU TimeZone Detection - Raw Offset: -5:00, Platform Override: ''
LogInit: Display: Loading text-based GConfig....
LogPluginManager: Mounting plugin MeshPainting
LogPluginManager: Mounting plugin XGEController
LogPluginManager: Mounting plugin LightPropagationVolume
LogPluginManager: Mounting plugin AISupport
LogPluginManager: Mounting plugin CameraShakePreviewer
LogPluginManager: Mounting plugin GameplayCameras
LogPluginManager: Mounting plugin EnvironmentQueryEditor
LogPluginManager: Mounting plugin Paper2D
LogPluginManager: Mounting plugin LiveLink
LogPluginManager: Mounting plugin OodleData
LogPluginManager: Mounting plugin OodleNetwork
LogPluginManager: Mounting plugin Niagara
LogPluginManager: Mounting plugin AnimationSharing
LogPluginManager: Mounting plugin CLionSourceCodeAccess
LogPluginManager: Mounting plugin DatasmithContent
LogPluginManager: Mounting plugin AssetManagerEditor
LogPluginManager: Mounting plugin CodeLiteSourceCodeAccess
LogPluginManager: Mounting plugin GitSourceControl
LogPluginManager: Mounting plugin KDevelopSourceCodeAccess
LogPluginManager: Mounting plugin NullSourceCodeAccess
LogPluginManager: Mounting plugin PerforceSourceControl
LogPluginManager: Mounting plugin PixWinPlugin
LogPluginManager: Mounting plugin PlasticSourceControl
LogPluginManager: Mounting plugin PluginUtils
LogPluginManager: Mounting plugin PropertyAccessNode
LogPluginManager: Mounting plugin RiderSourceCodeAccess
LogPluginManager: Mounting plugin SubversionSourceControl
LogPluginManager: Mounting plugin TextureFormatOodle
LogPluginManager: Mounting plugin VariantManagerContent
LogPluginManager: Mounting plugin UObjectPlugin
LogPluginManager: Mounting plugin CryptoKeys
LogPluginManager: Mounting plugin CurveEditorTools
LogPluginManager: Mounting plugin DataValidation
LogPluginManager: Mounting plugin FacialAnimation
LogPluginManager: Mounting plugin GameplayTagsEditor
LogPluginManager: Mounting plugin GeometryMode
LogPluginManager: Mounting plugin MacGraphicsSwitching
LogPluginManager: Mounting plugin MaterialAnalyzer
LogPluginManager: Mounting plugin MobileLauncherProfileWizard
LogPluginManager: Mounting plugin SpeedTreeImporter
LogPluginManager: Mounting plugin PluginBrowser
LogPluginManager: Mounting plugin VisualStudioCodeSourceCodeAccess
LogPluginManager: Mounting plugin VisualStudioSourceCodeAccess
LogPluginManager: Mounting plugin XCodeSourceCodeAccess
LogPluginManager: Mounting plugin LuminPlatformFeatures
LogPluginManager: Mounting plugin MagicLeap
LogPluginManager: Mounting plugin MagicLeapMedia
LogPluginManager: Mounting plugin MagicLeapLightEstimation
LogPluginManager: Mounting plugin AlembicImporter
LogPluginManager: Mounting plugin MagicLeapPassableWorld
LogPluginManager: Mounting plugin MLSDK
LogPluginManager: Mounting plugin AutomationUtils
LogPluginManager: Mounting plugin BackChannel
LogPluginManager: Mounting plugin ChaosClothEditor
LogPluginManager: Mounting plugin ChaosCloth
LogPluginManager: Mounting plugin ChaosSolverPlugin
LogPluginManager: Mounting plugin ChaosNiagara
LogPluginManager: Mounting plugin ChaosEditor
LogPluginManager: Mounting plugin CharacterAI
LogPluginManager: Mounting plugin GeometryCache
LogPluginManager: Mounting plugin GeometryCollectionPlugin
LogPluginManager: Mounting plugin GeometryProcessing
LogPluginManager: Mounting plugin OpenImageDenoise
LogPluginManager: Mounting plugin MotoSynth
LogPluginManager: Mounting plugin PlanarCut
LogPluginManager: Mounting plugin PlatformCrypto
LogPluginManager: Mounting plugin ProxyLODPlugin
LogPluginManager: Mounting plugin PythonScriptPlugin
LogPluginManager: Mounting plugin SkeletalReduction
LogPluginManager: Mounting plugin Text3D
LogPluginManager: Mounting plugin UdpMessaging
LogPluginManager: Mounting plugin TcpMessaging
LogPluginManager: Mounting plugin AndroidMedia
LogPluginManager: Mounting plugin AvfMedia
LogPluginManager: Mounting plugin ImgMedia
LogPluginManager: Mounting plugin MediaCompositing
LogPluginManager: Mounting plugin MediaPlayerEditor
LogPluginManager: Mounting plugin ActorSequence
LogPluginManager: Mounting plugin WebMMedia
LogPluginManager: Mounting plugin WmfMedia
LogPluginManager: Mounting plugin OnlineSubsystem
LogPluginManager: Mounting plugin OnlineSubsystemNull
LogPluginManager: Mounting plugin LevelSequenceEditor
LogPluginManager: Mounting plugin MatineeToLevelSequence
LogPluginManager: Mounting plugin OnlineSubsystemUtils
LogPluginManager: Mounting plugin TemplateSequence
LogPluginManager: Mounting plugin LauncherChunkInstaller
LogPluginManager: Mounting plugin ActorLayerUtilities
LogPluginManager: Mounting plugin AndroidMoviePlayer
LogPluginManager: Mounting plugin AndroidDeviceProfileSelector
LogPluginManager: Mounting plugin AndroidPermission
LogPluginManager: Mounting plugin AppleImageUtils
LogPluginManager: Mounting plugin AssetTags
LogPluginManager: Mounting plugin AppleMoviePlayer
LogPluginManager: Mounting plugin AudioCapture
LogPluginManager: Mounting plugin ArchVisCharacter
LogPluginManager: Mounting plugin AudioSynesthesia
LogPluginManager: Mounting plugin CableComponent
LogPluginManager: Mounting plugin ChunkDownloader
LogPluginManager: Mounting plugin CustomMeshComponent
LogPluginManager: Mounting plugin EditableMesh
LogPluginManager: Mounting plugin ExampleDeviceProfileSelector
LogPluginManager: Mounting plugin GooglePAD
LogPluginManager: Mounting plugin GoogleCloudMessaging
LogPluginManager: Mounting plugin ScreenshotTools
LogPluginManager: Mounting plugin Takes
LogPluginManager: Mounting plugin IOSDeviceProfileSelector
LogPluginManager: Mounting plugin LinuxDeviceProfileSelector
LogPluginManager: Mounting plugin LocationServicesBPLibrary
LogPluginManager: Mounting plugin MobilePatchingUtils
LogPluginManager: Mounting plugin OpenXR
LogPluginManager: Mounting plugin OpenXREyeTracker
LogPluginManager: Mounting plugin OpenXRHandTracking
LogPluginManager: Mounting plugin PhysXVehicles
LogPluginManager: Mounting plugin PostSplashScreen
LogPluginManager: Mounting plugin PropertyAccessEditor
LogPluginManager: Mounting plugin ProceduralMeshComponent
LogPluginManager: Mounting plugin SignificanceManager
LogPluginManager: Mounting plugin RuntimePhysXCooking
LogPluginManager: Mounting plugin SoundFields
LogPluginManager: Mounting plugin Synthesis
LogPluginManager: Mounting plugin WebMMoviePlayer
LogPluginManager: Mounting plugin WindowsMoviePlayer
LogPluginManager: Mounting plugin ContentBrowserAssetDataSource
LogPluginManager: Mounting plugin ContentBrowserClassDataSource
LogPluginManager: Mounting plugin ContentBrowserFileDataSource
LogPluginManager: Mounting plugin OnlineSubsystemGooglePlay
LogPluginManager: Mounting plugin OnlineSubsystemIOS
LogPluginManager: Mounting plugin OculusVR
LogPluginManager: Mounting plugin SteamVR
PixWinPlugin: PIX capture plugin failed to initialize! Check that the process is launched from PIX.
LogLuminAPIImpl: Warning: MLSDK not found.  This likely means the MLSDK environment variable is not set.
LogInit: Using libcurl 7.55.1-DEV
LogInit:  - built for x86_64-pc-win32
LogInit:  - supports SSL with OpenSSL/1.1.1
LogInit:  - supports HTTP deflate (compression) using libz 1.2.8
LogInit:  - other features:
LogInit:      CURL_VERSION_SSL
LogInit:      CURL_VERSION_LIBZ
LogInit:      CURL_VERSION_IPV6
LogInit:      CURL_VERSION_ASYNCHDNS
LogInit:      CURL_VERSION_LARGEFILE
LogInit:      CURL_VERSION_IDN
LogInit:  CurlRequestOptions (configurable via config and command line):
LogInit:  - bVerifyPeer = true  - Libcurl will verify peer certificate
LogInit:  - bUseHttpProxy = false  - Libcurl will NOT use HTTP proxy
LogInit:  - bDontReuseConnections = false  - Libcurl will reuse connections
LogInit:  - MaxHostConnections = 16  - Libcurl will limit the number of connections to a host
LogInit:  - LocalHostAddr = Default
LogInit:  - BufferSize = 65536
LogOnline: OSS: Creating online subsystem instance for: NULL
LogInit: WinSock: version 1.1 (2.2), MaxSocks=32767, MaxUdp=65467
LogOnline: OSS: TryLoadSubsystemAndSetDefault: Loaded subsystem for module [NULL]
LogOculusPluginWrapper: OculusPlugin initialized successfully
LogHMD: Failed initializing OVRPlugin 1.59.0
LogInit: Build: ++UE4+Release-4.27-CL-18319896
LogInit: Engine Version: 4.27.2-18319896+++UE4+Release-4.27
LogInit: Compatible Engine Version: 4.27.0-17155196+++UE4+Release-4.27
LogInit: Net CL: 17155196
LogInit: OS: Windows 10 (Release 2009) (), CPU: Intel(R) Core(TM) i9-9900K CPU @ 3.60GHz, GPU: NVIDIA GeForce RTX 2080
LogInit: Compiled (64-bit): Nov 30 2021 07:12:08
LogInit: Compiled with Visual C++: 19.24.28315.00
LogInit: Build Configuration: Development
LogInit: Branch Name: ++UE4+Release-4.27
LogInit: Command Line: 
LogInit: Base Directory: H:/Epic Games/Engines/UE_4.27/Engine/Binaries/Win64/
LogInit: Allocator: TBB
LogInit: Installed Engine Build: 1
LogDevObjectVersion: Number of dev versions registered: 29
LogDevObjectVersion:   Dev-Blueprints (B0D832E4-1F89-4F0D-ACCF-7EB736FD4AA2): 10
LogDevObjectVersion:   Dev-Build (E1C64328-A22C-4D53-A36C-8E866417BD8C): 0
LogDevObjectVersion:   Dev-Core (375EC13C-06E4-48FB-B500-84F0262A717E): 4
LogDevObjectVersion:   Dev-Editor (E4B068ED-F494-42E9-A231-DA0B2E46BB41): 40
LogDevObjectVersion:   Dev-Framework (CFFC743F-43B0-4480-9391-14DF171D2073): 37
LogDevObjectVersion:   Dev-Mobile (B02B49B5-BB20-44E9-A304-32B752E40360): 3
LogDevObjectVersion:   Dev-Networking (A4E4105C-59A1-49B5-A7C5-40C4547EDFEE): 0
LogDevObjectVersion:   Dev-Online (39C831C9-5AE6-47DC-9A44-9C173E1C8E7C): 0
LogDevObjectVersion:   Dev-Physics (78F01B33-EBEA-4F98-B9B4-84EACCB95AA2): 14
LogDevObjectVersion:   Dev-Platform (6631380F-2D4D-43E0-8009-CF276956A95A): 0
LogDevObjectVersion:   Dev-Rendering (12F88B9F-8875-4AFC-A67C-D90C383ABD29): 45
LogDevObjectVersion:   Dev-Sequencer (7B5AE74C-D270-4C10-A958-57980B212A5A): 13
LogDevObjectVersion:   Dev-VR (D7296918-1DD6-4BDD-9DE2-64A83CC13884): 3
LogDevObjectVersion:   Dev-LoadTimes (C2A15278-BFE7-4AFE-6C17-90FF531DF755): 1
LogDevObjectVersion:   Private-Geometry (6EACA3D4-40EC-4CC1-B786-8BED09428FC5): 3
LogDevObjectVersion:   Dev-AnimPhys (29E575DD-E0A3-4627-9D10-D276232CDCEA): 17
LogDevObjectVersion:   Dev-Anim (AF43A65D-7FD3-4947-9873-3E8ED9C1BB05): 15
LogDevObjectVersion:   Dev-ReflectionCapture (6B266CEC-1EC7-4B8F-A30B-E4D90942FC07): 1
LogDevObjectVersion:   Dev-Automation (0DF73D61-A23F-47EA-B727-89E90C41499A): 1
LogDevObjectVersion:   FortniteMain (601D1886-AC64-4F84-AA16-D3DE0DEAC7D6): 47
LogDevObjectVersion:   FortniteRelease (E7086368-6B23-4C58-8439-1B7016265E91): 1
LogDevObjectVersion:   Dev-Enterprise (9DFFBCD6-494F-0158-E221-12823C92A888): 10
LogDevObjectVersion:   Dev-Niagara (F2AED0AC-9AFE-416F-8664-AA7FFA26D6FC): 1
LogDevObjectVersion:   Dev-Destruction (174F1F0B-B4C6-45A5-B13F-2EE8D0FB917D): 10
LogDevObjectVersion:   Dev-Physics-Ext (35F94A83-E258-406C-A318-09F59610247C): 41
LogDevObjectVersion:   Dev-PhysicsMaterial-Chaos (B68FC16E-8B1B-42E2-B453-215C058844FE): 1
LogDevObjectVersion:   Dev-CineCamera (B2E18506-4273-CFC2-A54E-F4BB758BBA07): 1
LogDevObjectVersion:   Dev-VirtualProduction (64F58936-FD1B-42BA-BA96-7289D5D0FA4E): 1
LogDevObjectVersion:   Dev-MediaFramework (6F0ED827-A609-4895-9C91-998D90180EA4): 2
LogInit: Presizing for max 25165824 objects, including 0 objects not considered by GC, pre-allocating 0 bytes for permanent pool.
LogConfig: Applying CVar settings from Section [/Script/Engine.StreamingSettings] File [C:/Users/James/OneDrive/Documents/Unreal Projects/ShoppingMall/Saved/Config/Windows/Engine.ini]
LogConfig: Setting CVar [[s.MinBulkDataSizeForAsyncLoading:131072]]
LogConfig: Setting CVar [[s.AsyncLoadingThreadEnabled:0]]
LogConfig: Setting CVar [[s.EventDrivenLoaderEnabled:1]]
LogConfig: Setting CVar [[s.WarnIfTimeLimitExceeded:0]]
LogConfig: Setting CVar [[s.TimeLimitExceededMultiplier:1.5]]
LogConfig: Setting CVar [[s.TimeLimitExceededMinTime:0.005]]
LogConfig: Setting CVar [[s.UseBackgroundLevelStreaming:1]]
LogConfig: Setting CVar [[s.PriorityAsyncLoadingExtraTime:15.0]]
LogConfig: Setting CVar [[s.LevelStreamingActorsUpdateTimeLimit:5.0]]
LogConfig: Setting CVar [[s.PriorityLevelStreamingActorsUpdateExtraTime:5.0]]
LogConfig: Setting CVar [[s.LevelStreamingComponentsRegistrationGranularity:10]]
LogConfig: Setting CVar [[s.UnregisterComponentsTimeLimit:1.0]]
LogConfig: Setting CVar [[s.LevelStreamingComponentsUnregistrationGranularity:5]]
LogConfig: Setting CVar [[s.FlushStreamingOnExit:1]]
LogInit: Object subsystem initialized
LogConfig: Setting CVar [[con.DebugEarlyDefault:1]]
LogConfig: Setting CVar [[r.setres:1280x720]]
[2022.02.10-00.46.50:921][  0]LogConfig: Setting CVar [[r.VSync:0]]
[2022.02.10-00.46.50:921][  0]LogConfig: Setting CVar [[r.RHICmdBypass:0]]
[2022.02.10-00.46.50:921][  0]LogConfig: Applying CVar settings from Section [/Script/Engine.RendererSettings] File [C:/Users/James/OneDrive/Documents/Unreal Projects/ShoppingMall/Saved/Config/Windows/Engine.ini]
[2022.02.10-00.46.50:921][  0]LogConfig: Setting CVar [[r.GPUCrashDebugging:0]]
[2022.02.10-00.46.50:921][  0]LogConfig: Setting CVar [[r.SkinCache.CompileShaders:0]]
[2022.02.10-00.46.50:921][  0]LogConfig: Setting CVar [[r.AllowGlobalClipPlane:0]]
[2022.02.10-00.46.50:921][  0]LogConfig: Setting CVar [[r.DefaultFeature.Bloom:1]]
[2022.02.10-00.46.50:921][  0]LogConfig: Setting CVar [[r.DefaultFeature.AmbientOcclusion:1]]
[2022.02.10-00.46.50:921][  0]LogConfig: Setting CVar [[r.DefaultFeature.AutoExposure:1]]
[2022.02.10-00.46.50:921][  0]LogConfig: Setting CVar [[r.DefaultFeature.AmbientOcclusionStaticFraction:0]]
[2022.02.10-00.46.50:921][  0]LogConfig: Setting CVar [[r.DefaultFeature.LensFlare:0]]
[2022.02.10-00.46.50:921][  0]LogConfig: Setting CVar [[r.GenerateMeshDistanceFields:1]]
[2022.02.10-00.46.50:921][  0]LogConfig: Applying CVar settings from Section [/Script/Engine.RendererOverrideSettings] File [C:/Users/James/OneDrive/Documents/Unreal Projects/ShoppingMall/Saved/Config/Windows/Engine.ini]
[2022.02.10-00.46.50:921][  0]LogConfig: Applying CVar settings from Section [/Script/Engine.StreamingSettings] File [C:/Users/James/OneDrive/Documents/Unreal Projects/ShoppingMall/Saved/Config/Windows/Engine.ini]
[2022.02.10-00.46.50:921][  0]LogConfig: Setting CVar [[s.MinBulkDataSizeForAsyncLoading:131072]]
[2022.02.10-00.46.50:921][  0]LogConfig: Setting CVar [[s.AsyncLoadingThreadEnabled:0]]
[2022.02.10-00.46.50:921][  0]LogConfig: Setting CVar [[s.EventDrivenLoaderEnabled:1]]
[2022.02.10-00.46.50:921][  0]LogConfig: Setting CVar [[s.WarnIfTimeLimitExceeded:0]]
[2022.02.10-00.46.50:921][  0]LogConfig: Setting CVar [[s.TimeLimitExceededMultiplier:1.5]]
[2022.02.10-00.46.50:921][  0]LogConfig: Setting CVar [[s.TimeLimitExceededMinTime:0.005]]
[2022.02.10-00.46.50:921][  0]LogConfig: Setting CVar [[s.UseBackgroundLevelStreaming:1]]
[2022.02.10-00.46.50:921][  0]LogConfig: Setting CVar [[s.PriorityAsyncLoadingExtraTime:15.0]]
[2022.02.10-00.46.50:921][  0]LogConfig: Setting CVar [[s.LevelStreamingActorsUpdateTimeLimit:5.0]]
[2022.02.10-00.46.50:921][  0]LogConfig: Setting CVar [[s.PriorityLevelStreamingActorsUpdateExtraTime:5.0]]
[2022.02.10-00.46.50:921][  0]LogConfig: Setting CVar [[s.LevelStreamingComponentsRegistrationGranularity:10]]
[2022.02.10-00.46.50:921][  0]LogConfig: Setting CVar [[s.UnregisterComponentsTimeLimit:1.0]]
[2022.02.10-00.46.50:921][  0]LogConfig: Setting CVar [[s.LevelStreamingComponentsUnregistrationGranularity:5]]
[2022.02.10-00.46.50:921][  0]LogConfig: Setting CVar [[s.FlushStreamingOnExit:1]]
[2022.02.10-00.46.50:921][  0]LogConfig: Applying CVar settings from Section [/Script/Engine.GarbageCollectionSettings] File [C:/Users/James/OneDrive/Documents/Unreal Projects/ShoppingMall/Saved/Config/Windows/Engine.ini]
[2022.02.10-00.46.50:921][  0]LogConfig: Setting CVar [[gc.MaxObjectsNotConsideredByGC:1]]
[2022.02.10-00.46.50:921][  0]LogConfig: Setting CVar [[gc.SizeOfPermanentObjectPool:0]]
[2022.02.10-00.46.50:921][  0]LogConfig: Setting CVar [[gc.FlushStreamingOnGC:0]]
[2022.02.10-00.46.50:921][  0]LogConfig: Setting CVar [[gc.NumRetriesBeforeForcingGC:10]]
[2022.02.10-00.46.50:921][  0]LogConfig: Setting CVar [[gc.AllowParallelGC:1]]
[2022.02.10-00.46.50:922][  0]LogConfig: Setting CVar [[gc.TimeBetweenPurgingPendingKillObjects:61.1]]
[2022.02.10-00.46.50:922][  0]LogConfig: Setting CVar [[gc.MaxObjectsInEditor:25165824]]
[2022.02.10-00.46.50:922][  0]LogConfig: Setting CVar [[gc.IncrementalBeginDestroyEnabled:1]]
[2022.02.10-00.46.50:922][  0]LogConfig: Setting CVar [[gc.CreateGCClusters:1]]
[2022.02.10-00.46.50:922][  0]LogConfig: Setting CVar [[gc.MinGCClusterSize:5]]
[2022.02.10-00.46.50:922][  0]LogConfig: Setting CVar [[gc.ActorClusteringEnabled:0]]
[2022.02.10-00.46.50:922][  0]LogConfig: Setting CVar [[gc.BlueprintClusteringEnabled:0]]
[2022.02.10-00.46.50:922][  0]LogConfig: Setting CVar [[gc.UseDisregardForGCOnDedicatedServers:0]]
[2022.02.10-00.46.50:922][  0]LogConfig: Setting CVar [[gc.MultithreadedDestructionEnabled:1]]
[2022.02.10-00.46.50:922][  0]LogConfig: Applying CVar settings from Section [/Script/Engine.NetworkSettings] File [C:/Users/James/OneDrive/Documents/Unreal Projects/ShoppingMall/Saved/Config/Windows/Engine.ini]
[2022.02.10-00.46.50:922][  0]LogConfig: Applying CVar settings from Section [/Script/UnrealEd.CookerSettings] File [C:/Users/James/OneDrive/Documents/Unreal Projects/ShoppingMall/Saved/Config/Windows/Engine.ini]
[2022.02.10-00.46.50:964][  0]LogConfig: Applying CVar settings from Section [ViewDistanceQuality@3] File [C:/Users/James/OneDrive/Documents/Unreal Projects/ShoppingMall/Saved/Config/Windows/Scalability.ini]
[2022.02.10-00.46.50:964][  0]LogConfig: Setting CVar [[r.SkeletalMeshLODBias:0]]
[2022.02.10-00.46.50:964][  0]LogConfig: Setting CVar [[r.ViewDistanceScale:1.0]]
[2022.02.10-00.46.50:964][  0]LogConfig: Applying CVar settings from Section [AntiAliasingQuality@3] File [C:/Users/James/OneDrive/Documents/Unreal Projects/ShoppingMall/Saved/Config/Windows/Scalability.ini]
[2022.02.10-00.46.50:964][  0]LogConfig: Setting CVar [[r.PostProcessAAQuality:4]]
[2022.02.10-00.46.50:964][  0]LogConfig: Applying CVar settings from Section [ShadowQuality@3] File [C:/Users/James/OneDrive/Documents/Unreal Projects/ShoppingMall/Saved/Config/Windows/Scalability.ini]
[2022.02.10-00.46.50:964][  0]LogConfig: Setting CVar [[r.LightFunctionQuality:1]]
[2022.02.10-00.46.50:964][  0]LogConfig: Setting CVar [[r.ShadowQuality:5]]
[2022.02.10-00.46.50:965][  0]LogConfig: Setting CVar [[r.Shadow.CSM.MaxCascades:10]]
[2022.02.10-00.46.50:965][  0]LogConfig: Setting CVar [[r.Shadow.MaxResolution:2048]]
[2022.02.10-00.46.50:965][  0]LogConfig: Setting CVar [[r.Shadow.MaxCSMResolution:2048]]
[2022.02.10-00.46.50:965][  0]LogConfig: Setting CVar [[r.Shadow.RadiusThreshold:0.01]]
[2022.02.10-00.46.50:965][  0]LogConfig: Setting CVar [[r.Shadow.DistanceScale:1.0]]
[2022.02.10-00.46.50:965][  0]LogConfig: Setting CVar [[r.Shadow.CSM.TransitionScale:1.0]]
[2022.02.10-00.46.50:965][  0]LogConfig: Setting CVar [[r.Shadow.PreShadowResolutionFactor:1.0]]
[2022.02.10-00.46.50:965][  0]LogConfig: Setting CVar [[r.DistanceFieldShadowing:1]]
[2022.02.10-00.46.50:965][  0]LogConfig: Setting CVar [[r.DistanceFieldAO:1]]
[2022.02.10-00.46.50:965][  0]LogConfig: Setting CVar [[r.AOQuality:2]]
[2022.02.10-00.46.50:965][  0]LogConfig: Setting CVar [[r.VolumetricFog:1]]
[2022.02.10-00.46.50:965][  0]LogConfig: Setting CVar [[r.VolumetricFog.GridPixelSize:8]]
[2022.02.10-00.46.50:965][  0]LogConfig: Setting CVar [[r.VolumetricFog.GridSizeZ:128]]
[2022.02.10-00.46.50:965][  0]LogConfig: Setting CVar [[r.VolumetricFog.HistoryMissSupersampleCount:4]]
[2022.02.10-00.46.50:965][  0]LogConfig: Setting CVar [[r.LightMaxDrawDistanceScale:1]]
[2022.02.10-00.46.50:965][  0]LogConfig: Setting CVar [[r.CapsuleShadows:1]]
[2022.02.10-00.46.50:965][  0]LogConfig: Applying CVar settings from Section [PostProcessQuality@3] File [C:/Users/James/OneDrive/Documents/Unreal Projects/ShoppingMall/Saved/Config/Windows/Scalability.ini]
[2022.02.10-00.46.50:965][  0]LogConfig: Setting CVar [[r.MotionBlurQuality:4]]
[2022.02.10-00.46.50:965][  0]LogConfig: Setting CVar [[r.AmbientOcclusionMipLevelFactor:0.4]]
[2022.02.10-00.46.50:965][  0]LogConfig: Setting CVar [[r.AmbientOcclusionMaxQuality:100]]
[2022.02.10-00.46.50:965][  0]LogConfig: Setting CVar [[r.AmbientOcclusionLevels:-1]]
[2022.02.10-00.46.50:965][  0]LogConfig: Setting CVar [[r.AmbientOcclusionRadiusScale:1.0]]
[2022.02.10-00.46.50:965][  0]LogConfig: Setting CVar [[r.DepthOfFieldQuality:2]]
[2022.02.10-00.46.50:965][  0]LogConfig: Setting CVar [[r.RenderTargetPoolMin:400]]
[2022.02.10-00.46.50:965][  0]LogConfig: Setting CVar [[r.LensFlareQuality:2]]
[2022.02.10-00.46.50:965][  0]LogConfig: Setting CVar [[r.SceneColorFringeQuality:1]]
[2022.02.10-00.46.50:965][  0]LogConfig: Setting CVar [[r.EyeAdaptationQuality:2]]
[2022.02.10-00.46.50:965][  0]LogConfig: Setting CVar [[r.BloomQuality:5]]
[2022.02.10-00.46.50:965][  0]LogConfig: Setting CVar [[r.FastBlurThreshold:100]]
[2022.02.10-00.46.50:965][  0]LogConfig: Setting CVar [[r.Upscale.Quality:3]]
[2022.02.10-00.46.50:965][  0]LogConfig: Setting CVar [[r.Tonemapper.GrainQuantization:1]]
[2022.02.10-00.46.50:965][  0]LogConfig: Setting CVar [[r.LightShaftQuality:1]]
[2022.02.10-00.46.50:965][  0]LogConfig: Setting CVar [[r.Filter.SizeScale:1]]
[2022.02.10-00.46.50:965][  0]LogConfig: Setting CVar [[r.Tonemapper.Quality:5]]
[2022.02.10-00.46.50:965][  0]LogConfig: Setting CVar [[r.DOF.Gather.AccumulatorQuality:1        ; higher gathering accumulator quality]]
[2022.02.10-00.46.50:965][  0]LogConfig: Setting CVar [[r.DOF.Gather.PostfilterMethod:1          ; Median3x3 postfilering method]]
[2022.02.10-00.46.50:965][  0]LogConfig: Setting CVar [[r.DOF.Gather.EnableBokehSettings:0       ; no bokeh simulation when gathering]]
[2022.02.10-00.46.50:965][  0]LogConfig: Setting CVar [[r.DOF.Gather.RingCount:4                 ; medium number of samples when gathering]]
[2022.02.10-00.46.50:965][  0]LogConfig: Setting CVar [[r.DOF.Scatter.ForegroundCompositing:1    ; additive foreground scattering]]
[2022.02.10-00.46.50:965][  0]LogConfig: Setting CVar [[r.DOF.Scatter.BackgroundCompositing:2    ; additive background scattering]]
[2022.02.10-00.46.50:965][  0]LogConfig: Setting CVar [[r.DOF.Scatter.EnableBokehSettings:1      ; bokeh simulation when scattering]]
[2022.02.10-00.46.50:965][  0]LogConfig: Setting CVar [[r.DOF.Scatter.MaxSpriteRatio:0.1         ; only a maximum of 10% of scattered bokeh]]
[2022.02.10-00.46.50:965][  0]LogConfig: Setting CVar [[r.DOF.Recombine.Quality:1                ; cheap slight out of focus]]
[2022.02.10-00.46.50:965][  0]LogConfig: Setting CVar [[r.DOF.Recombine.EnableBokehSettings:0    ; no bokeh simulation on slight out of focus]]
[2022.02.10-00.46.50:965][  0]LogConfig: Setting CVar [[r.DOF.TemporalAAQuality:1                ; more stable temporal accumulation]]
[2022.02.10-00.46.50:965][  0]LogConfig: Setting CVar [[r.DOF.Kernel.MaxForegroundRadius:0.025]]
[2022.02.10-00.46.50:965][  0]LogConfig: Setting CVar [[r.DOF.Kernel.MaxBackgroundRadius:0.025]]
[2022.02.10-00.46.50:965][  0]LogConfig: Applying CVar settings from Section [TextureQuality@3] File [C:/Users/James/OneDrive/Documents/Unreal Projects/ShoppingMall/Saved/Config/Windows/Scalability.ini]
[2022.02.10-00.46.50:965][  0]LogConfig: Setting CVar [[r.Streaming.MipBias:0]]
[2022.02.10-00.46.50:965][  0]LogConfig: Setting CVar [[r.Streaming.AmortizeCPUToGPUCopy:0]]
[2022.02.10-00.46.50:965][  0]LogConfig: Setting CVar [[r.Streaming.MaxNumTexturesToStreamPerFrame:0]]
[2022.02.10-00.46.50:965][  0]LogConfig: Setting CVar [[r.Streaming.Boost:1]]
[2022.02.10-00.46.50:965][  0]LogConfig: Setting CVar [[r.MaxAnisotropy:8]]
[2022.02.10-00.46.50:965][  0]LogConfig: Setting CVar [[r.VT.MaxAnisotropy:8]]
[2022.02.10-00.46.50:965][  0]LogConfig: Setting CVar [[r.Streaming.LimitPoolSizeToVRAM:0]]
[2022.02.10-00.46.50:965][  0]LogConfig: Setting CVar [[r.Streaming.PoolSize:1000]]
[2022.02.10-00.46.50:965][  0]LogConfig: Setting CVar [[r.Streaming.MaxEffectiveScreenSize:0]]
[2022.02.10-00.46.50:965][  0]LogConfig: Applying CVar settings from Section [EffectsQuality@3] File [C:/Users/James/OneDrive/Documents/Unreal Projects/ShoppingMall/Saved/Config/Windows/Scalability.ini]
[2022.02.10-00.46.50:965][  0]LogConfig: Setting CVar [[r.TranslucencyLightingVolumeDim:64]]
[2022.02.10-00.46.50:965][  0]LogConfig: Setting CVar [[r.RefractionQuality:2]]
[2022.02.10-00.46.50:965][  0]LogConfig: Setting CVar [[r.SSR.Quality:3]]
[2022.02.10-00.46.50:965][  0]LogConfig: Setting CVar [[r.SSR.HalfResSceneColor:0]]
[2022.02.10-00.46.50:965][  0]LogConfig: Setting CVar [[r.SceneColorFormat:4]]
[2022.02.10-00.46.50:965][  0]LogConfig: Setting CVar [[r.DetailMode:2]]
[2022.02.10-00.46.50:965][  0]LogConfig: Setting CVar [[r.TranslucencyVolumeBlur:1]]
[2022.02.10-00.46.50:965][  0]LogConfig: Setting CVar [[r.MaterialQualityLevel:1 ; High quality]]
[2022.02.10-00.46.50:965][  0]LogConfig: Setting CVar [[r.AnisotropicMaterials:1]]
[2022.02.10-00.46.50:965][  0]LogConfig: Setting CVar [[r.SSS.Scale:1]]
[2022.02.10-00.46.50:965][  0]LogConfig: Setting CVar [[r.SSS.SampleSet:2]]
[2022.02.10-00.46.50:965][  0]LogConfig: Setting CVar [[r.SSS.Quality:1]]
[2022.02.10-00.46.50:965][  0]LogConfig: Setting CVar [[r.SSS.HalfRes:0]]
[2022.02.10-00.46.50:965][  0]LogConfig: Setting CVar [[r.SSGI.Quality:3]]
[2022.02.10-00.46.50:965][  0]LogConfig: Setting CVar [[r.EmitterSpawnRateScale:1.0]]
[2022.02.10-00.46.50:965][  0]LogConfig: Setting CVar [[r.ParticleLightQuality:2]]
[2022.02.10-00.46.50:965][  0]LogConfig: Setting CVar [[r.SkyAtmosphere.AerialPerspectiveLUT.FastApplyOnOpaque:1 ; Always have FastSkyLUT 1 in this case to avoid wrong sky]]
[2022.02.10-00.46.50:965][  0]LogConfig: Setting CVar [[r.SkyAtmosphere.AerialPerspectiveLUT.SampleCountMaxPerSlice:4]]
[2022.02.10-00.46.50:965][  0]LogConfig: Setting CVar [[r.SkyAtmosphere.AerialPerspectiveLUT.DepthResolution:16.0]]
[2022.02.10-00.46.50:965][  0]LogConfig: Setting CVar [[r.SkyAtmosphere.FastSkyLUT:1]]
[2022.02.10-00.46.50:965][  0]LogConfig: Setting CVar [[r.SkyAtmosphere.FastSkyLUT.SampleCountMin:4.0]]
[2022.02.10-00.46.50:965][  0]LogConfig: Setting CVar [[r.SkyAtmosphere.FastSkyLUT.SampleCountMax:128.0]]
[2022.02.10-00.46.50:965][  0]LogConfig: Setting CVar [[r.SkyAtmosphere.SampleCountMin:4.0]]
[2022.02.10-00.46.50:966][  0]LogConfig: Setting CVar [[r.SkyAtmosphere.SampleCountMax:128.0]]
[2022.02.10-00.46.50:966][  0]LogConfig: Setting CVar [[r.SkyAtmosphere.TransmittanceLUT.UseSmallFormat:0]]
[2022.02.10-00.46.50:966][  0]LogConfig: Setting CVar [[r.SkyAtmosphere.TransmittanceLUT.SampleCount:10.0]]
[2022.02.10-00.46.50:966][  0]LogConfig: Setting CVar [[r.SkyAtmosphere.MultiScatteringLUT.SampleCount:15.0]]
[2022.02.10-00.46.50:966][  0]LogConfig: Setting CVar [[r.SkyLight.RealTimeReflectionCapture:1]]
[2022.02.10-00.46.50:966][  0]LogConfig: Applying CVar settings from Section [FoliageQuality@3] File [C:/Users/James/OneDrive/Documents/Unreal Projects/ShoppingMall/Saved/Config/Windows/Scalability.ini]
[2022.02.10-00.46.50:966][  0]LogConfig: Setting CVar [[foliage.DensityScale:1.0]]
[2022.02.10-00.46.50:966][  0]LogConfig: Setting CVar [[grass.DensityScale:1.0]]
[2022.02.10-00.46.50:966][  0]LogConfig: Applying CVar settings from Section [ShadingQuality@3] File [C:/Users/James/OneDrive/Documents/Unreal Projects/ShoppingMall/Saved/Config/Windows/Scalability.ini]
[2022.02.10-00.46.50:966][  0]LogConfig: Setting CVar [[r.HairStrands.SkyLighting.IntegrationType:2]]
[2022.02.10-00.46.50:966][  0]LogConfig: Setting CVar [[r.HairStrands.SkyAO.SampleCount:4]]
[2022.02.10-00.46.50:966][  0]LogConfig: Setting CVar [[r.HairStrands.Visibility.MSAA.SamplePerPixel:4]]
[2022.02.10-00.46.50:966][  0]LogInit: Selected Device Profile: [Windows]
[2022.02.10-00.46.50:966][  0]LogInit: Applying CVar settings loaded from the selected device profile: [Windows]
[2022.02.10-00.46.50:967][  0]LogHAL: Display: Platform has ~ 64 GB [68647448576 / 68719476736 / 64], which maps to Largest [LargestMinGB=32, LargerMinGB=12, DefaultMinGB=8, SmallerMinGB=6, SmallestMinGB=0)
[2022.02.10-00.46.50:967][  0]LogInit: Going up to parent DeviceProfile []
[2022.02.10-00.46.50:967][  0]LogConfig: Applying CVar settings from Section [ViewDistanceQuality@3] File [C:/Users/James/OneDrive/Documents/Unreal Projects/ShoppingMall/Saved/Config/Windows/Scalability.ini]
[2022.02.10-00.46.50:967][  0]LogConfig: Setting CVar [[r.SkeletalMeshLODBias:0]]
[2022.02.10-00.46.50:967][  0]LogConfig: Setting CVar [[r.ViewDistanceScale:1.0]]
[2022.02.10-00.46.50:967][  0]LogConfig: Applying CVar settings from Section [AntiAliasingQuality@3] File [C:/Users/James/OneDrive/Documents/Unreal Projects/ShoppingMall/Saved/Config/Windows/Scalability.ini]
[2022.02.10-00.46.50:967][  0]LogConfig: Setting CVar [[r.PostProcessAAQuality:4]]
[2022.02.10-00.46.50:967][  0]LogConfig: Applying CVar settings from Section [ShadowQuality@3] File [C:/Users/James/OneDrive/Documents/Unreal Projects/ShoppingMall/Saved/Config/Windows/Scalability.ini]
[2022.02.10-00.46.50:967][  0]LogConfig: Setting CVar [[r.LightFunctionQuality:1]]
[2022.02.10-00.46.50:967][  0]LogConfig: Setting CVar [[r.ShadowQuality:5]]
[2022.02.10-00.46.50:967][  0]LogConfig: Setting CVar [[r.Shadow.CSM.MaxCascades:10]]
[2022.02.10-00.46.50:967][  0]LogConfig: Setting CVar [[r.Shadow.MaxResolution:2048]]
[2022.02.10-00.46.50:967][  0]LogConfig: Setting CVar [[r.Shadow.MaxCSMResolution:2048]]
[2022.02.10-00.46.50:967][  0]LogConfig: Setting CVar [[r.Shadow.RadiusThreshold:0.01]]
[2022.02.10-00.46.50:967][  0]LogConfig: Setting CVar [[r.Shadow.DistanceScale:1.0]]
[2022.02.10-00.46.50:967][  0]LogConfig: Setting CVar [[r.Shadow.CSM.TransitionScale:1.0]]
[2022.02.10-00.46.50:967][  0]LogConfig: Setting CVar [[r.Shadow.PreShadowResolutionFactor:1.0]]
[2022.02.10-00.46.50:967][  0]LogConfig: Setting CVar [[r.DistanceFieldShadowing:1]]
[2022.02.10-00.46.50:967][  0]LogConfig: Setting CVar [[r.DistanceFieldAO:1]]
[2022.02.10-00.46.50:968][  0]LogConfig: Setting CVar [[r.AOQuality:2]]
[2022.02.10-00.46.50:968][  0]LogConfig: Setting CVar [[r.VolumetricFog:1]]
[2022.02.10-00.46.50:968][  0]LogConfig: Setting CVar [[r.VolumetricFog.GridPixelSize:8]]
[2022.02.10-00.46.50:968][  0]LogConfig: Setting CVar [[r.VolumetricFog.GridSizeZ:128]]
[2022.02.10-00.46.50:968][  0]LogConfig: Setting CVar [[r.VolumetricFog.HistoryMissSupersampleCount:4]]
[2022.02.10-00.46.50:968][  0]LogConfig: Setting CVar [[r.LightMaxDrawDistanceScale:1]]
[2022.02.10-00.46.50:968][  0]LogConfig: Setting CVar [[r.CapsuleShadows:1]]
[2022.02.10-00.46.50:968][  0]LogConfig: Applying CVar settings from Section [PostProcessQuality@3] File [C:/Users/James/OneDrive/Documents/Unreal Projects/ShoppingMall/Saved/Config/Windows/Scalability.ini]
[2022.02.10-00.46.50:968][  0]LogConfig: Setting CVar [[r.MotionBlurQuality:4]]
[2022.02.10-00.46.50:968][  0]LogConfig: Setting CVar [[r.AmbientOcclusionMipLevelFactor:0.4]]
[2022.02.10-00.46.50:968][  0]LogConfig: Setting CVar [[r.AmbientOcclusionMaxQuality:100]]
[2022.02.10-00.46.50:968][  0]LogConfig: Setting CVar [[r.AmbientOcclusionLevels:-1]]
[2022.02.10-00.46.50:968][  0]LogConfig: Setting CVar [[r.AmbientOcclusionRadiusScale:1.0]]
[2022.02.10-00.46.50:968][  0]LogConfig: Setting CVar [[r.DepthOfFieldQuality:2]]
[2022.02.10-00.46.50:968][  0]LogConfig: Setting CVar [[r.RenderTargetPoolMin:400]]
[2022.02.10-00.46.50:968][  0]LogConfig: Setting CVar [[r.LensFlareQuality:2]]
[2022.02.10-00.46.50:968][  0]LogConfig: Setting CVar [[r.SceneColorFringeQuality:1]]
[2022.02.10-00.46.50:968][  0]LogConfig: Setting CVar [[r.EyeAdaptationQuality:2]]
[2022.02.10-00.46.50:968][  0]LogConfig: Setting CVar [[r.BloomQuality:5]]
[2022.02.10-00.46.50:968][  0]LogConfig: Setting CVar [[r.FastBlurThreshold:100]]
[2022.02.10-00.46.50:968][  0]LogConfig: Setting CVar [[r.Upscale.Quality:3]]
[2022.02.10-00.46.50:968][  0]LogConfig: Setting CVar [[r.Tonemapper.GrainQuantization:1]]
[2022.02.10-00.46.50:968][  0]LogConfig: Setting CVar [[r.LightShaftQuality:1]]
[2022.02.10-00.46.50:968][  0]LogConfig: Setting CVar [[r.Filter.SizeScale:1]]
[2022.02.10-00.46.50:968][  0]LogConfig: Setting CVar [[r.Tonemapper.Quality:5]]
[2022.02.10-00.46.50:968][  0]LogConfig: Setting CVar [[r.DOF.Gather.AccumulatorQuality:1        ; higher gathering accumulator quality]]
[2022.02.10-00.46.50:968][  0]LogConfig: Setting CVar [[r.DOF.Gather.PostfilterMethod:1          ; Median3x3 postfilering method]]
[2022.02.10-00.46.50:968][  0]LogConfig: Setting CVar [[r.DOF.Gather.EnableBokehSettings:0       ; no bokeh simulation when gathering]]
[2022.02.10-00.46.50:968][  0]LogConfig: Setting CVar [[r.DOF.Gather.RingCount:4                 ; medium number of samples when gathering]]
[2022.02.10-00.46.50:968][  0]LogConfig: Setting CVar [[r.DOF.Scatter.ForegroundCompositing:1    ; additive foreground scattering]]
[2022.02.10-00.46.50:968][  0]LogConfig: Setting CVar [[r.DOF.Scatter.BackgroundCompositing:2    ; additive background scattering]]
[2022.02.10-00.46.50:968][  0]LogConfig: Setting CVar [[r.DOF.Scatter.EnableBokehSettings:1      ; bokeh simulation when scattering]]
[2022.02.10-00.46.50:968][  0]LogConfig: Setting CVar [[r.DOF.Scatter.MaxSpriteRatio:0.1         ; only a maximum of 10% of scattered bokeh]]
[2022.02.10-00.46.50:968][  0]LogConfig: Setting CVar [[r.DOF.Recombine.Quality:1                ; cheap slight out of focus]]
[2022.02.10-00.46.50:968][  0]LogConfig: Setting CVar [[r.DOF.Recombine.EnableBokehSettings:0    ; no bokeh simulation on slight out of focus]]
[2022.02.10-00.46.50:968][  0]LogConfig: Setting CVar [[r.DOF.TemporalAAQuality:1                ; more stable temporal accumulation]]
[2022.02.10-00.46.50:968][  0]LogConfig: Setting CVar [[r.DOF.Kernel.MaxForegroundRadius:0.025]]
[2022.02.10-00.46.50:968][  0]LogConfig: Setting CVar [[r.DOF.Kernel.MaxBackgroundRadius:0.025]]
[2022.02.10-00.46.50:968][  0]LogConfig: Applying CVar settings from Section [TextureQuality@3] File [C:/Users/James/OneDrive/Documents/Unreal Projects/ShoppingMall/Saved/Config/Windows/Scalability.ini]
[2022.02.10-00.46.50:968][  0]LogConfig: Setting CVar [[r.Streaming.MipBias:0]]
[2022.02.10-00.46.50:968][  0]LogConfig: Setting CVar [[r.Streaming.AmortizeCPUToGPUCopy:0]]
[2022.02.10-00.46.50:968][  0]LogConfig: Setting CVar [[r.Streaming.MaxNumTexturesToStreamPerFrame:0]]
[2022.02.10-00.46.50:968][  0]LogConfig: Setting CVar [[r.Streaming.Boost:1]]
[2022.02.10-00.46.50:968][  0]LogConfig: Setting CVar [[r.MaxAnisotropy:8]]
[2022.02.10-00.46.50:968][  0]LogConfig: Setting CVar [[r.VT.MaxAnisotropy:8]]
[2022.02.10-00.46.50:968][  0]LogConfig: Setting CVar [[r.Streaming.LimitPoolSizeToVRAM:0]]
[2022.02.10-00.46.50:968][  0]LogConfig: Setting CVar [[r.Streaming.PoolSize:1000]]
[2022.02.10-00.46.50:968][  0]LogConfig: Setting CVar [[r.Streaming.MaxEffectiveScreenSize:0]]
[2022.02.10-00.46.50:968][  0]LogConfig: Applying CVar settings from Section [EffectsQuality@3] File [C:/Users/James/OneDrive/Documents/Unreal Projects/ShoppingMall/Saved/Config/Windows/Scalability.ini]
[2022.02.10-00.46.50:968][  0]LogConfig: Setting CVar [[r.TranslucencyLightingVolumeDim:64]]
[2022.02.10-00.46.50:968][  0]LogConfig: Setting CVar [[r.RefractionQuality:2]]
[2022.02.10-00.46.50:968][  0]LogConfig: Setting CVar [[r.SSR.Quality:3]]
[2022.02.10-00.46.50:968][  0]LogConfig: Setting CVar [[r.SSR.HalfResSceneColor:0]]
[2022.02.10-00.46.50:968][  0]LogConfig: Setting CVar [[r.SceneColorFormat:4]]
[2022.02.10-00.46.50:968][  0]LogConfig: Setting CVar [[r.DetailMode:2]]
[2022.02.10-00.46.50:968][  0]LogConfig: Setting CVar [[r.TranslucencyVolumeBlur:1]]
[2022.02.10-00.46.50:968][  0]LogConfig: Setting CVar [[r.MaterialQualityLevel:1 ; High quality]]
[2022.02.10-00.46.50:968][  0]LogConfig: Setting CVar [[r.AnisotropicMaterials:1]]
[2022.02.10-00.46.50:968][  0]LogConfig: Setting CVar [[r.SSS.Scale:1]]
[2022.02.10-00.46.50:968][  0]LogConfig: Setting CVar [[r.SSS.SampleSet:2]]
[2022.02.10-00.46.50:968][  0]LogConfig: Setting CVar [[r.SSS.Quality:1]]
[2022.02.10-00.46.50:968][  0]LogConfig: Setting CVar [[r.SSS.HalfRes:0]]
[2022.02.10-00.46.50:968][  0]LogConfig: Setting CVar [[r.SSGI.Quality:3]]
[2022.02.10-00.46.50:968][  0]LogConfig: Setting CVar [[r.EmitterSpawnRateScale:1.0]]
[2022.02.10-00.46.50:968][  0]LogConfig: Setting CVar [[r.ParticleLightQuality:2]]
[2022.02.10-00.46.50:968][  0]LogConfig: Setting CVar [[r.SkyAtmosphere.AerialPerspectiveLUT.FastApplyOnOpaque:1 ; Always have FastSkyLUT 1 in this case to avoid wrong sky]]
[2022.02.10-00.46.50:968][  0]LogConfig: Setting CVar [[r.SkyAtmosphere.AerialPerspectiveLUT.SampleCountMaxPerSlice:4]]
[2022.02.10-00.46.50:968][  0]LogConfig: Setting CVar [[r.SkyAtmosphere.AerialPerspectiveLUT.DepthResolution:16.0]]
[2022.02.10-00.46.50:968][  0]LogConfig: Setting CVar [[r.SkyAtmosphere.FastSkyLUT:1]]
[2022.02.10-00.46.50:968][  0]LogConfig: Setting CVar [[r.SkyAtmosphere.FastSkyLUT.SampleCountMin:4.0]]
[2022.02.10-00.46.50:968][  0]LogConfig: Setting CVar [[r.SkyAtmosphere.FastSkyLUT.SampleCountMax:128.0]]
[2022.02.10-00.46.50:968][  0]LogConfig: Setting CVar [[r.SkyAtmosphere.SampleCountMin:4.0]]
[2022.02.10-00.46.50:968][  0]LogConfig: Setting CVar [[r.SkyAtmosphere.SampleCountMax:128.0]]
[2022.02.10-00.46.50:968][  0]LogConfig: Setting CVar [[r.SkyAtmosphere.TransmittanceLUT.UseSmallFormat:0]]
[2022.02.10-00.46.50:968][  0]LogConfig: Setting CVar [[r.SkyAtmosphere.TransmittanceLUT.SampleCount:10.0]]
[2022.02.10-00.46.50:968][  0]LogConfig: Setting CVar [[r.SkyAtmosphere.MultiScatteringLUT.SampleCount:15.0]]
[2022.02.10-00.46.50:968][  0]LogConfig: Setting CVar [[r.SkyLight.RealTimeReflectionCapture:1]]
[2022.02.10-00.46.50:968][  0]LogConfig: Applying CVar settings from Section [FoliageQuality@3] File [C:/Users/James/OneDrive/Documents/Unreal Projects/ShoppingMall/Saved/Config/Windows/Scalability.ini]
[2022.02.10-00.46.50:968][  0]LogConfig: Setting CVar [[foliage.DensityScale:1.0]]
[2022.02.10-00.46.50:969][  0]LogConfig: Setting CVar [[grass.DensityScale:1.0]]
[2022.02.10-00.46.50:969][  0]LogConfig: Applying CVar settings from Section [ShadingQuality@3] File [C:/Users/James/OneDrive/Documents/Unreal Projects/ShoppingMall/Saved/Config/Windows/Scalability.ini]
[2022.02.10-00.46.50:969][  0]LogConfig: Setting CVar [[r.HairStrands.SkyLighting.IntegrationType:2]]
[2022.02.10-00.46.50:969][  0]LogConfig: Setting CVar [[r.HairStrands.SkyAO.SampleCount:4]]
[2022.02.10-00.46.50:969][  0]LogConfig: Setting CVar [[r.HairStrands.Visibility.MSAA.SamplePerPixel:4]]
[2022.02.10-00.46.50:969][  0]LogConfig: Applying CVar settings from Section [Startup] File [../../../Engine/Config/ConsoleVariables.ini]
[2022.02.10-00.46.50:969][  0]LogConfig: Setting CVar [[net.UseAdaptiveNetUpdateFrequency:0]]
[2022.02.10-00.46.50:969][  0]LogConfig: Setting CVar [[p.chaos.AllowCreatePhysxBodies:1]]
[2022.02.10-00.46.50:969][  0]LogConfig: Setting CVar [[fx.SkipVectorVMBackendOptimizations:1]]
[2022.02.10-00.46.50:969][  0]LogConfig: Applying CVar settings from Section [ConsoleVariables] File [C:/Users/James/OneDrive/Documents/Unreal Projects/ShoppingMall/Saved/Config/Windows/Engine.ini]
[2022.02.10-00.46.50:969][  0]LogConfig: Applying CVar settings from Section [ConsoleVariables] File [C:/Users/James/OneDrive/Documents/Unreal Projects/ShoppingMall/Saved/Config/Windows/Editor.ini]
[2022.02.10-00.46.50:970][  0]LogInit: Computer: DESKTOP-DQ311UG
[2022.02.10-00.46.50:970][  0]LogInit: User: James
[2022.02.10-00.46.50:970][  0]LogInit: CPU Page size=4096, Cores=8
[2022.02.10-00.46.50:970][  0]LogInit: High frequency timer resolution =10.000000 MHz
[2022.02.10-00.46.50:970][  0]LogMemory: Memory total: Physical=63.9GB (64GB approx)
[2022.02.10-00.46.50:970][  0]LogMemory: Platform Memory Stats for Windows
[2022.02.10-00.46.50:970][  0]LogMemory: Process Physical Memory: 146.89 MB used, 146.89 MB peak
[2022.02.10-00.46.50:970][  0]LogMemory: Process Virtual Memory: 133.14 MB used, 133.14 MB peak
[2022.02.10-00.46.50:970][  0]LogMemory: Physical Memory: 7865.22 MB used,  57602.09 MB free, 65467.31 MB total
[2022.02.10-00.46.50:970][  0]LogMemory: Virtual Memory: 134152824.00 MB used,  64899.96 MB free, 134217728.00 MB total
[2022.02.10-00.46.50:976][  0]LogWindows: WindowsPlatformFeatures enabled
[2022.02.10-00.46.51:161][  0]LogInit: Physics initialised using underlying interface: PhysX
[2022.02.10-00.46.51:163][  0]LogInit: Using OS detected language (en-US).
[2022.02.10-00.46.51:163][  0]LogInit: Using OS detected locale (en-US).
[2022.02.10-00.46.51:181][  0]LogTextLocalizationManager: No specific localization for 'en-US' exists, so the 'en' localization will be used.
[2022.02.10-00.46.51:459][  0]LogInit: Setting process to per monitor DPI aware
[2022.02.10-00.46.51:484][  0]LogWindowsTextInputMethodSystem: Display: IME system deactivated.
[2022.02.10-00.46.51:522][  0]LogSlate: New Slate User Created.  User Index 0, Is Virtual User: 0
[2022.02.10-00.46.51:522][  0]LogSlate: Slate User Registered.  User Index 0, Is Virtual User: 0
[2022.02.10-00.46.51:826][  0]LogD3D11RHI: Loaded GFSDK_Aftermath_Lib.x64.dll
[2022.02.10-00.46.51:832][  0]LogHMD: Failed to initialize OpenVR with code 100
[2022.02.10-00.46.51:832][  0]LogD3D11RHI: D3D11 min allowed feature level: 11_0
[2022.02.10-00.46.51:832][  0]LogD3D11RHI: D3D11 max allowed feature level: 11_0
[2022.02.10-00.46.51:832][  0]LogD3D11RHI: D3D11 adapters:
[2022.02.10-00.46.51:949][  0]LogD3D11RHI:    0. 'NVIDIA GeForce RTX 2080' (Feature Level 11_0)
[2022.02.10-00.46.51:949][  0]LogD3D11RHI:       8010/0/32733 MB DedicatedVideo/DedicatedSystem/SharedSystem, Outputs:3, VendorId:0x10de
[2022.02.10-00.46.51:951][  0]LogD3D11RHI:    1. 'Microsoft Basic Render Driver' (Feature Level 11_0)
[2022.02.10-00.46.51:951][  0]LogD3D11RHI:       0/0/32733 MB DedicatedVideo/DedicatedSystem/SharedSystem, Outputs:0, VendorId:0x1414
[2022.02.10-00.46.51:951][  0]LogD3D11RHI: Chosen D3D11 Adapter:
[2022.02.10-00.46.51:951][  0]LogD3D11RHI:     Description : NVIDIA GeForce RTX 2080
[2022.02.10-00.46.51:951][  0]LogD3D11RHI:     VendorId    : 10de
[2022.02.10-00.46.51:951][  0]LogD3D11RHI:     DeviceId    : 1e82
[2022.02.10-00.46.51:951][  0]LogD3D11RHI:     SubSysId    : 37c11458
[2022.02.10-00.46.51:951][  0]LogD3D11RHI:     Revision    : 00a1
[2022.02.10-00.46.51:951][  0]LogD3D11RHI:     DedicatedVideoMemory : 8399093760 bytes
[2022.02.10-00.46.51:952][  0]LogD3D11RHI:     DedicatedSystemMemory : 0 bytes
[2022.02.10-00.46.51:952][  0]LogD3D11RHI:     SharedSystemMemory : 34323724288 bytes
[2022.02.10-00.46.51:952][  0]LogD3D11RHI:     AdapterLuid : 0 47454
[2022.02.10-00.46.51:957][  0]LogD3D11RHI: Creating new Direct3DDevice
[2022.02.10-00.46.51:957][  0]LogD3D11RHI:     GPU DeviceId: 0x1e82 (for the marketing name, search the web for "GPU Device Id")
[2022.02.10-00.46.51:957][  0]LogWindows: EnumDisplayDevices:
[2022.02.10-00.46.51:957][  0]LogWindows:    0. 'NVIDIA GeForce RTX 2080' (P:1 D:1)
[2022.02.10-00.46.51:958][  0]LogWindows:    1. 'NVIDIA GeForce RTX 2080' (P:0 D:1)
[2022.02.10-00.46.51:958][  0]LogWindows:    2. 'NVIDIA GeForce RTX 2080' (P:0 D:1)
[2022.02.10-00.46.51:958][  0]LogWindows:    3. 'NVIDIA GeForce RTX 2080' (P:0 D:0)
[2022.02.10-00.46.51:959][  0]LogWindows: DebugString: FoundDriverCount:4 
[2022.02.10-00.46.51:959][  0]LogD3D11RHI:     Adapter Name: NVIDIA GeForce RTX 2080
[2022.02.10-00.46.51:959][  0]LogD3D11RHI:   Driver Version: 511.23 (internal:30.0.15.1123, unified:511.23)
[2022.02.10-00.46.51:959][  0]LogD3D11RHI:      Driver Date: 1-10-2022
[2022.02.10-00.46.51:959][  0]LogRHI: Texture pool is 5607 MB (70% of 8010 MB)
[2022.02.10-00.46.51:959][  0]LogD3D11RHI: Creating D3DDevice using adapter:
[2022.02.10-00.46.51:959][  0]LogD3D11RHI:     Description : NVIDIA GeForce RTX 2080
[2022.02.10-00.46.51:959][  0]LogD3D11RHI:     VendorId    : 10de
[2022.02.10-00.46.51:959][  0]LogD3D11RHI:     DeviceId    : 1e82
[2022.02.10-00.46.51:959][  0]LogD3D11RHI:     SubSysId    : 37c11458
[2022.02.10-00.46.51:959][  0]LogD3D11RHI:     Revision    : 00a1
[2022.02.10-00.46.51:959][  0]LogD3D11RHI:     DedicatedVideoMemory : 8399093760 bytes
[2022.02.10-00.46.51:959][  0]LogD3D11RHI:     DedicatedSystemMemory : 0 bytes
[2022.02.10-00.46.51:959][  0]LogD3D11RHI:     SharedSystemMemory : 34323724288 bytes
[2022.02.10-00.46.51:959][  0]LogD3D11RHI:     AdapterLuid : 0 47454
[2022.02.10-00.46.52:015][  0]LogD3D11RHI: RHI has support for 64 bit atomics
[2022.02.10-00.46.52:015][  0]LogD3D11RHI: Async texture creation enabled
[2022.02.10-00.46.52:015][  0]LogD3D11RHI: Array index from any shader is supported
[2022.02.10-00.46.52:050][  0]LogD3D11RHI: GPU Timing Frequency: 1000.000000 (Debug: 2 1)
[2022.02.10-00.46.52:123][  0]LogRHI: GeForceNow SDK initialized: 1
[2022.02.10-00.46.52:478][  0]LogTargetPlatformManager: Display: Loaded TargetPlatform 'AllDesktop'
[2022.02.10-00.46.52:502][  0]LogTargetPlatformManager: Display: Loaded TargetPlatform 'Android'
[2022.02.10-00.46.52:502][  0]LogTargetPlatformManager: Display: Loaded TargetPlatform 'Android_ASTC'
[2022.02.10-00.46.52:502][  0]LogTargetPlatformManager: Display: Loaded TargetPlatform 'Android_DXT'
[2022.02.10-00.46.52:502][  0]LogTargetPlatformManager: Display: Loaded TargetPlatform 'Android_ETC2'
[2022.02.10-00.46.52:502][  0]LogTargetPlatformManager: Display: Loaded TargetPlatform 'AndroidClient'
[2022.02.10-00.46.52:502][  0]LogTargetPlatformManager: Display: Loaded TargetPlatform 'Android_ASTCClient'
[2022.02.10-00.46.52:502][  0]LogTargetPlatformManager: Display: Loaded TargetPlatform 'Android_DXTClient'
[2022.02.10-00.46.52:503][  0]LogTargetPlatformManager: Display: Loaded TargetPlatform 'Android_ETC2Client'
[2022.02.10-00.46.52:503][  0]LogTargetPlatformManager: Display: Loaded TargetPlatform 'Android_Multi'
[2022.02.10-00.46.52:503][  0]LogTargetPlatformManager: Display: Loaded TargetPlatform 'Android_MultiClient'
[2022.02.10-00.46.52:540][  0]LogTargetPlatformManager: Display: Loaded TargetPlatform 'IOSClient'
[2022.02.10-00.46.52:540][  0]LogTargetPlatformManager: Display: Loaded TargetPlatform 'IOS'
[2022.02.10-00.46.52:555][  0]LogTargetPlatformManager: Display: Loaded TargetPlatform 'Linux'
[2022.02.10-00.46.52:564][  0]LogTargetPlatformManager: Display: Loaded TargetPlatform 'LinuxNoEditor'
[2022.02.10-00.46.52:573][  0]LogTargetPlatformManager: Display: Loaded TargetPlatform 'LinuxClient'
[2022.02.10-00.46.52:583][  0]LogTargetPlatformManager: Display: Loaded TargetPlatform 'LinuxServer'
[2022.02.10-00.46.52:597][  0]LogTargetPlatformManager: Display: Loaded TargetPlatform 'LinuxAArch64NoEditor'
[2022.02.10-00.46.52:606][  0]LogTargetPlatformManager: Display: Loaded TargetPlatform 'LinuxAArch64Client'
[2022.02.10-00.46.52:616][  0]LogTargetPlatformManager: Display: Loaded TargetPlatform 'LinuxAArch64Server'
[2022.02.10-00.46.52:641][  0]LogTargetPlatformManager: Display: Loaded TargetPlatform 'Lumin'
[2022.02.10-00.46.52:641][  0]LogTargetPlatformManager: Display: Loaded TargetPlatform 'LuminClient'
[2022.02.10-00.46.52:655][  0]LogTargetPlatformManager: Display: Loaded TargetPlatform 'MacNoEditor'
[2022.02.10-00.46.52:665][  0]LogTargetPlatformManager: Display: Loaded TargetPlatform 'Mac'
[2022.02.10-00.46.52:674][  0]LogTargetPlatformManager: Display: Loaded TargetPlatform 'MacClient'
[2022.02.10-00.46.52:682][  0]LogTargetPlatformManager: Display: Loaded TargetPlatform 'MacServer'
[2022.02.10-00.46.52:695][  0]LogTargetPlatformManager: Display: Loaded TargetPlatform 'TVOSClient'
[2022.02.10-00.46.52:695][  0]LogTargetPlatformManager: Display: Loaded TargetPlatform 'TVOS'
[2022.02.10-00.46.52:708][  0]LogTargetPlatformManager: Display: Loaded TargetPlatform 'WindowsNoEditor'
[2022.02.10-00.46.52:719][  0]LogTargetPlatformManager: Display: Loaded TargetPlatform 'Windows'
[2022.02.10-00.46.52:728][  0]LogTargetPlatformManager: Display: Loaded TargetPlatform 'WindowsClient'
[2022.02.10-00.46.52:737][  0]LogTargetPlatformManager: Display: Loaded TargetPlatform 'WindowsServer'
[2022.02.10-00.46.52:737][  0]LogTargetPlatformManager: Display: Building Assets For Windows
[2022.02.10-00.46.52:945][  0]LogAudioDebug: Display: Lib vorbis DLL was dynamically loaded.
[2022.02.10-00.46.53:069][  0]LogTextureFormatOodle: Display: Oodle Texture 2.9.0 init RDO Off
[2022.02.10-00.46.53:355][  0]LogRendererCore: Ray tracing is disabled. Reason: r.RayTracing=0.
[2022.02.10-00.46.53:356][  0]LogShaderCompilers: Guid format shader working directory is -16 characters bigger than the processId version (C:/Users/James/OneDrive/Documents/Unreal Projects/ShoppingMall/Intermediate/Shaders/WorkingDirectory/7200/).
[2022.02.10-00.46.53:356][  0]LogShaderCompilers: Cleaned the shader compiler working directory 'C:/Users/James/AppData/Local/Temp/UnrealShaderWorkingDir/35FA6B34494740D15F6FD6ACDCA8A9FB/'.
[2022.02.10-00.46.53:357][  0]LogXGEController: Cannot use XGE Controller as Incredibuild is not installed on this machine.
[2022.02.10-00.46.53:357][  0]LogShaderCompilers: Cannot use XGE Shader Compiler as Incredibuild is not installed on this machine.
[2022.02.10-00.46.53:357][  0]LogShaderCompilers: Display: Using Local Shader Compiler.
[2022.02.10-00.46.54:136][  0]LogDerivedDataCache: Display: Max Cache Size: 512 MB
[2022.02.10-00.46.54:382][  0]LogDerivedDataCache: Loaded boot cache 0.25s 94MB C:/Users/James/AppData/Local/UnrealEngine/4.27/DerivedDataCache/Boot.ddc.
[2022.02.10-00.46.54:382][  0]LogDerivedDataCache: Display: Loaded Boot cache: C:/Users/James/AppData/Local/UnrealEngine/4.27/DerivedDataCache/Boot.ddc
[2022.02.10-00.46.54:382][  0]LogDerivedDataCache: FDerivedDataBackendGraph:  Pak pak cache file C:/Users/James/OneDrive/Documents/Unreal Projects/ShoppingMall/DerivedDataCache/DDC.ddp not found, will not use a pak cache.
[2022.02.10-00.46.54:382][  0]LogDerivedDataCache: Unable to find inner node Pak for hierarchical cache Hierarchy.
[2022.02.10-00.46.54:382][  0]LogDerivedDataCache: FDerivedDataBackendGraph:  CompressedPak pak cache file C:/Users/James/OneDrive/Documents/Unreal Projects/ShoppingMall/DerivedDataCache/Compressed.ddp not found, will not use a pak cache.
[2022.02.10-00.46.54:382][  0]LogDerivedDataCache: Unable to find inner node CompressedPak for hierarchical cache Hierarchy.
[2022.02.10-00.46.54:399][  0]LogDerivedDataCache: Display: Pak cache opened for reading ../../../Engine/DerivedDataCache/Compressed.ddp.
[2022.02.10-00.46.54:399][  0]LogDerivedDataCache: FDerivedDataBackendGraph:  EnterprisePak pak cache file ../../../Enterprise/DerivedDataCache/Compressed.ddp not found, will not use a pak cache.
[2022.02.10-00.46.54:399][  0]LogDerivedDataCache: Unable to find inner node EnterprisePak for hierarchical cache Hierarchy.
[2022.02.10-00.46.54:407][  0]LogDerivedDataCache: Speed tests for C:/Users/James/AppData/Local/UnrealEngine/Common/DerivedDataCache took 0.01 seconds
[2022.02.10-00.46.54:407][  0]LogDerivedDataCache: Display: Performance to C:/Users/James/AppData/Local/UnrealEngine/Common/DerivedDataCache: Latency=0.06ms. RandomReadSpeed=850.04MBs, RandomWriteSpeed=147.49MBs. Assigned SpeedClass 'Local'
[2022.02.10-00.46.54:408][  0]LogDerivedDataCache: Using Local data cache path C:/Users/James/AppData/Local/UnrealEngine/Common/DerivedDataCache: Writable
[2022.02.10-00.46.54:408][  0]LogDerivedDataCache: Shared data cache path not found in *engine.ini, will not use an Shared cache.
[2022.02.10-00.46.54:408][  0]LogDerivedDataCache: Unable to find inner node Shared for hierarchical cache Hierarchy.
[2022.02.10-00.46.54:450][  0]LogSlate: Using FreeType 2.10.0
[2022.02.10-00.46.54:452][  0]LogSlate: SlateFontServices - WITH_FREETYPE: 1, WITH_HARFBUZZ: 1
[2022.02.10-00.46.54:555][  0]LogAssetRegistry: FAssetRegistry took 0.0045 seconds to start up
[2022.02.10-00.46.54:931][  0]LogInit: Selected Device Profile: [Windows]
[2022.02.10-00.46.54:931][  0]LogInit: Active device profile: [000001F48A7A4700][000001F483C52A40 49] Windows
[2022.02.10-00.46.54:931][  0]LogInit: Profiles: [000001F48A7A4700][000001F483C52A40 49] Windows, [000001F48A76F700][000001F483C56B80 49] WindowsNoEditor, [000001F48A7A7300][000001F483C5ED00 49] WindowsServer, [000001F48A76CF00][000001F483C62E80 49] WindowsClient, [000001F48A7A7500][000001F483C67000 49] IOS, [000001F48A727F00][000001F48A1B7180 49] iPadAir, [000001F48A76FB00][000001F48A1BB300 49] iPadAir2, [000001F48A6F0500][000001F48A1C35C0 49] IPadPro, [000001F48A6F0600][000001F48A1BF600 49] iPadAir3, [000001F48A724100][000001F48A1C7780 49] iPadAir4, [000001F48A6F2C00][000001F48A1CB900 49] iPadMini2, [000001F48A726500][000001F48A1CFA80 49] iPadMini3, [000001F48A6F3400][000001F48A1D3C00 49] iPadMini4, [000001F48A724F00][000001F48A1D6200 49] iPadMini5, [000001F48A6E3E00][000001F4875FC4C0 49] iPhone6, [000001F48A6E3F00][000001F48A1DA500 49] iPodTouch6, [000001F48A7A7900][000001F4876047C0 49] iPhone7, [000001F48A7A6100][000001F487600800 49] iPodTouch7, [000001F48A6E0400][000001F483C5A940 49] iPhone5S, [000001F48A6F3D00][000001F487608A80 49] iPhone6Plus, [000001F48A7A7400][000001F48760CBC0 49] iPhone6S, [000001F48A6F2000][000001F487610D00 49] iPhone6SPlus, [000001F48A7A4900][000001F487618E80 49] iPhone7Plus, [000001F48A6F0E00][000001F48761D000 49] iPhoneSE, [000001F48A7A4200][000001F487621180 49] iPhone8, [000001F48A6F2400][000001F487625300 49] iPhone8Plus, [000001F48A7A5E00][000001F487629480 49] iPhoneX, [000001F48A6F3E00][000001F48762D600 49] iPhoneXS, [000001F48A7A5600][000001F487631780 49] iPhoneXSMax, [000001F48A6F2500][000001F487635900 49] iPhoneXR, [000001F48A7A6A00][000001F487639A80 49] iPhone11, [000001F48A6F3A00][000001F48763DC00 49] iPhone11Pro, [000001F48A7A4F00][000001F487640200 49] iPhone11ProMax, [000001F48A6F2300][000001F487644380 49] iPhoneSE2, [000001F48A7A6700][000001F48B35C500 49] iPhone12Mini, [000001F48A6F0700][000001F48B360680 49] iPhone12, [000001F48A7A7100][000001F48B364800 49] iPhone12Pro, [000001F48A6F3500][000001F48B368980 49] iPhone12ProMax, [000001F48A7A4800][000001F48B36CB00 49] iPadPro105, [000001F48A6F1C00][000001F487614C40 49] iPadPro129, [000001F48A7A4300][000001F48B370D80 49] iPadPro97, [000001F48A6F1D00][000001F48B374F00 49] iPadPro2_129, [000001F48A7A4C00][000001F48B37D080 49] iPad5, [000001F48A6F3000][000001F48B381200 49] iPad6, [000001F48A7A6C00][000001F48B385380 49] iPad7, [000001F48A6F2E00][000001F48B389500 49] iPad8, [000001F48A7A5800][000001F48B38D680 49] iPadPro11, [000001F48A6F1B00][000001F48B391800 49] iPadPro2_11, [000001F48A7A5500][000001F48B395980 49] iPadPro3_129, [000001F48A6F2700][000001F48B399B00 49] iPadPro4_129, [000001F48A7A4100][000001F48B39C100 49] AppleTV, [000001F48A6F2B00][000001F48B3A0280 49] AppleTV4K, [000001F48A7A5B00][000001F48B3A4400 49] TVOS, [000001F48A6F0900][000001F48B3A8580 49] Mac, [000001F48A7A5700][000001F48B3AC700 49] MacClient, [000001F48A6F2F00][000001F48B3B0880 49] MacNoEditor, [000001F48A7A4D00][000001F48B3B4A00 49] MacServer, [000001F48A6F0300][000001F48B3B8B80 49] Linux, [000001F48A7A6E00][000001F48B3BCD00 49] LinuxAArch64, [000001F48A6F1500][000001F48B378E40 49] LinuxNoEditor, [000001F48A7A6400][000001F48B3C0F80 49] LinuxAArch64NoEditor, [000001F48A6F0200][000001F48B3C50C0 49] LinuxClient, [000001F48A7A6D00][000001F48B3CD240 49] LinuxAArch64Client, [000001F48A6F0C00][000001F48B3D13C0 49] LinuxServer, [000001F48A7A4400][000001F48B3D5540 49] LinuxAArch64Server, [000001F48A6F1000][000001F48B3D96C0 49] Android, [000001F48A727900][000001F48B3DD840 49] Android_Low, [000001F48A6E1B00][000001F48B3E19C0 49] Android_Mid, [000001F48A727000][000001F48B3E5B40 49] Android_High, [000001F48A6E2300][000001F48B3E8140 49] Android_Default, [000001F48A726000][000001F48B3EC2C0 49] Android_Adreno4xx, [000001F48A6E0100][000001F48B3F0440 49] Android_Adreno5xx_Low, [000001F48A724B00][000001F48B3F45C0 49] Android_Adreno5xx, [000001F48A6E1800][000001F48B3F8740 49] Android_Adreno6xx, [000001F48A725100][000001F48B3FC8C0 49] Android_Adreno6xx_Vulkan, [000001F48A6E0800][000001F48B400A40 49] Android_Mali_T6xx, [000001F48A727600][000001F48B404BC0 49] Android_Mali_T7xx, [000001F48A6E0D00][000001F48B408D40 49] Android_Mali_T8xx, [000001F48A727C00][000001F48B40CEC0 49] Android_Mali_G71, [000001F48A6E1500][000001F48B3C9000 49] Android_Mali_G72, [000001F48A727E00][000001F48B411140 49] Android_Mali_G72_Vulkan, [000001F48A6E3D00][000001F48B415280 49] Android_Mali_G76, [000001F48A727A00][000001F48B4193C0 49] Android_Mali_G76_Vulkan, [000001F48A6E3600][000001F48B421540 49] Android_Mali_G77, [000001F48A726200][000001F48B4256C0 49] Android_Mali_G77_Vulkan, [000001F48A6E1200][000001F48B429840 49] Android_Mali_G78, [000001F48A724A00][000001F48B42D9C0 49] Android_Mali_G78_Vulkan, [000001F48A6E3000][000001F48B431B40 49] Android_Mali_G710, [000001F48A725400][000001F48B434140 49] Android_Mali_G710_Vulkan, [000001F48A6E0700][000001F48B4382C0 49] Android_Vulkan_SM5, [000001F48A725800][000001F48B43C440 49] Android_PowerVR_G6xxx, [000001F48A6E0E00][000001F48B4405C0 49] Android_PowerVR_GT7xxx, [000001F48A724200][000001F48B444740 49] Android_PowerVR_GE8xxx, [000001F48A6E0600][000001F48B4488C0 49] Android_PowerVR_GM9xxx, [000001F48A726600][000001F48B44CA40 49] Android_PowerVR_GM9xxx_Vulkan, [000001F48A6F0F00][000001F48B450BC0 49] Android_TegraK1, [000001F48A726A00][000001F48B454D40 49] Android_Unknown_Vulkan, [000001F48A6F0D00][000001F48B458EC0 49] Lumin, [000001F48A725200][000001F48B45D040 49] Lumin_Desktop, [000001F48A6F0B00][000001F48B41D180 49] HoloLens, 
[2022.02.10-00.46.55:186][  0]LogMeshReduction: Using QuadricMeshReduction for automatic static mesh reduction
[2022.02.10-00.46.55:186][  0]LogMeshReduction: Using SimplygonMeshReduction for automatic skeletal mesh reduction
[2022.02.10-00.46.55:186][  0]LogMeshReduction: Using ProxyLODMeshReduction for automatic mesh merging
[2022.02.10-00.46.55:186][  0]LogMeshReduction: No distributed automatic mesh merging module available
[2022.02.10-00.46.55:186][  0]LogMeshMerging: No distributed automatic mesh merging module available
[2022.02.10-00.46.55:232][  0]LogMeshUtilities: Finished distance field build in 0.0s - 14x8x8 distance field, 4528 triangles, Range [-0.1, 0.6], MatineeCam_SM
[2022.02.10-00.46.55:232][  0]LogNetVersion: ShoppingMall 1.0.0, NetCL: 17155196, EngineNetVer: 17, GameNetVer: 0 (Checksum: 2744854484)
[2022.02.10-00.46.56:695][  0]LogMeshUtilities: Finished distance field build in 0.4s - 64x64x20 distance field, 2048 triangles, Range [-0.0, 1.0], PlanarReflectionPlane
[2022.02.10-00.46.56:695][  0]LogMeshUtilities: Finished distance field build in 0.0s - 8x14x8 distance field, 6252 triangles, Range [-0.1, 0.6], SM_CineCam
[2022.02.10-00.46.56:695][  0]LogTexture: Default maximum texture size for cubemaps generated from long-lat sources has been changed from 512 to unlimited. In order to preserve old behaiour for '/Engine/MapTemplates/Sky/DaylightAmbientCubemap.DaylightAmbientCubemap', its maximum texture size has been explicitly set to 512.
[2022.02.10-00.46.56:767][  0]LogHMD: PokeAHoleMaterial loaded successfully
[2022.02.10-00.46.56:776][  0]LogUObjectArray: 17178 objects as part of root set at end of initial load.
[2022.02.10-00.46.56:776][  0]LogUObjectAllocator: 4302048 out of 0 bytes used by permanent object pool.
[2022.02.10-00.46.56:776][  0]LogUObjectArray: CloseDisregardForGC: 0/0 objects in disregard for GC pool
[2022.02.10-00.46.57:495][  0]LogMeshUtilities: Finished distance field build in 0.4s - 38x38x38 distance field, 12 triangles, Range [-0.6, 0.6], EditorCube
[2022.02.10-00.46.57:495][  0]LogMeshUtilities: Discarded distance field for SplineEditorMesh as mesh was not closed!  Assign a two-sided material to fix.
[2022.02.10-00.46.57:495][  0]LogMeshUtilities: Finished distance field build in 0.0s - 15x15x8 distance field, 60 triangles, Range [-0.2, 1.0], SplineEditorMesh
[2022.02.10-00.46.57:640][  0]LogNiagaraDebuggerClient: Niagara Debugger Client Initialized | Session: F0C59BAA4628DB637E0B7E995F48948F | Instance: 4F222522418F4DAC067108AD0231CF0B (DESKTOP-DQ311UG-7200).
[2022.02.10-00.46.58:194][  0]LogPython: Using Python 3.7.7
[2022.02.10-00.46.58:826][  0]LogMeshUtilities: Finished distance field build in 1.7s - 64x64x64 distance field, 3968 triangles, Range [-0.1, 1.0], EditorSkySphere
[2022.02.10-00.46.58:878][  0]LogUdpMessaging: Initializing bridge on interface 0.0.0.0:0 to multicast group 230.0.0.1:6666.
[2022.02.10-00.46.58:888][  0]LogTcpMessaging: Initializing TcpMessaging bridge
[2022.02.10-00.46.59:343][  0]LogMeshUtilities: Finished distance field build in 0.2s - 28x28x38 distance field, 448 triangles, Range [-0.5, 0.6], EditorCylinder
[2022.02.10-00.46.59:343][  0]LogMeshUtilities: Finished distance field build in 0.1s - 8x38x38 distance field, 32 triangles, Range [-0.1, 1.0], EditorPlane
[2022.02.10-00.46.59:343][  0]SourceControl: Source control is disabled
[2022.02.10-00.46.59:343][  0]SourceControl: Source control is disabled
[2022.02.10-00.46.59:357][  0]SourceControl: Source control is disabled
[2022.02.10-00.46.59:367][  0]SourceControl: Source control is disabled
[2022.02.10-00.46.59:393][  0]SourceControl: Source control is disabled
[2022.02.10-00.46.59:531][  0]LogUProjectInfo: Found projects:
[2022.02.10-00.46.59:548][  0]LogVSAccessor: Display: Unable to create Visual Studio setup instance: 80040154
[2022.02.10-00.46.59:549][  0]LogVSAccessor: Display: Unable to create Visual Studio setup instance: 80040154
[2022.02.10-00.46.59:549][  0]LogVSAccessor: Display: Unable to create Visual Studio setup instance: 80040154
[2022.02.10-00.46.59:879][  0]LogMeshUtilities: Finished distance field build in 0.7s - 48x48x48 distance field, 3968 triangles, Range [-0.6, 1.0], EditorSphere
[2022.02.10-00.46.59:888][  0]LogOpenImageDenoise: OIDN starting up
[2022.02.10-00.47.00:027][  0]LogAndroidPermission: UAndroidPermissionCallbackProxy::GetInstance
[2022.02.10-00.47.00:070][  0]LogAudioCaptureCore: Display: No Audio Capture implementations found. Audio input will be silent.
[2022.02.10-00.47.00:070][  0]LogAudioCaptureCore: Display: No Audio Capture implementations found. Audio input will be silent.
[2022.02.10-00.47.00:287][  0]LogCollectionManager: Loaded 0 collections in 0.001698 seconds
[2022.02.10-00.47.00:332][  0]LogFileCache: Scanning file cache for directory 'C:/Users/James/OneDrive/Documents/Unreal Projects/ShoppingMall/Saved/Collections/' took 0.00s
[2022.02.10-00.47.00:332][  0]LogFileCache: Scanning file cache for directory 'C:/Users/James/OneDrive/Documents/Unreal Projects/ShoppingMall/Content/Developers/James/Collections/' took 0.00s
[2022.02.10-00.47.00:332][  0]LogFileCache: Scanning file cache for directory 'C:/Users/James/OneDrive/Documents/Unreal Projects/ShoppingMall/Content/Collections/' took 0.00s
[2022.02.10-00.47.00:332][  0]LogOcInput: OculusInput pre-init called
[2022.02.10-00.47.01:790][  0]LogEngine: Initializing Engine...
[2022.02.10-00.47.01:830][  0]LogHMD: Failed to enumerate extensions. Please check that you have a valid OpenXR runtime installed.
[2022.02.10-00.47.01:830][  0]LogHMD: Failed to initialize OpenVR with code 100
[2022.02.10-00.47.01:831][  0]LogMagicLeap: Warning: VR disabled because ZI is not enabled.  To enable, in the editor, Edit -> Project Settings -> Plugins -> Magic Leap Plugin -> Enable Zero Iteration
[2022.02.10-00.47.01:834][  0]LogStats: UGameplayTagsManager::InitializeManager -  0.001 s
[2022.02.10-00.47.01:926][  0]LogAssetManager: Error: AssetPathRedirect cycle detected when redirecting: None to None
[2022.02.10-00.47.01:928][  0]LogInit: Initializing FReadOnlyCVARCache
[2022.02.10-00.47.01:957][  0]LogAIModule: Creating AISystem for world Untitled
[2022.02.10-00.47.01:962][  0]LogAudio: Display: Initializing Audio Device Manager...
[2022.02.10-00.47.01:970][  0]LogAudio: Display: Loading Default Audio Settings Objects...
[2022.02.10-00.47.01:970][  0]LogAudio: Display: No default SoundConcurrencyObject specified (or failed to load).
[2022.02.10-00.47.01:972][  0]LogAudio: Display: Audio Device Manager Initialized
[2022.02.10-00.47.01:972][  0]LogAudio: Display: Creating Audio Device:                 Id: 1, Scope: Shared, Realtime: True
[2022.02.10-00.47.01:972][  0]LogAudioMixer: Display: Audio Mixer Platform Settings:
[2022.02.10-00.47.01:972][  0]LogAudioMixer: Display: 	Sample Rate:						  48000
[2022.02.10-00.47.01:972][  0]LogAudioMixer: Display: 	Callback Buffer Frame Size Requested: 1024
[2022.02.10-00.47.01:972][  0]LogAudioMixer: Display: 	Callback Buffer Frame Size To Use:	  1024
[2022.02.10-00.47.01:972][  0]LogAudioMixer: Display: 	Number of buffers to queue:			  2
[2022.02.10-00.47.01:972][  0]LogAudioMixer: Display: 	Max Channels (voices):				  32
[2022.02.10-00.47.01:972][  0]LogAudioMixer: Display: 	Number of Async Source Workers:		  0
[2022.02.10-00.47.01:972][  0]LogAudio: Display: AudioDevice MaxSources: 32
[2022.02.10-00.47.01:973][  0]LogAudio: Display: Audio Spatialization Plugin: None (built-in).
[2022.02.10-00.47.01:974][  0]LogAudio: Display: Audio Reverb Plugin: None (built-in).
[2022.02.10-00.47.01:974][  0]LogAudio: Display: Audio Occlusion Plugin: None (built-in).
[2022.02.10-00.47.01:974][  0]LogAudioMixer: Display: Initializing audio mixer.
[2022.02.10-00.47.01:999][  0]LogAudioMixer: Display: 0: FrontLeft
[2022.02.10-00.47.01:999][  0]LogAudioMixer: Display: 1: FrontRight
[2022.02.10-00.47.01:999][  0]LogAudioMixer: Display: 2: FrontCenter
[2022.02.10-00.47.01:999][  0]LogAudioMixer: Display: 3: LowFrequency
[2022.02.10-00.47.01:999][  0]LogAudioMixer: Display: 4: BackLeft
[2022.02.10-00.47.01:999][  0]LogAudioMixer: Display: 5: BackRight
[2022.02.10-00.47.01:999][  0]LogAudioMixer: Display: 6: SideLeft
[2022.02.10-00.47.01:999][  0]LogAudioMixer: Display: 7: SideRight
[2022.02.10-00.47.02:207][  0]LogAudioMixer: Display: Using Audio Device Headset Earphone (2- CORSAIR VOID PRO Wireless Gaming Headset)
[2022.02.10-00.47.02:210][  0]LogAudioMixer: Display: Initializing Sound Submixes...
[2022.02.10-00.47.02:212][  0]LogAudioMixer: Display: Creating Master Submix 'MasterSubmixDefault'
[2022.02.10-00.47.02:212][  0]LogAudioMixer: Display: Creating Master Submix 'MasterReverbSubmixDefault'
[2022.02.10-00.47.02:214][  0]LogAudioMixer: Display: Creating Master Submix 'MasterEQSubmixDefault'
[2022.02.10-00.47.02:215][  0]LogAudioMixer: FMixerPlatformXAudio2::StartAudioStream() called
[2022.02.10-00.47.02:215][  0]LogAudioMixer: Display: Output buffers initialized: Frames=1024, Channels=8, Samples=8192
[2022.02.10-00.47.02:216][  0]LogAudioMixer: Display: Starting AudioMixerPlatformInterface::RunInternal()
[2022.02.10-00.47.02:216][  0]LogAudioMixer: Display: FMixerPlatformXAudio2::SubmitBuffer() called for the first time
[2022.02.10-00.47.02:216][  0]LogInit: FAudioDevice initialized.
[2022.02.10-00.47.02:217][  0]LogAudio: Display: Audio Device (ID: 1) registered with world 'Untitled'.
[2022.02.10-00.47.02:217][  0]LogNetVersion: Set ProjectVersion to 1.0.0.0. Version Checksum will be recalculated on next use.
[2022.02.10-00.47.02:357][  0]LogDerivedDataCache: Saved boot cache 0.14s 94MB C:/Users/James/AppData/Local/UnrealEngine/4.27/DerivedDataCache/Boot.ddc.
[2022.02.10-00.47.02:359][  0]LogInit: Texture streaming: Enabled
[2022.02.10-00.47.02:407][  0]LogAnalytics: Display: [UEEditor.Rocket.Release] APIServer = https://datarouter.ol.epicgames.com/. AppVersion = 4.27.2-18319896+++UE4+Release-4.27
[2022.02.10-00.47.02:425][  0]LogEngineSessionManager: EngineSessionManager initialized
[2022.02.10-00.47.02:425][  0]LogEditorSessionSummary: Verbose: Initializing EditorSessionSummaryWriter for editor session tracking
[2022.02.10-00.47.02:436][  0]LogEditorSessionSummary: EditorSessionSummaryWriter initialized
[2022.02.10-00.47.02:488][  0]LogInit: Transaction tracking system initialized
[2022.02.10-00.47.02:571][  0]BlueprintLog: New page: Editor Load
[2022.02.10-00.47.02:760][  0]LocalizationService: Localization service is disabled
[2022.02.10-00.47.02:841][  0]TimingProfiler: Initialize
[2022.02.10-00.47.02:842][  0]TimingProfiler: OnSessionChanged
[2022.02.10-00.47.02:842][  0]LoadingProfiler: Initialize
[2022.02.10-00.47.02:842][  0]LoadingProfiler: OnSessionChanged
[2022.02.10-00.47.02:842][  0]NetworkingProfiler: Initialize
[2022.02.10-00.47.02:842][  0]NetworkingProfiler: OnSessionChanged
[2022.02.10-00.47.02:842][  0]MemoryProfiler: Initialize
[2022.02.10-00.47.02:842][  0]MemoryProfiler: OnSessionChanged
[2022.02.10-00.47.02:852][  0]LogClass: Warning: In asset 'None', there is an enum property of type 'EIOSVersion' with an invalid value of 'IOS_11'
[2022.02.10-00.47.02:852][  0]LogObj: Error: LoadConfig (/Script/IOSRuntimeSettings.Default__IOSRuntimeSettings): import failed for MinimumiOSVersion in: IOS_11
[2022.02.10-00.47.02:990][  0]LogVSAccessor: Display: Unable to create Visual Studio setup instance: 80040154
[2022.02.10-00.47.02:991][  0]LogVSAccessor: Display: Unable to create Visual Studio setup instance: 80040154
[2022.02.10-00.47.02:991][  0]LogVSAccessor: Display: Unable to create Visual Studio setup instance: 80040154
[2022.02.10-00.47.03:700][  0]LogCook: Display: CookSettings for Memory: MemoryMaxUsedVirtual 0MiB, MemoryMaxUsedPhysical 16384MiB, MemoryMinFreeVirtual 0MiB, MemoryMinFreePhysical 1024MiB
[2022.02.10-00.47.03:700][  0]LogCook: Display: Mobile HDR setting 1
[2022.02.10-00.47.03:906][  0]LogFileCache: Scanning file cache for directory 'C:/Users/James/OneDrive/Documents/Unreal Projects/ShoppingMall/Content/' took 0.06s
[2022.02.10-00.47.07:182][  0]LogInit: Display: Engine is initialized. Leaving FEngineLoop::Init()
[2022.02.10-00.47.07:224][  0]SourceControl: Source control is disabled
[2022.02.10-00.47.07:224][  0]LogUnrealEdMisc: Loading editor; pre map load, took 23.096
[2022.02.10-00.47.07:226][  0]Cmd: MAP LOAD FILE="C:/Users/James/OneDrive/Documents/Unreal Projects/ShoppingMall/Content/FirstPersonBP/Maps/FirstPersonExampleMap.umap" TEMPLATE=0 SHOWPROGRESS=1 FEATURELEVEL=3
[2022.02.10-00.47.07:226][  0]LogEditorServer: Warning: Can't find file 'C:/Users/James/OneDrive/Documents/Unreal Projects/ShoppingMall/Content/FirstPersonBP/Maps/FirstPersonExampleMap.umap'
[2022.02.10-00.47.07:227][  0]Cmd: MAP CHECKDEP NOCLEARLOG
[2022.02.10-00.47.07:227][  0]MapCheck: Map check complete: 0 Error(s), 0 Warning(s), took 0.368ms to complete.
[2022.02.10-00.47.07:227][  0]LogFileHelpers: Loading map 'FirstPersonExampleMap' took 0.002
[2022.02.10-00.47.07:245][  0]LogUnrealEdMisc: Total Editor Startup Time, took 23.117
[2022.02.10-00.47.07:421][  0]LogSlate: Updating window title bar state: overlay mode, drag disabled, window buttons hidden, title bar hidden
[2022.02.10-00.47.07:427][  0]LogSlate: Updating window title bar state: overlay mode, drag disabled, window buttons hidden, title bar hidden
[2022.02.10-00.47.07:431][  0]LogSlate: Updating window title bar state: overlay mode, drag disabled, window buttons hidden, title bar hidden
[2022.02.10-00.47.07:435][  0]LogSlate: Updating window title bar state: overlay mode, drag disabled, window buttons hidden, title bar hidden
[2022.02.10-00.47.07:468][  0]LogNativeClassHierarchy: Verbose: Native class hierarchy populated in 0.0083 seconds. Added 3827 classes and 934 folders.
[2022.02.10-00.47.07:473][  0]LogNativeClassHierarchy: Verbose: Native class hierarchy updated for 'WidgetCarousel' in 0.0002 seconds. Added 0 classes and 0 folders.
[2022.02.10-00.47.07:478][  0]LogPakFile: PakFile PrimaryIndexSize=187
[2022.02.10-00.47.07:478][  0]LogPakFile: PakFile PathHashIndexSize=101
[2022.02.10-00.47.07:478][  0]LogPakFile: PakFile FullDirectoryIndexSize=148
[2022.02.10-00.47.07:478][  0]LogShaderLibrary: Display: ShaderCodeLibraryPakFileMountedCallback: PakFile 'H:/Epic Games/Engines/UE_4.27/FeaturePacks/FP_FirstPerson.upack' (chunk index -1, root 'root:/') mounted
[2022.02.10-00.47.07:478][  0]LogShaderLibrary: Display: ShaderCodeLibraryPakFileMountedCallback: pending pak file info (ChunkID:-1 Root:root:/ File:H:/Epic Games/Engines/UE_4.27/FeaturePacks/FP_FirstPerson.upack)
[2022.02.10-00.47.07:478][  0]LogPakFile: OnPakFileMounted2Time == 0.000055
[2022.02.10-00.47.07:482][  0]LogPakFile: PakFile PrimaryIndexSize=189
[2022.02.10-00.47.07:482][  0]LogPakFile: PakFile PathHashIndexSize=101
[2022.02.10-00.47.07:482][  0]LogPakFile: PakFile FullDirectoryIndexSize=152
[2022.02.10-00.47.07:482][  0]LogShaderLibrary: Display: ShaderCodeLibraryPakFileMountedCallback: PakFile 'H:/Epic Games/Engines/UE_4.27/FeaturePacks/FP_FirstPersonBP.upack' (chunk index -1, root 'root:/') mounted
[2022.02.10-00.47.07:482][  0]LogShaderLibrary: Display: ShaderCodeLibraryPakFileMountedCallback: pending pak file info (ChunkID:-1 Root:root:/ File:H:/Epic Games/Engines/UE_4.27/FeaturePacks/FP_FirstPersonBP.upack)
[2022.02.10-00.47.07:482][  0]LogPakFile: OnPakFileMounted2Time == 0.000039
[2022.02.10-00.47.07:484][  0]LogPakFile: PakFile PrimaryIndexSize=191
[2022.02.10-00.47.07:484][  0]LogPakFile: PakFile PathHashIndexSize=101
[2022.02.10-00.47.07:484][  0]LogPakFile: PakFile FullDirectoryIndexSize=160
[2022.02.10-00.47.07:484][  0]LogShaderLibrary: Display: ShaderCodeLibraryPakFileMountedCallback: PakFile 'H:/Epic Games/Engines/UE_4.27/FeaturePacks/MobileStarterContent.upack' (chunk index -1, root 'root:/') mounted
[2022.02.10-00.47.07:484][  0]LogShaderLibrary: Display: ShaderCodeLibraryPakFileMountedCallback: pending pak file info (ChunkID:-1 Root:root:/ File:H:/Epic Games/Engines/UE_4.27/FeaturePacks/MobileStarterContent.upack)
[2022.02.10-00.47.07:484][  0]LogPakFile: OnPakFileMounted2Time == 0.000037
[2022.02.10-00.47.07:486][  0]LogPakFile: PakFile PrimaryIndexSize=185
[2022.02.10-00.47.07:486][  0]LogPakFile: PakFile PathHashIndexSize=101
[2022.02.10-00.47.07:486][  0]LogPakFile: PakFile FullDirectoryIndexSize=148
[2022.02.10-00.47.07:486][  0]LogShaderLibrary: Display: ShaderCodeLibraryPakFileMountedCallback: PakFile 'H:/Epic Games/Engines/UE_4.27/FeaturePacks/StarterContent.upack' (chunk index -1, root 'root:/') mounted
[2022.02.10-00.47.07:486][  0]LogShaderLibrary: Display: ShaderCodeLibraryPakFileMountedCallback: pending pak file info (ChunkID:-1 Root:root:/ File:H:/Epic Games/Engines/UE_4.27/FeaturePacks/StarterContent.upack)
[2022.02.10-00.47.07:486][  0]LogPakFile: OnPakFileMounted2Time == 0.000038
[2022.02.10-00.47.07:487][  0]LogPakFile: PakFile PrimaryIndexSize=190
[2022.02.10-00.47.07:487][  0]LogPakFile: PakFile PathHashIndexSize=101
[2022.02.10-00.47.07:487][  0]LogPakFile: PakFile FullDirectoryIndexSize=154
[2022.02.10-00.47.07:487][  0]LogShaderLibrary: Display: ShaderCodeLibraryPakFileMountedCallback: PakFile 'H:/Epic Games/Engines/UE_4.27/FeaturePacks/TP_2DSideScroller.upack' (chunk index -1, root 'root:/') mounted
[2022.02.10-00.47.07:488][  0]LogShaderLibrary: Display: ShaderCodeLibraryPakFileMountedCallback: pending pak file info (ChunkID:-1 Root:root:/ File:H:/Epic Games/Engines/UE_4.27/FeaturePacks/TP_2DSideScroller.upack)
[2022.02.10-00.47.07:488][  0]LogPakFile: OnPakFileMounted2Time == 0.000036
[2022.02.10-00.47.07:488][  0]LogPakFile: PakFile PrimaryIndexSize=192
[2022.02.10-00.47.07:488][  0]LogPakFile: PakFile PathHashIndexSize=101
[2022.02.10-00.47.07:488][  0]LogPakFile: PakFile FullDirectoryIndexSize=158
[2022.02.10-00.47.07:488][  0]LogShaderLibrary: Display: ShaderCodeLibraryPakFileMountedCallback: PakFile 'H:/Epic Games/Engines/UE_4.27/FeaturePacks/TP_2DSideScrollerBP.upack' (chunk index -1, root 'root:/') mounted
[2022.02.10-00.47.07:488][  0]LogShaderLibrary: Display: ShaderCodeLibraryPakFileMountedCallback: pending pak file info (ChunkID:-1 Root:root:/ File:H:/Epic Games/Engines/UE_4.27/FeaturePacks/TP_2DSideScrollerBP.upack)
[2022.02.10-00.47.07:488][  0]LogPakFile: OnPakFileMounted2Time == 0.000040
[2022.02.10-00.47.07:489][  0]LogPakFile: PakFile PrimaryIndexSize=182
[2022.02.10-00.47.07:489][  0]LogPakFile: PakFile PathHashIndexSize=101
[2022.02.10-00.47.07:489][  0]LogPakFile: PakFile FullDirectoryIndexSize=138
[2022.02.10-00.47.07:489][  0]LogShaderLibrary: Display: ShaderCodeLibraryPakFileMountedCallback: PakFile 'H:/Epic Games/Engines/UE_4.27/FeaturePacks/TP_Flying.upack' (chunk index -1, root 'root:/') mounted
[2022.02.10-00.47.07:489][  0]LogShaderLibrary: Display: ShaderCodeLibraryPakFileMountedCallback: pending pak file info (ChunkID:-1 Root:root:/ File:H:/Epic Games/Engines/UE_4.27/FeaturePacks/TP_Flying.upack)
[2022.02.10-00.47.07:489][  0]LogPakFile: OnPakFileMounted2Time == 0.000036
[2022.02.10-00.47.07:491][  0]LogPakFile: PakFile PrimaryIndexSize=184
[2022.02.10-00.47.07:491][  0]LogPakFile: PakFile PathHashIndexSize=101
[2022.02.10-00.47.07:491][  0]LogPakFile: PakFile FullDirectoryIndexSize=142
[2022.02.10-00.47.07:491][  0]LogShaderLibrary: Display: ShaderCodeLibraryPakFileMountedCallback: PakFile 'H:/Epic Games/Engines/UE_4.27/FeaturePacks/TP_FlyingBP.upack' (chunk index -1, root 'root:/') mounted
[2022.02.10-00.47.07:491][  0]LogShaderLibrary: Display: ShaderCodeLibraryPakFileMountedCallback: pending pak file info (ChunkID:-1 Root:root:/ File:H:/Epic Games/Engines/UE_4.27/FeaturePacks/TP_FlyingBP.upack)
[2022.02.10-00.47.07:491][  0]LogPakFile: OnPakFileMounted2Time == 0.000035
[2022.02.10-00.47.07:492][  0]LogPakFile: PakFile PrimaryIndexSize=188
[2022.02.10-00.47.07:492][  0]LogPakFile: PakFile PathHashIndexSize=101
[2022.02.10-00.47.07:492][  0]LogPakFile: PakFile FullDirectoryIndexSize=150
[2022.02.10-00.47.07:492][  0]LogShaderLibrary: Display: ShaderCodeLibraryPakFileMountedCallback: PakFile 'H:/Epic Games/Engines/UE_4.27/FeaturePacks/TP_HandheldARBP.upack' (chunk index -1, root 'root:/') mounted
[2022.02.10-00.47.07:492][  0]LogShaderLibrary: Display: ShaderCodeLibraryPakFileMountedCallback: pending pak file info (ChunkID:-1 Root:root:/ File:H:/Epic Games/Engines/UE_4.27/FeaturePacks/TP_HandheldARBP.upack)
[2022.02.10-00.47.07:492][  0]LogPakFile: OnPakFileMounted2Time == 0.000036
[2022.02.10-00.47.07:497][  0]LogPakFile: PakFile PrimaryIndexSize=182
[2022.02.10-00.47.07:497][  0]LogPakFile: PakFile PathHashIndexSize=101
[2022.02.10-00.47.07:497][  0]LogPakFile: PakFile FullDirectoryIndexSize=138
[2022.02.10-00.47.07:497][  0]LogShaderLibrary: Display: ShaderCodeLibraryPakFileMountedCallback: PakFile 'H:/Epic Games/Engines/UE_4.27/FeaturePacks/TP_Puzzle.upack' (chunk index -1, root 'root:/') mounted
[2022.02.10-00.47.07:497][  0]LogShaderLibrary: Display: ShaderCodeLibraryPakFileMountedCallback: pending pak file info (ChunkID:-1 Root:root:/ File:H:/Epic Games/Engines/UE_4.27/FeaturePacks/TP_Puzzle.upack)
[2022.02.10-00.47.07:497][  0]LogPakFile: OnPakFileMounted2Time == 0.000036
[2022.02.10-00.47.07:499][  0]LogPakFile: PakFile PrimaryIndexSize=184
[2022.02.10-00.47.07:499][  0]LogPakFile: PakFile PathHashIndexSize=101
[2022.02.10-00.47.07:499][  0]LogPakFile: PakFile FullDirectoryIndexSize=142
[2022.02.10-00.47.07:499][  0]LogShaderLibrary: Display: ShaderCodeLibraryPakFileMountedCallback: PakFile 'H:/Epic Games/Engines/UE_4.27/FeaturePacks/TP_PuzzleBP.upack' (chunk index -1, root 'root:/') mounted
[2022.02.10-00.47.07:499][  0]LogShaderLibrary: Display: ShaderCodeLibraryPakFileMountedCallback: pending pak file info (ChunkID:-1 Root:root:/ File:H:/Epic Games/Engines/UE_4.27/FeaturePacks/TP_PuzzleBP.upack)
[2022.02.10-00.47.07:499][  0]LogPakFile: OnPakFileMounted2Time == 0.000035
[2022.02.10-00.47.07:499][  0]LogPakFile: PakFile PrimaryIndexSize=183
[2022.02.10-00.47.07:499][  0]LogPakFile: PakFile PathHashIndexSize=101
[2022.02.10-00.47.07:499][  0]LogPakFile: PakFile FullDirectoryIndexSize=140
[2022.02.10-00.47.07:499][  0]LogShaderLibrary: Display: ShaderCodeLibraryPakFileMountedCallback: PakFile 'H:/Epic Games/Engines/UE_4.27/FeaturePacks/TP_Rolling.upack' (chunk index -1, root 'root:/') mounted
[2022.02.10-00.47.07:499][  0]LogShaderLibrary: Display: ShaderCodeLibraryPakFileMountedCallback: pending pak file info (ChunkID:-1 Root:root:/ File:H:/Epic Games/Engines/UE_4.27/FeaturePacks/TP_Rolling.upack)
[2022.02.10-00.47.07:499][  0]LogPakFile: OnPakFileMounted2Time == 0.000039
[2022.02.10-00.47.07:502][  0]LogPakFile: PakFile PrimaryIndexSize=185
[2022.02.10-00.47.07:502][  0]LogPakFile: PakFile PathHashIndexSize=101
[2022.02.10-00.47.07:502][  0]LogPakFile: PakFile FullDirectoryIndexSize=144
[2022.02.10-00.47.07:502][  0]LogShaderLibrary: Display: ShaderCodeLibraryPakFileMountedCallback: PakFile 'H:/Epic Games/Engines/UE_4.27/FeaturePacks/TP_RollingBP.upack' (chunk index -1, root 'root:/') mounted
[2022.02.10-00.47.07:502][  0]LogShaderLibrary: Display: ShaderCodeLibraryPakFileMountedCallback: pending pak file info (ChunkID:-1 Root:root:/ File:H:/Epic Games/Engines/UE_4.27/FeaturePacks/TP_RollingBP.upack)
[2022.02.10-00.47.07:502][  0]LogPakFile: OnPakFileMounted2Time == 0.000034
[2022.02.10-00.47.07:503][  0]LogPakFile: PakFile PrimaryIndexSize=188
[2022.02.10-00.47.07:503][  0]LogPakFile: PakFile PathHashIndexSize=101
[2022.02.10-00.47.07:503][  0]LogPakFile: PakFile FullDirectoryIndexSize=150
[2022.02.10-00.47.07:503][  0]LogShaderLibrary: Display: ShaderCodeLibraryPakFileMountedCallback: PakFile 'H:/Epic Games/Engines/UE_4.27/FeaturePacks/TP_SideScroller.upack' (chunk index -1, root 'root:/') mounted
[2022.02.10-00.47.07:503][  0]LogShaderLibrary: Display: ShaderCodeLibraryPakFileMountedCallback: pending pak file info (ChunkID:-1 Root:root:/ File:H:/Epic Games/Engines/UE_4.27/FeaturePacks/TP_SideScroller.upack)
[2022.02.10-00.47.07:503][  0]LogPakFile: OnPakFileMounted2Time == 0.000033
[2022.02.10-00.47.07:505][  0]LogPakFile: PakFile PrimaryIndexSize=190
[2022.02.10-00.47.07:505][  0]LogPakFile: PakFile PathHashIndexSize=101
[2022.02.10-00.47.07:505][  0]LogPakFile: PakFile FullDirectoryIndexSize=154
[2022.02.10-00.47.07:505][  0]LogShaderLibrary: Display: ShaderCodeLibraryPakFileMountedCallback: PakFile 'H:/Epic Games/Engines/UE_4.27/FeaturePacks/TP_SideScrollerBP.upack' (chunk index -1, root 'root:/') mounted
[2022.02.10-00.47.07:505][  0]LogShaderLibrary: Display: ShaderCodeLibraryPakFileMountedCallback: pending pak file info (ChunkID:-1 Root:root:/ File:H:/Epic Games/Engines/UE_4.27/FeaturePacks/TP_SideScrollerBP.upack)
[2022.02.10-00.47.07:505][  0]LogPakFile: OnPakFileMounted2Time == 0.000035
[2022.02.10-00.47.07:506][  0]LogPakFile: PakFile PrimaryIndexSize=187
[2022.02.10-00.47.07:506][  0]LogPakFile: PakFile PathHashIndexSize=101
[2022.02.10-00.47.07:506][  0]LogPakFile: PakFile FullDirectoryIndexSize=148
[2022.02.10-00.47.07:506][  0]LogShaderLibrary: Display: ShaderCodeLibraryPakFileMountedCallback: PakFile 'H:/Epic Games/Engines/UE_4.27/FeaturePacks/TP_ThirdPerson.upack' (chunk index -1, root 'root:/') mounted
[2022.02.10-00.47.07:506][  0]LogShaderLibrary: Display: ShaderCodeLibraryPakFileMountedCallback: pending pak file info (ChunkID:-1 Root:root:/ File:H:/Epic Games/Engines/UE_4.27/FeaturePacks/TP_ThirdPerson.upack)
[2022.02.10-00.47.07:506][  0]LogPakFile: OnPakFileMounted2Time == 0.000035
[2022.02.10-00.47.07:507][  0]LogPakFile: PakFile PrimaryIndexSize=189
[2022.02.10-00.47.07:507][  0]LogPakFile: PakFile PathHashIndexSize=101
[2022.02.10-00.47.07:507][  0]LogPakFile: PakFile FullDirectoryIndexSize=152
[2022.02.10-00.47.07:507][  0]LogShaderLibrary: Display: ShaderCodeLibraryPakFileMountedCallback: PakFile 'H:/Epic Games/Engines/UE_4.27/FeaturePacks/TP_ThirdPersonBP.upack' (chunk index -1, root 'root:/') mounted
[2022.02.10-00.47.07:508][  0]LogShaderLibrary: Display: ShaderCodeLibraryPakFileMountedCallback: pending pak file info (ChunkID:-1 Root:root:/ File:H:/Epic Games/Engines/UE_4.27/FeaturePacks/TP_ThirdPersonBP.upack)
[2022.02.10-00.47.07:508][  0]LogPakFile: OnPakFileMounted2Time == 0.000039
[2022.02.10-00.47.07:509][  0]LogPakFile: PakFile PrimaryIndexSize=183
[2022.02.10-00.47.07:509][  0]LogPakFile: PakFile PathHashIndexSize=101
[2022.02.10-00.47.07:509][  0]LogPakFile: PakFile FullDirectoryIndexSize=140
[2022.02.10-00.47.07:509][  0]LogShaderLibrary: Display: ShaderCodeLibraryPakFileMountedCallback: PakFile 'H:/Epic Games/Engines/UE_4.27/FeaturePacks/TP_TopDown.upack' (chunk index -1, root 'root:/') mounted
[2022.02.10-00.47.07:509][  0]LogShaderLibrary: Display: ShaderCodeLibraryPakFileMountedCallback: pending pak file info (ChunkID:-1 Root:root:/ File:H:/Epic Games/Engines/UE_4.27/FeaturePacks/TP_TopDown.upack)
[2022.02.10-00.47.07:509][  0]LogPakFile: OnPakFileMounted2Time == 0.000040
[2022.02.10-00.47.07:510][  0]LogPakFile: PakFile PrimaryIndexSize=185
[2022.02.10-00.47.07:510][  0]LogPakFile: PakFile PathHashIndexSize=101
[2022.02.10-00.47.07:510][  0]LogPakFile: PakFile FullDirectoryIndexSize=144
[2022.02.10-00.47.07:510][  0]LogShaderLibrary: Display: ShaderCodeLibraryPakFileMountedCallback: PakFile 'H:/Epic Games/Engines/UE_4.27/FeaturePacks/TP_TopDownBP.upack' (chunk index -1, root 'root:/') mounted
[2022.02.10-00.47.07:510][  0]LogShaderLibrary: Display: ShaderCodeLibraryPakFileMountedCallback: pending pak file info (ChunkID:-1 Root:root:/ File:H:/Epic Games/Engines/UE_4.27/FeaturePacks/TP_TopDownBP.upack)
[2022.02.10-00.47.07:510][  0]LogPakFile: OnPakFileMounted2Time == 0.000036
[2022.02.10-00.47.07:512][  0]LogPakFile: PakFile PrimaryIndexSize=185
[2022.02.10-00.47.07:512][  0]LogPakFile: PakFile PathHashIndexSize=101
[2022.02.10-00.47.07:512][  0]LogPakFile: PakFile FullDirectoryIndexSize=144
[2022.02.10-00.47.07:512][  0]LogShaderLibrary: Display: ShaderCodeLibraryPakFileMountedCallback: PakFile 'H:/Epic Games/Engines/UE_4.27/FeaturePacks/TP_TwinStick.upack' (chunk index -1, root 'root:/') mounted
[2022.02.10-00.47.07:512][  0]LogShaderLibrary: Display: ShaderCodeLibraryPakFileMountedCallback: pending pak file info (ChunkID:-1 Root:root:/ File:H:/Epic Games/Engines/UE_4.27/FeaturePacks/TP_TwinStick.upack)
[2022.02.10-00.47.07:512][  0]LogPakFile: OnPakFileMounted2Time == 0.000041
[2022.02.10-00.47.07:513][  0]LogPakFile: PakFile PrimaryIndexSize=187
[2022.02.10-00.47.07:513][  0]LogPakFile: PakFile PathHashIndexSize=101
[2022.02.10-00.47.07:513][  0]LogPakFile: PakFile FullDirectoryIndexSize=148
[2022.02.10-00.47.07:513][  0]LogShaderLibrary: Display: ShaderCodeLibraryPakFileMountedCallback: PakFile 'H:/Epic Games/Engines/UE_4.27/FeaturePacks/TP_TwinStickBP.upack' (chunk index -1, root 'root:/') mounted
[2022.02.10-00.47.07:513][  0]LogShaderLibrary: Display: ShaderCodeLibraryPakFileMountedCallback: pending pak file info (ChunkID:-1 Root:root:/ File:H:/Epic Games/Engines/UE_4.27/FeaturePacks/TP_TwinStickBP.upack)
[2022.02.10-00.47.07:513][  0]LogPakFile: OnPakFileMounted2Time == 0.000035
[2022.02.10-00.47.07:514][  0]LogPakFile: PakFile PrimaryIndexSize=183
[2022.02.10-00.47.07:515][  0]LogPakFile: PakFile PathHashIndexSize=101
[2022.02.10-00.47.07:515][  0]LogPakFile: PakFile FullDirectoryIndexSize=140
[2022.02.10-00.47.07:515][  0]LogShaderLibrary: Display: ShaderCodeLibraryPakFileMountedCallback: PakFile 'H:/Epic Games/Engines/UE_4.27/FeaturePacks/TP_Vehicle.upack' (chunk index -1, root 'root:/') mounted
[2022.02.10-00.47.07:515][  0]LogShaderLibrary: Display: ShaderCodeLibraryPakFileMountedCallback: pending pak file info (ChunkID:-1 Root:root:/ File:H:/Epic Games/Engines/UE_4.27/FeaturePacks/TP_Vehicle.upack)
[2022.02.10-00.47.07:515][  0]LogPakFile: OnPakFileMounted2Time == 0.000035
[2022.02.10-00.47.07:516][  0]LogPakFile: PakFile PrimaryIndexSize=186
[2022.02.10-00.47.07:516][  0]LogPakFile: PakFile PathHashIndexSize=101
[2022.02.10-00.47.07:516][  0]LogPakFile: PakFile FullDirectoryIndexSize=146
[2022.02.10-00.47.07:516][  0]LogShaderLibrary: Display: ShaderCodeLibraryPakFileMountedCallback: PakFile 'H:/Epic Games/Engines/UE_4.27/FeaturePacks/TP_VehicleAdv.upack' (chunk index -1, root 'root:/') mounted
[2022.02.10-00.47.07:516][  0]LogShaderLibrary: Display: ShaderCodeLibraryPakFileMountedCallback: pending pak file info (ChunkID:-1 Root:root:/ File:H:/Epic Games/Engines/UE_4.27/FeaturePacks/TP_VehicleAdv.upack)
[2022.02.10-00.47.07:516][  0]LogPakFile: OnPakFileMounted2Time == 0.000034
[2022.02.10-00.47.07:518][  0]LogPakFile: PakFile PrimaryIndexSize=188
[2022.02.10-00.47.07:518][  0]LogPakFile: PakFile PathHashIndexSize=101
[2022.02.10-00.47.07:518][  0]LogPakFile: PakFile FullDirectoryIndexSize=150
[2022.02.10-00.47.07:518][  0]LogShaderLibrary: Display: ShaderCodeLibraryPakFileMountedCallback: PakFile 'H:/Epic Games/Engines/UE_4.27/FeaturePacks/TP_VehicleAdvBP.upack' (chunk index -1, root 'root:/') mounted
[2022.02.10-00.47.07:518][  0]LogShaderLibrary: Display: ShaderCodeLibraryPakFileMountedCallback: pending pak file info (ChunkID:-1 Root:root:/ File:H:/Epic Games/Engines/UE_4.27/FeaturePacks/TP_VehicleAdvBP.upack)
[2022.02.10-00.47.07:518][  0]LogPakFile: OnPakFileMounted2Time == 0.000036
[2022.02.10-00.47.07:519][  0]LogPakFile: PakFile PrimaryIndexSize=185
[2022.02.10-00.47.07:519][  0]LogPakFile: PakFile PathHashIndexSize=101
[2022.02.10-00.47.07:519][  0]LogPakFile: PakFile FullDirectoryIndexSize=144
[2022.02.10-00.47.07:519][  0]LogShaderLibrary: Display: ShaderCodeLibraryPakFileMountedCallback: PakFile 'H:/Epic Games/Engines/UE_4.27/FeaturePacks/TP_VehicleBP.upack' (chunk index -1, root 'root:/') mounted
[2022.02.10-00.47.07:519][  0]LogShaderLibrary: Display: ShaderCodeLibraryPakFileMountedCallback: pending pak file info (ChunkID:-1 Root:root:/ File:H:/Epic Games/Engines/UE_4.27/FeaturePacks/TP_VehicleBP.upack)
[2022.02.10-00.47.07:519][  0]LogPakFile: OnPakFileMounted2Time == 0.000040
[2022.02.10-00.47.07:521][  0]LogPakFile: PakFile PrimaryIndexSize=192
[2022.02.10-00.47.07:521][  0]LogPakFile: PakFile PathHashIndexSize=101
[2022.02.10-00.47.07:521][  0]LogPakFile: PakFile FullDirectoryIndexSize=158
[2022.02.10-00.47.07:521][  0]LogShaderLibrary: Display: ShaderCodeLibraryPakFileMountedCallback: PakFile 'H:/Epic Games/Engines/UE_4.27/FeaturePacks/TP_VirtualRealityBP.upack' (chunk index -1, root 'root:/') mounted
[2022.02.10-00.47.07:521][  0]LogShaderLibrary: Display: ShaderCodeLibraryPakFileMountedCallback: pending pak file info (ChunkID:-1 Root:root:/ File:H:/Epic Games/Engines/UE_4.27/FeaturePacks/TP_VirtualRealityBP.upack)
[2022.02.10-00.47.07:521][  0]LogPakFile: OnPakFileMounted2Time == 0.000035
[2022.02.10-00.47.07:962][  0]LogNativeClassHierarchy: Verbose: Native class hierarchy updated for 'AddContentDialog' in 0.0003 seconds. Added 0 classes and 0 folders.
[2022.02.10-00.47.07:972][  0]LogNativeClassHierarchy: Verbose: Native class hierarchy updated for 'SceneOutliner' in 0.0003 seconds. Added 2 classes and 0 folders.
[2022.02.10-00.47.08:003][  0]LogNativeClassHierarchy: Verbose: Native class hierarchy updated for 'WorldBrowser' in 0.0003 seconds. Added 2 classes and 3 folders.
[2022.02.10-00.47.08:184][  0]LogSlate: Took 0.001071 seconds to synchronously load lazily loaded font '../../../Engine/Content/Slate/Fonts/Roboto-Regular.ttf' (155K)
[2022.02.10-00.47.08:186][  0]LogSlate: Took 0.000771 seconds to synchronously load lazily loaded font '../../../Engine/Content/Editor/Slate/Fonts/FontAwesome.ttf' (139K)
[2022.02.10-00.47.08:188][  0]LogSlate: Took 0.001066 seconds to synchronously load lazily loaded font '../../../Engine/Content/Slate/Fonts/Roboto-Bold.ttf' (160K)
[2022.02.10-00.47.08:299][  0]LogRenderer: Reallocating scene render targets to support 1608x764 Format 10 NumSamples 1 (Frame:1).
[2022.02.10-00.47.08:409][  0]LogNativeClassHierarchy: Verbose: Native class hierarchy updated for 'HierarchicalLODOutliner' in 0.0003 seconds. Added 0 classes and 0 folders.
[2022.02.10-00.47.08:409][  0]LogInput: Warning: Action Fire uses invalid key MotionController_Right_Trigger.
[2022.02.10-00.47.08:409][  0]LogInput: Warning: Action ResetVR uses invalid key MotionController_Left_Grip1.
[2022.02.10-00.47.08:409][  0]LogInput: Warning: Use -RemoveInvalidKeys to remove instances of these keys from the action mapping.
[2022.02.10-00.47.08:409][  0]LogLoad: (Engine Initialization) Total time: 24.28 seconds
[2022.02.10-00.47.08:409][  0]LogLoad: (Engine Initialization) Total Blueprint compile time: 0.00 seconds
[2022.02.10-00.47.08:514][  0]LogAssetRegistry: Asset discovery search completed in 13.9595 seconds
[2022.02.10-00.47.08:520][  0]LogCollectionManager: Fixed up redirectors for 0 collections in 0.000040 seconds (updated 0 objects)
[2022.02.10-00.47.08:520][  0]LogContentStreaming: Texture pool size now 1000 MB
[2022.02.10-00.47.24:105][835]LogUObjectHash: Compacting FUObjectHashTables data took   0.62ms
[2022.02.10-00.47.24:110][835]LogSlate: Took 0.000817 seconds to synchronously load lazily loaded font '../../../Engine/Content/Slate/Fonts/Roboto-Light.ttf' (167K)
[2022.02.10-00.47.26:331][ 90]LogSlate: Window 'Asset Report' being destroyed
[2022.02.10-00.47.56:204][ 90]LogAssetTools: Warning: /Game/Meshes/sk_elevator_steps-4 does not exist on disk.
[2022.02.10-00.48.10:229][ 90]AssetTools: New page: Copy Errors
[2022.02.10-00.48.10:229][ 90]AssetTools: Error: /Game/Meshes/sk_elevator_steps-4 does not exist on disk.

[2022.02.10-00.48.10:229][ 90]AssetTools: New page: Copied Successfully
[2022.02.10-00.48.10:230][ 90]AssetTools: 
[2022.02.10-00.48.10:230][ 90]AssetTools: /Game/ShoppingMall/Blueprints/BP_Air_Conditioner_Unit
[2022.02.10-00.48.10:230][ 90]AssetTools: /Game/ShoppingMall/Meshes/Interior/Ventilation/SM_Air_Conditioner_Unit
[2022.02.10-00.48.10:230][ 90]AssetTools: /Game/ShoppingMall/Materials/Instance/Inst_Air_Conditioner_Unit
[2022.02.10-00.48.10:230][ 90]AssetTools: /Game/ShoppingMall/Textures/Tex_Air_Conditioner_Unit_N
[2022.02.10-00.48.10:230][ 90]AssetTools: /Game/ShoppingMall/Textures/Tex_Air_Conditioner_Unit_ID
[2022.02.10-00.48.10:230][ 90]AssetTools: /Game/ShoppingMall/Textures/Tex_Air_Conditioner_Unit_D
[2022.02.10-00.48.10:230][ 90]AssetTools: /Game/ShoppingMall/Textures/Tex_Air_Conditioner_Unit_ARM
[2022.02.10-00.48.10:231][ 90]AssetTools: /Game/ShoppingMall/Materials/Mat_Base_02
[2022.02.10-00.48.10:231][ 90]AssetTools: /Game/ShoppingMall/Textures/Tex_Base_N
[2022.02.10-00.48.10:231][ 90]AssetTools: /Game/ShoppingMall/Textures/Tex_Base_D
[2022.02.10-00.48.10:231][ 90]AssetTools: /Game/ShoppingMall/Meshes/Interior/Ventilation/SM_Air_Conditioner_Fan
[2022.02.10-00.48.10:231][ 90]AssetTools: /Game/ShoppingMall/Blueprints/BP_Bar_Shelf_01
[2022.02.10-00.48.10:231][ 90]AssetTools: /Game/ShoppingMall/Meshes/Interior/Cafe/SM_Bottle_04
[2022.02.10-00.48.10:231][ 90]AssetTools: /Game/ShoppingMall/Materials/Instance/Inst_Pizza_02
[2022.02.10-00.48.10:231][ 90]AssetTools: /Game/ShoppingMall/Textures/Tex_Pizza_02_N
[2022.02.10-00.48.10:231][ 90]AssetTools: /Game/ShoppingMall/Textures/Tex_Pizza_02_D
[2022.02.10-00.48.10:231][ 90]AssetTools: /Game/ShoppingMall/Textures/Tex_Pizza_01_ID
[2022.02.10-00.48.10:231][ 90]AssetTools: /Game/ShoppingMall/Textures/Tex_Pizza_01_ARM
[2022.02.10-00.48.10:231][ 90]AssetTools: /Game/ShoppingMall/Meshes/Interior/Cafe/SM_Bottle_02
[2022.02.10-00.48.10:231][ 90]AssetTools: /Game/ShoppingMall/Materials/Instance/Inst_Pizza_01
[2022.02.10-00.48.10:231][ 90]AssetTools: /Game/ShoppingMall/Textures/Tex_Pizza_01_N
[2022.02.10-00.48.10:231][ 90]AssetTools: /Game/ShoppingMall/Textures/Tex_Pizza_01_D
[2022.02.10-00.48.10:231][ 90]AssetTools: /Game/ShoppingMall/Meshes/Interior/Cafe/SM_Bottle_01
[2022.02.10-00.48.10:231][ 90]AssetTools: /Game/ShoppingMall/Meshes/Interior/Cafe/SM_Bar_Shelf
[2022.02.10-00.48.10:231][ 90]AssetTools: /Game/ShoppingMall/Materials/Instance/Inst_Bar_Shelf_01
[2022.02.10-00.48.10:231][ 90]AssetTools: /Game/ShoppingMall/Textures/Tex_Bar_Cupboard_02_N
[2022.02.10-00.48.10:231][ 90]AssetTools: /Game/ShoppingMall/Textures/Tex_Bar_Cupboard_02_D
[2022.02.10-00.48.10:231][ 90]AssetTools: /Game/ShoppingMall/Textures/Tex_Bar_Cupboard_02_ARM
[2022.02.10-00.48.10:231][ 90]AssetTools: /Game/ShoppingMall/Textures/Tex_Bar_Cupboard_01_ID
[2022.02.10-00.48.10:231][ 90]AssetTools: /Game/ShoppingMall/Blueprints/BP_Bar_Shelf_02
[2022.02.10-00.48.10:231][ 90]AssetTools: /Game/ShoppingMall/Meshes/Interior/Cafe/SM_Wineglass_05
[2022.02.10-00.48.10:231][ 90]AssetTools: /Game/ShoppingMall/Materials/Instance/Inst_Glass_04
[2022.02.10-00.48.10:231][ 90]AssetTools: /Game/ShoppingMall/Textures/Tex_Dirt_Glass_01_D
[2022.02.10-00.48.10:231][ 90]AssetTools: /Game/ShoppingMall/Materials/Mat_Glass_01
[2022.02.10-00.48.10:231][ 90]AssetTools: /Game/ShoppingMall/Textures/Tex_Dirt_Glass_03_D
[2022.02.10-00.48.10:231][ 90]AssetTools: /Game/ShoppingMall/Textures/Tex_Dirt_Glass_02_D
[2022.02.10-00.48.10:231][ 90]AssetTools: /Game/ShoppingMall/Textures/Tex_HDRI
[2022.02.10-00.48.10:231][ 90]AssetTools: /Game/ShoppingMall/Meshes/Interior/Cafe/SM_Wineglass_04
[2022.02.10-00.48.10:231][ 90]AssetTools: /Game/ShoppingMall/Meshes/Interior/Cafe/SM_Wineglass_03
[2022.02.10-00.48.10:231][ 90]AssetTools: /Game/ShoppingMall/Meshes/Interior/Cafe/SM_Wineglass_02
[2022.02.10-00.48.10:231][ 90]AssetTools: /Game/ShoppingMall/Meshes/Interior/Cafe/SM_Bar_Door
[2022.02.10-00.48.10:231][ 90]AssetTools: /Game/ShoppingMall/Materials/Instance/Inst_Bar_Counter_01
[2022.02.10-00.48.10:231][ 90]AssetTools: /Game/ShoppingMall/Textures/Tex_Bar_Counter01_N
[2022.02.10-00.48.10:231][ 90]AssetTools: /Game/ShoppingMall/Textures/Tex_Bar_Counter01_ID
[2022.02.10-00.48.10:231][ 90]AssetTools: /Game/ShoppingMall/Textures/Tex_Bar_Counter01_D
[2022.02.10-00.48.10:231][ 90]AssetTools: /Game/ShoppingMall/Textures/Tex_Bar_Counter01_ARM
[2022.02.10-00.48.10:231][ 90]AssetTools: /Game/ShoppingMall/Meshes/Interior/Cafe/SM_Bar_Counter_03
[2022.02.10-00.48.10:231][ 90]AssetTools: /Game/ShoppingMall/Meshes/Interior/Cafe/SM_Bar_Counter_02
[2022.02.10-00.48.10:231][ 90]AssetTools: /Game/ShoppingMall/Meshes/Interior/Cafe/SM_Bar_Counter_01
[2022.02.10-00.48.10:231][ 90]AssetTools: /Game/ShoppingMall/Meshes/Interior/Cafe/SM_Bar_Beer
[2022.02.10-00.48.10:231][ 90]AssetTools: /Game/ShoppingMall/Blueprints/BP_Brick_Fence
[2022.02.10-00.48.10:231][ 90]AssetTools: /Game/ShoppingMall/Meshes/Exterior/SM_Fence_01
[2022.02.10-00.48.10:231][ 90]AssetTools: /Game/ShoppingMall/Materials/Instance/Inst_SlidingGates
[2022.02.10-00.48.10:231][ 90]AssetTools: /Game/ShoppingMall/Textures/Tex_SlidingGates_N
[2022.02.10-00.48.10:231][ 90]AssetTools: /Game/ShoppingMall/Textures/Tex_SlidingGates_ID
[2022.02.10-00.48.10:231][ 90]AssetTools: /Game/ShoppingMall/Textures/Tex_SlidingGates_D
[2022.02.10-00.48.10:231][ 90]AssetTools: /Game/ShoppingMall/Textures/Tex_SlidingGates_ARM
[2022.02.10-00.48.10:231][ 90]AssetTools: /Game/ShoppingMall/Blueprints/BP_Cafe_Table_01
[2022.02.10-00.48.10:231][ 90]AssetTools: /Game/ShoppingMall/Meshes/Interior/Cafe/SM_Table_03
[2022.02.10-00.48.10:231][ 90]AssetTools: /Game/ShoppingMall/Materials/Instance/Inst_Table_Chair_02
[2022.02.10-00.48.10:231][ 90]AssetTools: /Game/ShoppingMall/Textures/Tex_Table_Chair_02_N
[2022.02.10-00.48.10:231][ 90]AssetTools: /Game/ShoppingMall/Textures/Tex_Table_Chair_02_ID
[2022.02.10-00.48.10:231][ 90]AssetTools: /Game/ShoppingMall/Textures/Tex_Table_Chair_02_D
[2022.02.10-00.48.10:231][ 90]AssetTools: /Game/ShoppingMall/Textures/Tex_Table_Chair_02_ARM
[2022.02.10-00.48.10:231][ 90]AssetTools: /Game/ShoppingMall/Meshes/Interior/Cafe/SM_Chair_02
[2022.02.10-00.48.10:231][ 90]AssetTools: /Game/ShoppingMall/Blueprints/BP_Cafe_Table_02
[2022.02.10-00.48.10:231][ 90]AssetTools: /Game/ShoppingMall/Meshes/Interior/Cafe/SM_Table_04
[2022.02.10-00.48.10:231][ 90]AssetTools: /Game/ShoppingMall/Blueprints/BP_Cafe_Table_03
[2022.02.10-00.48.10:231][ 90]AssetTools: /Game/ShoppingMall/Meshes/Interior/Cafe/SM_Sofa_01
[2022.02.10-00.48.10:231][ 90]AssetTools: /Game/ShoppingMall/Materials/Instance/Inst_Sofa_01
[2022.02.10-00.48.10:231][ 90]AssetTools: /Game/ShoppingMall/Textures/Tex_Sofa_01_N
[2022.02.10-00.48.10:231][ 90]AssetTools: /Game/ShoppingMall/Textures/Tex_Sofa_01_ID
[2022.02.10-00.48.10:231][ 90]AssetTools: /Game/ShoppingMall/Textures/Tex_Sofa_01_D
[2022.02.10-00.48.10:232][ 90]AssetTools: /Game/ShoppingMall/Textures/Tex_Sofa_01_ARM
[2022.02.10-00.48.10:232][ 90]AssetTools: /Game/ShoppingMall/Materials/Instance/Inst_Table_Chair_03
[2022.02.10-00.48.10:232][ 90]AssetTools: /Game/ShoppingMall/Materials/Instance/Inst_Sofa_03
[2022.02.10-00.48.10:232][ 90]AssetTools: /Game/ShoppingMall/Blueprints/BP_Cafe_Table_04
[2022.02.10-00.48.10:232][ 90]AssetTools: /Game/ShoppingMall/Meshes/Interior/Cafe/SM_Sofa_Angle_01
[2022.02.10-00.48.10:232][ 90]AssetTools: /Game/ShoppingMall/Meshes/Interior/Cafe/SM_Sofa_02
[2022.02.10-00.48.10:232][ 90]AssetTools: /Game/ShoppingMall/Blueprints/BP_Cafe_Table_05
[2022.02.10-00.48.10:232][ 90]AssetTools: /Game/ShoppingMall/Meshes/Interior/Cafe/SM_Vase_01
[2022.02.10-00.48.10:232][ 90]AssetTools: /Game/ShoppingMall/Meshes/Interior/Cafe/SM_Plate_01
[2022.02.10-00.48.10:232][ 90]AssetTools: /Game/ShoppingMall/Materials/Instance/Inst_Color_01
[2022.02.10-00.48.10:232][ 90]AssetTools: /Game/ShoppingMall/Materials/Mat_Base_01
[2022.02.10-00.48.10:232][ 90]AssetTools: /Game/ShoppingMall/Textures/Tex_Base_R
[2022.02.10-00.48.10:232][ 90]AssetTools: /Game/ShoppingMall/Meshes/Interior/Cafe/SM_Pizza_05
[2022.02.10-00.48.10:232][ 90]AssetTools: /Game/ShoppingMall/Meshes/Interior/Cafe/SM_Pizza_04
[2022.02.10-00.48.10:232][ 90]AssetTools: /Game/ShoppingMall/Meshes/Interior/Cafe/SM_Pizza_02
[2022.02.10-00.48.10:232][ 90]AssetTools: /Game/ShoppingMall/Meshes/Interior/Cafe/SM_Napkins_02
[2022.02.10-00.48.10:232][ 90]AssetTools: /Game/ShoppingMall/Meshes/Interior/Cafe/SM_Knife_02
[2022.02.10-00.48.10:232][ 90]AssetTools: /Game/ShoppingMall/Meshes/Interior/Cafe/SM_Fork
[2022.02.10-00.48.10:232][ 90]AssetTools: /Game/ShoppingMall/Meshes/Interior/Cafe/SM_Bottle_03
[2022.02.10-00.48.10:232][ 90]AssetTools: /Game/ShoppingMall/Blueprints/BP_Cafe_Table_06
[2022.02.10-00.48.10:232][ 90]AssetTools: /Game/ShoppingMall/Meshes/Interior/Cafe/SM_Wineglass_01
[2022.02.10-00.48.10:232][ 90]AssetTools: /Game/ShoppingMall/Meshes/Interior/Cafe/SM_Pepper_Shaker
[2022.02.10-00.48.10:232][ 90]AssetTools: /Game/ShoppingMall/Meshes/Interior/Cafe/SM_Napkins_01
[2022.02.10-00.48.10:232][ 90]AssetTools: /Game/ShoppingMall/Blueprints/BP_Cafe_Table_07
[2022.02.10-00.48.10:232][ 90]AssetTools: /Game/ShoppingMall/Meshes/Interior/Cafe/SM_Table_01
[2022.02.10-00.48.10:232][ 90]AssetTools: /Game/ShoppingMall/Materials/Instance/Inst_Table_Chair_01
[2022.02.10-00.48.10:232][ 90]AssetTools: /Game/ShoppingMall/Textures/Tex_Table_Chair_01_N
[2022.02.10-00.48.10:232][ 90]AssetTools: /Game/ShoppingMall/Textures/Tex_Table_Chair_01_ID
[2022.02.10-00.48.10:232][ 90]AssetTools: /Game/ShoppingMall/Textures/Tex_Table_Chair_01_D
[2022.02.10-00.48.10:232][ 90]AssetTools: /Game/ShoppingMall/Textures/Tex_Table_Chair_01_ARM
[2022.02.10-00.48.10:232][ 90]AssetTools: /Game/ShoppingMall/Blueprints/BP_Cafe_Table_08
[2022.02.10-00.48.10:232][ 90]AssetTools: /Game/ShoppingMall/Blueprints/BP_Cafe_Table_09
[2022.02.10-00.48.10:232][ 90]AssetTools: /Game/ShoppingMall/Meshes/Interior/Cafe/SM_Table_02
[2022.02.10-00.48.10:232][ 90]AssetTools: /Game/ShoppingMall/Meshes/Interior/Cafe/SM_Chair_01
[2022.02.10-00.48.10:232][ 90]AssetTools: /Game/ShoppingMall/Blueprints/BP_Cafe_Table_10
[2022.02.10-00.48.10:232][ 90]AssetTools: /Game/ShoppingMall/Blueprints/BP_Cafe_Table_11
[2022.02.10-00.48.10:232][ 90]AssetTools: /Game/ShoppingMall/Meshes/Interior/Cafe/SM_Table_06
[2022.02.10-00.48.10:232][ 90]AssetTools: /Game/ShoppingMall/Materials/Instance/Inst_Wooden_Fences_01
[2022.02.10-00.48.10:232][ 90]AssetTools: /Game/ShoppingMall/Textures/Tex_Wooden_Fences_N
[2022.02.10-00.48.10:232][ 90]AssetTools: /Game/ShoppingMall/Textures/Tex_Wooden_Fences_ID
[2022.02.10-00.48.10:232][ 90]AssetTools: /Game/ShoppingMall/Textures/Tex_Wooden_Fences_D
[2022.02.10-00.48.10:232][ 90]AssetTools: /Game/ShoppingMall/Textures/Tex_Wooden_Fences_ARM
[2022.02.10-00.48.10:232][ 90]AssetTools: /Game/ShoppingMall/Meshes/Interior/Cafe/SM_Bench_01
[2022.02.10-00.48.10:232][ 90]AssetTools: /Game/ShoppingMall/Blueprints/BP_Cafe_Table_12
[2022.02.10-00.48.10:232][ 90]AssetTools: /Game/ShoppingMall/Meshes/Interior/Cafe/SM_Table_07
[2022.02.10-00.48.10:232][ 90]AssetTools: /Game/ShoppingMall/Meshes/Interior/Cafe/SM_Bench_02
[2022.02.10-00.48.10:232][ 90]AssetTools: /Game/ShoppingMall/Blueprints/BP_Cafe_Table_13
[2022.02.10-00.48.10:232][ 90]AssetTools: /Game/ShoppingMall/Materials/Instance/Inst_Sofa_02
[2022.02.10-00.48.10:232][ 90]AssetTools: /Game/ShoppingMall/Blueprints/BP_Cupboard_01
[2022.02.10-00.48.10:232][ 90]AssetTools: /Game/ShoppingMall/Meshes/Interior/Cafe/SM_Bar_Cupboard_01
[2022.02.10-00.48.10:232][ 90]AssetTools: /Game/ShoppingMall/Materials/Instance/Inst_Bar_Cupboard_01
[2022.02.10-00.48.10:232][ 90]AssetTools: /Game/ShoppingMall/Textures/Tex_Bar_Cupboard_01_N
[2022.02.10-00.48.10:232][ 90]AssetTools: /Game/ShoppingMall/Textures/Tex_Bar_Cupboard_01_D
[2022.02.10-00.48.10:232][ 90]AssetTools: /Game/ShoppingMall/Textures/Tex_Bar_Cupboard_01_ARM
[2022.02.10-00.48.10:232][ 90]AssetTools: /Game/ShoppingMall/Blueprints/BP_Escalator
[2022.02.10-00.48.10:232][ 90]AssetTools: /Game/ShoppingMall/Meshes/Building/SM_Escalator_01
[2022.02.10-00.48.10:232][ 90]AssetTools: /Game/ShoppingMall/Materials/Instance/Inst_Glass_Escalator
[2022.02.10-00.48.10:233][ 90]AssetTools: /Game/ShoppingMall/Materials/Instance/Inst_Escalator
[2022.02.10-00.48.10:233][ 90]AssetTools: /Game/ShoppingMall/Textures/Tex_Escalator_N
[2022.02.10-00.48.10:233][ 90]AssetTools: /Game/ShoppingMall/Textures/Tex_Escalator_ID
[2022.02.10-00.48.10:233][ 90]AssetTools: /Game/ShoppingMall/Textures/Tex_Escalator_D
[2022.02.10-00.48.10:233][ 90]AssetTools: /Game/ShoppingMall/Textures/Tex_Escalator_ARM
[2022.02.10-00.48.10:233][ 90]AssetTools: /Game/ShoppingMall/Materials/Instance/Inst_Black_Gloss
[2022.02.10-00.48.10:233][ 90]AssetTools: /Game/ShoppingMall/Textures/Tex_Metal_Window_01_R
[2022.02.10-00.48.10:233][ 90]AssetTools: /Game/ShoppingMall/Textures/Tex_Metal_Window_01_N
[2022.02.10-00.48.10:233][ 90]AssetTools: /Game/ShoppingMall/Textures/Tex_Metal_Window_01_D
[2022.02.10-00.48.10:233][ 90]AssetTools: /Game/ShoppingMall/Meshes/Building/SK_Elevator_Steps
[2022.02.10-00.48.10:233][ 90]AssetTools: /Game/ShoppingMall/Meshes/Building/SK_Elevator_Steps_Physics
[2022.02.10-00.48.10:233][ 90]AssetTools: /Game/ShoppingMall/Materials/Instance/Inst_Escalator_Steps
[2022.02.10-00.48.10:233][ 90]AssetTools: /Game/ShoppingMall/Textures/Tex_Escalator_Steps_R
[2022.02.10-00.48.10:233][ 90]AssetTools: /Game/ShoppingMall/Textures/Tex_Escalator_Steps_N
[2022.02.10-00.48.10:233][ 90]AssetTools: /Game/ShoppingMall/Textures/Tex_Escalator_Steps_D
[2022.02.10-00.48.10:233][ 90]AssetTools: /Game/ShoppingMall/Meshes/Building/SK_Elevator_Steps_Skeleton
[2022.02.10-00.48.10:233][ 90]AssetTools: /Game/ShoppingMall/Blueprints/BP_Escalator_Steps
[2022.02.10-00.48.10:233][ 90]AssetTools: /Game/ShoppingMall/Meshes/Building/SK_Elevator_Steps_Anim
[2022.02.10-00.48.10:233][ 90]AssetTools: /Game/ShoppingMall/Blueprints/BP_Fence
[2022.02.10-00.48.10:233][ 90]AssetTools: /Game/ShoppingMall/Meshes/Exterior/SM_Fence_03
[2022.02.10-00.48.10:233][ 90]AssetTools: /Game/ShoppingMall/Materials/Instance/Inst_Sidewalk_01
[2022.02.10-00.48.10:233][ 90]AssetTools: /Game/ShoppingMall/Textures/Tex_Sidewalk_01_N
[2022.02.10-00.48.10:233][ 90]AssetTools: /Game/ShoppingMall/Textures/Tex_Sidewalk_02_R
[2022.02.10-00.48.10:233][ 90]AssetTools: /Game/ShoppingMall/Textures/Tex_Sidewalk_02_N
[2022.02.10-00.48.10:233][ 90]AssetTools: /Game/ShoppingMall/Textures/Tex_Sidewalk_02_D
[2022.02.10-00.48.10:233][ 90]AssetTools: /Game/ShoppingMall/Textures/Tex_Concrete_01_N
[2022.02.10-00.48.10:233][ 90]AssetTools: /Game/ShoppingMall/Textures/Tex_Concrete_01_D
[2022.02.10-00.48.10:233][ 90]AssetTools: /Game/ShoppingMall/Materials/Instance/Inst_Stone_Fence
[2022.02.10-00.48.10:233][ 90]AssetTools: /Game/ShoppingMall/Textures/Tex_Stone_R
[2022.02.10-00.48.10:233][ 90]AssetTools: /Game/ShoppingMall/Textures/Tex_Stone_N
[2022.02.10-00.48.10:233][ 90]AssetTools: /Game/ShoppingMall/Textures/Tex_Stone_D
[2022.02.10-00.48.10:233][ 90]AssetTools: /Game/ShoppingMall/Blueprints/BP_Firefighting
[2022.02.10-00.48.10:233][ 90]AssetTools: /Game/ShoppingMall/Meshes/Interior/SM_Information_Sign_03
[2022.02.10-00.48.10:233][ 90]AssetTools: /Game/ShoppingMall/Materials/Instance/Inst_Heating_Radiator
[2022.02.10-00.48.10:233][ 90]AssetTools: /Game/ShoppingMall/Textures/Tex_Heating_Radiator_N
[2022.02.10-00.48.10:233][ 90]AssetTools: /Game/ShoppingMall/Textures/Tex_Heating_Radiator_ID
[2022.02.10-00.48.10:233][ 90]AssetTools: /Game/ShoppingMall/Textures/Tex_Heating_Radiator_D
[2022.02.10-00.48.10:233][ 90]AssetTools: /Game/ShoppingMall/Textures/Tex_Heating_Radiator_ARM
[2022.02.10-00.48.10:233][ 90]AssetTools: /Game/ShoppingMall/Meshes/Interior/SM_Fire_Extinguisher_Stand
[2022.02.10-00.48.10:233][ 90]AssetTools: /Game/ShoppingMall/Meshes/Interior/SM_Fire_Extinguisher
[2022.02.10-00.48.10:233][ 90]AssetTools: /Game/ShoppingMall/Materials/Instance/Inst_Fire_Cabinet_01
[2022.02.10-00.48.10:233][ 90]AssetTools: /Game/ShoppingMall/Textures/Tex_Fire_Cabinet_N
[2022.02.10-00.48.10:233][ 90]AssetTools: /Game/ShoppingMall/Textures/Tex_Fire_Cabinet_ID
[2022.02.10-00.48.10:233][ 90]AssetTools: /Game/ShoppingMall/Textures/Tex_Fire_Cabinet_D
[2022.02.10-00.48.10:233][ 90]AssetTools: /Game/ShoppingMall/Textures/Tex_Fire_Cabinet_ARM
[2022.02.10-00.48.10:233][ 90]AssetTools: /Game/ShoppingMall/Blueprints/BP_Fridge_01
[2022.02.10-00.48.10:233][ 90]AssetTools: /Game/ShoppingMall/Meshes/Interior/Electronics/SM_Fridge_Door_02
[2022.02.10-00.48.10:233][ 90]AssetTools: /Game/ShoppingMall/Materials/Instance/Inst_Fridge_01
[2022.02.10-00.48.10:233][ 90]AssetTools: /Game/ShoppingMall/Textures/Tex_Fridge_01_N
[2022.02.10-00.48.10:233][ 90]AssetTools: /Game/ShoppingMall/Textures/Tex_Fridge_01_ID
[2022.02.10-00.48.10:233][ 90]AssetTools: /Game/ShoppingMall/Textures/Tex_Fridge_01_D
[2022.02.10-00.48.10:233][ 90]AssetTools: /Game/ShoppingMall/Textures/Tex_Fridge_01_ARM
[2022.02.10-00.48.10:233][ 90]AssetTools: /Game/ShoppingMall/Meshes/Interior/Electronics/SM_Fridge_Door_01
[2022.02.10-00.48.10:233][ 90]AssetTools: /Game/ShoppingMall/Meshes/Interior/Electronics/SM_Fridge_Brawer_01
[2022.02.10-00.48.10:233][ 90]AssetTools: /Game/ShoppingMall/Meshes/Interior/Electronics/SM_Fridge_01
[2022.02.10-00.48.10:233][ 90]AssetTools: /Game/ShoppingMall/Blueprints/BP_Fridge_02
[2022.02.10-00.48.10:233][ 90]AssetTools: /Game/ShoppingMall/Meshes/Interior/Electronics/SM_Big_Fridge_Door_02
[2022.02.10-00.48.10:233][ 90]AssetTools: /Game/ShoppingMall/Meshes/Interior/Electronics/SM_Big_Fridge_Door_01
[2022.02.10-00.48.10:233][ 90]AssetTools: /Game/ShoppingMall/Meshes/Interior/Electronics/SM_Big_Fridge_Brawer_02
[2022.02.10-00.48.10:233][ 90]AssetTools: /Game/ShoppingMall/Meshes/Interior/Electronics/SM_Big_Fridge_Brawer_01
[2022.02.10-00.48.10:233][ 90]AssetTools: /Game/ShoppingMall/Meshes/Interior/Electronics/SM_Big_Fridge_01
[2022.02.10-00.48.10:233][ 90]AssetTools: /Game/ShoppingMall/Blueprints/BP_Glass_Cabinet_01
[2022.02.10-00.48.10:233][ 90]AssetTools: /Game/ShoppingMall/Meshes/Interior/Electronics/SM_Tablet_Computer_03
[2022.02.10-00.48.10:233][ 90]AssetTools: /Game/ShoppingMall/Materials/Instance/Inst_Phone_01
[2022.02.10-00.48.10:233][ 90]AssetTools: /Game/ShoppingMall/Textures/Tex_Phone_01_N
[2022.02.10-00.48.10:234][ 90]AssetTools: /Game/ShoppingMall/Textures/Tex_Phone_01_ID
[2022.02.10-00.48.10:234][ 90]AssetTools: /Game/ShoppingMall/Textures/Tex_Phone_01_D
[2022.02.10-00.48.10:234][ 90]AssetTools: /Game/ShoppingMall/Textures/Tex_Phone_01_ARM
[2022.02.10-00.48.10:234][ 90]AssetTools: /Game/ShoppingMall/Meshes/Interior/Electronics/SM_Tablet_Computer_02
[2022.02.10-00.48.10:234][ 90]AssetTools: /Game/ShoppingMall/Meshes/Interior/Electronics/SM_Tablet_Computer_01
[2022.02.10-00.48.10:234][ 90]AssetTools: /Game/ShoppingMall/Meshes/Interior/Electronics/SM_Phone_Stand_01
[2022.02.10-00.48.10:234][ 90]AssetTools: /Game/ShoppingMall/Meshes/Interior/Electronics/SM_Phone_06
[2022.02.10-00.48.10:234][ 90]AssetTools: /Game/ShoppingMall/Meshes/Interior/Electronics/SM_Phone_05
[2022.02.10-00.48.10:234][ 90]AssetTools: /Game/ShoppingMall/Meshes/Interior/Electronics/SM_Phone_04
[2022.02.10-00.48.10:234][ 90]AssetTools: /Game/ShoppingMall/Meshes/Interior/Electronics/SM_Phone_03
[2022.02.10-00.48.10:234][ 90]AssetTools: /Game/ShoppingMall/Meshes/Interior/Electronics/SM_Phone_02
[2022.02.10-00.48.10:234][ 90]AssetTools: /Game/ShoppingMall/Meshes/Interior/Electronics/SM_Phone_01
[2022.02.10-00.48.10:234][ 90]AssetTools: /Game/ShoppingMall/Meshes/Interior/Electronics/SM_Glass_Cabinet_Door
[2022.02.10-00.48.10:234][ 90]AssetTools: /Game/ShoppingMall/Materials/Instance/Inst_Rack_01
[2022.02.10-00.48.10:234][ 90]AssetTools: /Game/ShoppingMall/Textures/Tex_Rack_01_N
[2022.02.10-00.48.10:234][ 90]AssetTools: /Game/ShoppingMall/Textures/Tex_Rack_01_ID
[2022.02.10-00.48.10:234][ 90]AssetTools: /Game/ShoppingMall/Textures/Tex_Rack_01_D
[2022.02.10-00.48.10:234][ 90]AssetTools: /Game/ShoppingMall/Textures/Tex_Rack_01_ARM
[2022.02.10-00.48.10:234][ 90]AssetTools: /Game/ShoppingMall/Materials/Instance/Inst_Glass_03
[2022.02.10-00.48.10:234][ 90]AssetTools: /Game/ShoppingMall/Meshes/Interior/Electronics/SM_Glass_Cabinet_01
[2022.02.10-00.48.10:234][ 90]AssetTools: /Game/ShoppingMall/Materials/Instance/Inst_Rack_03
[2022.02.10-00.48.10:234][ 90]AssetTools: /Game/ShoppingMall/Blueprints/BP_Glass_Cabinet_02
[2022.02.10-00.48.10:234][ 90]AssetTools: /Game/ShoppingMall/Blueprints/BP_Glass_Cabinet_03
[2022.02.10-00.48.10:234][ 90]AssetTools: /Game/ShoppingMall/Blueprints/BP_Glass_Cabinet_04
[2022.02.10-00.48.10:234][ 90]AssetTools: /Game/ShoppingMall/Blueprints/BP_Glass_Cabinet_05
[2022.02.10-00.48.10:234][ 90]AssetTools: /Game/ShoppingMall/Meshes/Interior/Electronics/SM_Phone_Case_07
[2022.02.10-00.48.10:234][ 90]AssetTools: /Game/ShoppingMall/Meshes/Interior/Electronics/SM_Phone_Case_06
[2022.02.10-00.48.10:234][ 90]AssetTools: /Game/ShoppingMall/Meshes/Interior/Electronics/SM_Phone_Case_05
[2022.02.10-00.48.10:234][ 90]AssetTools: /Game/ShoppingMall/Meshes/Interior/Electronics/SM_Phone_Case_04
[2022.02.10-00.48.10:234][ 90]AssetTools: /Game/ShoppingMall/Meshes/Interior/Electronics/SM_Phone_Case_03
[2022.02.10-00.48.10:234][ 90]AssetTools: /Game/ShoppingMall/Meshes/Interior/Electronics/SM_Phone_Case_02
[2022.02.10-00.48.10:234][ 90]AssetTools: /Game/ShoppingMall/Meshes/Interior/Electronics/SM_Phone_Case_01
[2022.02.10-00.48.10:234][ 90]AssetTools: /Game/ShoppingMall/Meshes/Interior/Electronics/SM_Glass_Cabinet_02
[2022.02.10-00.48.10:234][ 90]AssetTools: /Game/ShoppingMall/Meshes/Interior/Electronics/SM_Box_09
[2022.02.10-00.48.10:234][ 90]AssetTools: /Game/ShoppingMall/Meshes/Interior/Electronics/SM_Box_08
[2022.02.10-00.48.10:234][ 90]AssetTools: /Game/ShoppingMall/Meshes/Interior/Electronics/SM_Box_07
[2022.02.10-00.48.10:234][ 90]AssetTools: /Game/ShoppingMall/Meshes/Interior/Electronics/SM_Box_06
[2022.02.10-00.48.10:234][ 90]AssetTools: /Game/ShoppingMall/Meshes/Interior/Electronics/SM_Box_05
[2022.02.10-00.48.10:234][ 90]AssetTools: /Game/ShoppingMall/Meshes/Interior/Electronics/SM_Box_04
[2022.02.10-00.48.10:234][ 90]AssetTools: /Game/ShoppingMall/Meshes/Interior/Electronics/SM_Box_03
[2022.02.10-00.48.10:234][ 90]AssetTools: /Game/ShoppingMall/Meshes/Interior/Electronics/SM_Box_02
[2022.02.10-00.48.10:234][ 90]AssetTools: /Game/ShoppingMall/Meshes/Interior/Electronics/SM_Box_01
[2022.02.10-00.48.10:234][ 90]AssetTools: /Game/ShoppingMall/Blueprints/BP_Glass_Cabinet_06
[2022.02.10-00.48.10:234][ 90]AssetTools: /Game/ShoppingMall/Meshes/Interior/Electronics/SM_Glass_Cabinet_03
[2022.02.10-00.48.10:234][ 90]AssetTools: /Game/ShoppingMall/Meshes/Interior/Electronics/SM_Box_13
[2022.02.10-00.48.10:234][ 90]AssetTools: /Game/ShoppingMall/Blueprints/BP_Glass_Cabinet_07
[2022.02.10-00.48.10:234][ 90]AssetTools: /Game/ShoppingMall/Meshes/Interior/Electronics/SM_Glass_Cabinet_04
[2022.02.10-00.48.10:234][ 90]AssetTools: /Game/ShoppingMall/Meshes/Interior/Electronics/SM_Box_14
[2022.02.10-00.48.10:235][ 90]AssetTools: /Game/ShoppingMall/Meshes/Interior/Electronics/SM_Box_12
[2022.02.10-00.48.10:235][ 90]AssetTools: /Game/ShoppingMall/Meshes/Interior/Electronics/SM_Box_11
[2022.02.10-00.48.10:235][ 90]AssetTools: /Game/ShoppingMall/Meshes/Interior/Electronics/SM_Box_10
[2022.02.10-00.48.10:235][ 90]AssetTools: /Game/ShoppingMall/Blueprints/BP_Glass_Cabinet_08
[2022.02.10-00.48.10:235][ 90]AssetTools: /Game/ShoppingMall/Blueprints/BP_Lamp_01
[2022.02.10-00.48.10:235][ 90]AssetTools: /Game/ShoppingMall/Meshes/Interior/Lamp/SM_Lamp_Old_01
[2022.02.10-00.48.10:235][ 90]AssetTools: /Game/ShoppingMall/Materials/Instance/Inst_Bulb_01
[2022.02.10-00.48.10:235][ 90]AssetTools: /Game/ShoppingMall/Materials/Mat_Bulb_01_Base
[2022.02.10-00.48.10:235][ 90]AssetTools: /Game/ShoppingMall/Materials/Instance/Inst_Lamp_Old
[2022.02.10-00.48.10:235][ 90]AssetTools: /Game/ShoppingMall/Textures/Tex_Lamp_Old_N
[2022.02.10-00.48.10:235][ 90]AssetTools: /Game/ShoppingMall/Textures/Tex_Lamp_Old_ID
[2022.02.10-00.48.10:235][ 90]AssetTools: /Game/ShoppingMall/Textures/Tex_Lamp_Old_D
[2022.02.10-00.48.10:235][ 90]AssetTools: /Game/ShoppingMall/Textures/Tex_Lamp_Old_ARM
[2022.02.10-00.48.10:235][ 90]AssetTools: /Game/ShoppingMall/Blueprints/BP_Lamp_02
[2022.02.10-00.48.10:235][ 90]AssetTools: /Game/ShoppingMall/Meshes/Interior/Lamp/SM_Lamp_Old_02
[2022.02.10-00.48.10:235][ 90]AssetTools: /Game/ShoppingMall/Materials/Instance/Inst_Glass_01
[2022.02.10-00.48.10:235][ 90]AssetTools: /Game/ShoppingMall/Blueprints/BP_Lamp_03
[2022.02.10-00.48.10:235][ 90]AssetTools: /Game/ShoppingMall/Meshes/Interior/Lamp/SM_Lamp_Old_03
[2022.02.10-00.48.10:235][ 90]AssetTools: /Game/ShoppingMall/Blueprints/BP_Lamp_04
[2022.02.10-00.48.10:235][ 90]AssetTools: /Game/ShoppingMall/Meshes/Interior/Lamp/SM_Lamp_05
[2022.02.10-00.48.10:235][ 90]AssetTools: /Game/ShoppingMall/Materials/Instance/Inst_Lamp_01
[2022.02.10-00.48.10:235][ 90]AssetTools: /Game/ShoppingMall/Textures/Tex_Lamp_01_N
[2022.02.10-00.48.10:235][ 90]AssetTools: /Game/ShoppingMall/Textures/Tex_Lamp_01_ID
[2022.02.10-00.48.10:235][ 90]AssetTools: /Game/ShoppingMall/Textures/Tex_Lamp_01_D
[2022.02.10-00.48.10:235][ 90]AssetTools: /Game/ShoppingMall/Textures/Tex_Lamp_01_ARM
[2022.02.10-00.48.10:235][ 90]AssetTools: /Game/ShoppingMall/Materials/Instance/Inst_Lamp_02
[2022.02.10-00.48.10:235][ 90]AssetTools: /Game/ShoppingMall/Materials/Mat_Base_03
[2022.02.10-00.48.10:235][ 90]AssetTools: /Game/ShoppingMall/Blueprints/BP_Pedestal_01
[2022.02.10-00.48.10:235][ 90]AssetTools: /Game/ShoppingMall/Meshes/Interior/Electronics/SM_Pedestal_01
[2022.02.10-00.48.10:235][ 90]AssetTools: /Game/ShoppingMall/Materials/Instance/Inst_Pedestal_01
[2022.02.10-00.48.10:235][ 90]AssetTools: /Game/ShoppingMall/Textures/Tex_Pedestal_01_N
[2022.02.10-00.48.10:235][ 90]AssetTools: /Game/ShoppingMall/Textures/Tex_Pedestal_01_ID
[2022.02.10-00.48.10:235][ 90]AssetTools: /Game/ShoppingMall/Textures/Tex_Pedestal_01_D
[2022.02.10-00.48.10:235][ 90]AssetTools: /Game/ShoppingMall/Textures/Tex_Pedestal_01_ARM
[2022.02.10-00.48.10:235][ 90]AssetTools: /Game/ShoppingMall/Blueprints/BP_Pedestal_02
[2022.02.10-00.48.10:235][ 90]AssetTools: /Game/ShoppingMall/Blueprints/BP_Pedestal_03
[2022.02.10-00.48.10:235][ 90]AssetTools: /Game/ShoppingMall/Blueprints/BP_Pedestal_04
[2022.02.10-00.48.10:235][ 90]AssetTools: /Game/ShoppingMall/Meshes/Interior/Electronics/SM_Laptop_04
[2022.02.10-00.48.10:235][ 90]AssetTools: /Game/ShoppingMall/Materials/Instance/Inst_Laptop_01
[2022.02.10-00.48.10:235][ 90]AssetTools: /Game/ShoppingMall/Textures/Tex_Laptop_01_N
[2022.02.10-00.48.10:235][ 90]AssetTools: /Game/ShoppingMall/Textures/Tex_Laptop_01_ID
[2022.02.10-00.48.10:235][ 90]AssetTools: /Game/ShoppingMall/Textures/Tex_Laptop_01_D
[2022.02.10-00.48.10:235][ 90]AssetTools: /Game/ShoppingMall/Textures/Tex_Laptop_01_ARM
[2022.02.10-00.48.10:235][ 90]AssetTools: /Game/ShoppingMall/Materials/Instance/Inst_Keyboard_02
[2022.02.10-00.48.10:235][ 90]AssetTools: /Game/ShoppingMall/Textures/Tex_Keyboard_03_D
[2022.02.10-00.48.10:235][ 90]AssetTools: /Game/ShoppingMall/Materials/Instance/Inst_Computer_Screen_02
[2022.02.10-00.48.10:235][ 90]AssetTools: /Game/ShoppingMall/Textures/Tex_Computer_Screen_02_D
[2022.02.10-00.48.10:235][ 90]AssetTools: /Game/ShoppingMall/Textures/Tex_Red_ID
[2022.02.10-00.48.10:235][ 90]AssetTools: /Game/ShoppingMall/Meshes/Interior/Electronics/SM_Laptop_03
[2022.02.10-00.48.10:235][ 90]AssetTools: /Game/ShoppingMall/Materials/Instance/Inst_Computer_Screen_01
[2022.02.10-00.48.10:236][ 90]AssetTools: /Game/ShoppingMall/Textures/Tex_Computer_Screen_01_D
[2022.02.10-00.48.10:236][ 90]AssetTools: /Game/ShoppingMall/Materials/Instance/Inst_Monitor_Screen
[2022.02.10-00.48.10:236][ 90]AssetTools: /Game/ShoppingMall/Textures/Tex_Roughness_01_R
[2022.02.10-00.48.10:236][ 90]AssetTools: /Game/ShoppingMall/Textures/Tex_Plastic_01_D
[2022.02.10-00.48.10:236][ 90]AssetTools: /Game/ShoppingMall/Textures/Tex_Plastic_01_N
[2022.02.10-00.48.10:236][ 90]AssetTools: /Game/ShoppingMall/Materials/Instance/Inst_Laptop_02
[2022.02.10-00.48.10:236][ 90]AssetTools: /Game/ShoppingMall/Textures/Tex_Laptop_02_D
[2022.02.10-00.48.10:236][ 90]AssetTools: /Game/ShoppingMall/Blueprints/BP_Pedestal_05
[2022.02.10-00.48.10:236][ 90]AssetTools: /Game/ShoppingMall/Meshes/Interior/Electronics/SM_Pedestal_05
[2022.02.10-00.48.10:236][ 90]AssetTools: /Game/ShoppingMall/Materials/Instance/Inst_Smartphone_Ads_02
[2022.02.10-00.48.10:236][ 90]AssetTools: /Game/ShoppingMall/Textures/Tex_Smartphone_Ads_02_D
[2022.02.10-00.48.10:236][ 90]AssetTools: /Game/ShoppingMall/Materials/Instance/Inst_Pedestal_02
[2022.02.10-00.48.10:236][ 90]AssetTools: /Game/ShoppingMall/Textures/Tex_Pedestal_02_N
[2022.02.10-00.48.10:236][ 90]AssetTools: /Game/ShoppingMall/Textures/Tex_Pedestal_02_ID
[2022.02.10-00.48.10:236][ 90]AssetTools: /Game/ShoppingMall/Textures/Tex_Pedestal_02_D
[2022.02.10-00.48.10:236][ 90]AssetTools: /Game/ShoppingMall/Textures/Tex_Pedestal_02_ARM
[2022.02.10-00.48.10:236][ 90]AssetTools: /Game/ShoppingMall/Materials/Instance/Inst_Smartphone_Ads_01
[2022.02.10-00.48.10:236][ 90]AssetTools: /Game/ShoppingMall/Textures/Tex_Smartphone_Ads_01_D
[2022.02.10-00.48.10:236][ 90]AssetTools: /Game/ShoppingMall/Blueprints/BP_Pedestal_06
[2022.02.10-00.48.10:236][ 90]AssetTools: /Game/ShoppingMall/Blueprints/BP_Pedestal_07
[2022.02.10-00.48.10:236][ 90]AssetTools: /Game/ShoppingMall/Materials/Instance/Inst_Smartphone_Ads_03
[2022.02.10-00.48.10:236][ 90]AssetTools: /Game/ShoppingMall/Textures/Tex_Smartphone_Ads_03_D
[2022.02.10-00.48.10:236][ 90]AssetTools: /Game/ShoppingMall/Blueprints/BP_Pedestal_08
[2022.02.10-00.48.10:236][ 90]AssetTools: /Game/ShoppingMall/Meshes/Interior/Electronics/SM_Pedestal_06
[2022.02.10-00.48.10:236][ 90]AssetTools: /Game/ShoppingMall/Materials/Instance/Inst_Smartphone_Ads_04
[2022.02.10-00.48.10:236][ 90]AssetTools: /Game/ShoppingMall/Textures/Tex_Smartphone_Ads_04_D
[2022.02.10-00.48.10:236][ 90]AssetTools: /Game/ShoppingMall/Blueprints/BP_Pedestal_09
[2022.02.10-00.48.10:236][ 90]AssetTools: /Game/ShoppingMall/Materials/Instance/Inst_Smartphone_Ads_05
[2022.02.10-00.48.10:236][ 90]AssetTools: /Game/ShoppingMall/Textures/Tex_Smartphone_Ads_05_D
[2022.02.10-00.48.10:236][ 90]AssetTools: /Game/ShoppingMall/Blueprints/BP_Pedestal_10
[2022.02.10-00.48.10:236][ 90]AssetTools: /Game/ShoppingMall/Materials/Instance/Inst_Smartphone_Ads_06
[2022.02.10-00.48.10:236][ 90]AssetTools: /Game/ShoppingMall/Textures/Tex_Smartphone_Ads_06_D
[2022.02.10-00.48.10:236][ 90]AssetTools: /Game/ShoppingMall/Blueprints/BP_Pedestal_11
[2022.02.10-00.48.10:236][ 90]AssetTools: /Game/ShoppingMall/Blueprints/BP_Poster_01
[2022.02.10-00.48.10:236][ 90]AssetTools: /Game/ShoppingMall/Meshes/Interior/Electronics/SM_Poster_01
[2022.02.10-00.48.10:236][ 90]AssetTools: /Game/ShoppingMall/Materials/Instance/Inst_Plastic_06
[2022.02.10-00.48.10:236][ 90]AssetTools: /Game/ShoppingMall/Textures/Tex_Plastic_01_R
[2022.02.10-00.48.10:236][ 90]AssetTools: /Game/ShoppingMall/Materials/Instance/Inst_Plastic_04
[2022.02.10-00.48.10:236][ 90]AssetTools: /Game/ShoppingMall/Textures/Tex_Plastic_02_R
[2022.02.10-00.48.10:236][ 90]AssetTools: /Game/ShoppingMall/Blueprints/BP_Poster_02
[2022.02.10-00.48.10:236][ 90]AssetTools: /Game/ShoppingMall/Blueprints/BP_Poster_03
[2022.02.10-00.48.10:236][ 90]AssetTools: /Game/ShoppingMall/Blueprints/BP_Rack_01
[2022.02.10-00.48.10:236][ 90]AssetTools: /Game/ShoppingMall/Meshes/Interior/Electronics/SM_Rack_01
[2022.02.10-00.48.10:236][ 90]AssetTools: /Game/ShoppingMall/Materials/Instance/Inst_Metal_Railings_02
[2022.02.10-00.48.10:236][ 90]AssetTools: /Game/ShoppingMall/Meshes/Interior/Electronics/SM_Monitor_01
[2022.02.10-00.48.10:236][ 90]AssetTools: /Game/ShoppingMall/Materials/Instance/Inst_Screen_04
[2022.02.10-00.48.10:236][ 90]AssetTools: /Game/ShoppingMall/Materials/Instance/Inst_Laptop_03
[2022.02.10-00.48.10:236][ 90]AssetTools: /Game/ShoppingMall/Blueprints/BP_Rack_02
[2022.02.10-00.48.10:236][ 90]AssetTools: /Game/ShoppingMall/Meshes/Interior/Electronics/SM_Laptop_05
[2022.02.10-00.48.10:236][ 90]AssetTools: /Game/ShoppingMall/Meshes/Interior/Electronics/SM_Laptop_02
[2022.02.10-00.48.10:236][ 90]AssetTools: /Game/ShoppingMall/Blueprints/BP_Rack_03
[2022.02.10-00.48.10:236][ 90]AssetTools: /Game/ShoppingMall/Meshes/Interior/Electronics/SM_Laptop_06
[2022.02.10-00.48.10:236][ 90]AssetTools: /Game/ShoppingMall/Meshes/Interior/Electronics/SM_Laptop_01
[2022.02.10-00.48.10:236][ 90]AssetTools: /Game/ShoppingMall/Blueprints/BP_Rack_04
[2022.02.10-00.48.10:236][ 90]AssetTools: /Game/ShoppingMall/Meshes/Interior/Electronics/SM_Monitor_02
[2022.02.10-00.48.10:236][ 90]AssetTools: /Game/ShoppingMall/Materials/Instance/Inst_Screen_03
[2022.02.10-00.48.10:236][ 90]AssetTools: /Game/ShoppingMall/Textures/Tex_Screen_03_D
[2022.02.10-00.48.10:236][ 90]AssetTools: /Game/ShoppingMall/Blueprints/BP_Rack_05
[2022.02.10-00.48.10:236][ 90]AssetTools: /Game/ShoppingMall/Meshes/Interior/Electronics/SM_Monitor_04
[2022.02.10-00.48.10:236][ 90]AssetTools: /Game/ShoppingMall/Materials/Instance/Inst_Monitor
[2022.02.10-00.48.10:236][ 90]AssetTools: /Game/ShoppingMall/Textures/Tex_Monitor_01_N
[2022.02.10-00.48.10:236][ 90]AssetTools: /Game/ShoppingMall/Textures/Tex_Monitor_01_D
[2022.02.10-00.48.10:236][ 90]AssetTools: /Game/ShoppingMall/Textures/Tex_Monitor_01_ARM
[2022.02.10-00.48.10:236][ 90]AssetTools: /Game/ShoppingMall/Materials/Instance/Inst_Screen_02
[2022.02.10-00.48.10:236][ 90]AssetTools: /Game/ShoppingMall/Textures/Tex_Screen_02_D
[2022.02.10-00.48.10:237][ 90]AssetTools: /Game/ShoppingMall/Blueprints/BP_Rack_06
[2022.02.10-00.48.10:237][ 90]AssetTools: /Game/ShoppingMall/Meshes/Interior/Electronics/SM_Rack_02
[2022.02.10-00.48.10:237][ 90]AssetTools: /Game/ShoppingMall/Meshes/Interior/Electronics/SM_Monitor_03
[2022.02.10-00.48.10:237][ 90]AssetTools: /Game/ShoppingMall/Materials/Instance/Inst_Screen_01
[2022.02.10-00.48.10:237][ 90]AssetTools: /Game/ShoppingMall/Textures/Tex_Screen_01_D
[2022.02.10-00.48.10:237][ 90]AssetTools: /Game/ShoppingMall/Blueprints/BP_Rack_07
[2022.02.10-00.48.10:237][ 90]AssetTools: /Game/ShoppingMall/Materials/Instance/Inst_Laptop_04
[2022.02.10-00.48.10:237][ 90]AssetTools: /Game/ShoppingMall/Blueprints/BP_Rack_08
[2022.02.10-00.48.10:237][ 90]AssetTools: /Game/ShoppingMall/Meshes/Interior/Electronics/SM_Keyboard_02
[2022.02.10-00.48.10:237][ 90]AssetTools: /Game/ShoppingMall/Meshes/Interior/Electronics/SM_Keyboard_01
[2022.02.10-00.48.10:237][ 90]AssetTools: /Game/ShoppingMall/Materials/Instance/Inst_Keyboard_03
[2022.02.10-00.48.10:237][ 90]AssetTools: /Game/ShoppingMall/Textures/Tex_keyboard_02_D
[2022.02.10-00.48.10:237][ 90]AssetTools: /Game/ShoppingMall/Materials/Instance/Inst_Plastic_05
[2022.02.10-00.48.10:237][ 90]AssetTools: /Game/ShoppingMall/Textures/Tex_Tile_Facade_01_R
[2022.02.10-00.48.10:237][ 90]AssetTools: /Game/ShoppingMall/Blueprints/BP_Rack_09
[2022.02.10-00.48.10:237][ 90]AssetTools: /Game/ShoppingMall/Meshes/Interior/Electronics/SM_Microwave_Oven_02
[2022.02.10-00.48.10:237][ 90]AssetTools: /Game/ShoppingMall/Materials/Instance/Inst_Gas_Stove_01
[2022.02.10-00.48.10:237][ 90]AssetTools: /Game/ShoppingMall/Textures/Tex_Microwave_01_N
[2022.02.10-00.48.10:237][ 90]AssetTools: /Game/ShoppingMall/Textures/Tex_Microwave_01_ID
[2022.02.10-00.48.10:237][ 90]AssetTools: /Game/ShoppingMall/Textures/Tex_Microwave_01_D
[2022.02.10-00.48.10:237][ 90]AssetTools: /Game/ShoppingMall/Textures/Tex_Microwave_01_ARM
[2022.02.10-00.48.10:237][ 90]AssetTools: /Game/ShoppingMall/Meshes/Interior/Electronics/SM_Microwave_Oven_01
[2022.02.10-00.48.10:237][ 90]AssetTools: /Game/ShoppingMall/Materials/Instance/Inst_Gas_Stove_02
[2022.02.10-00.48.10:237][ 90]AssetTools: /Game/ShoppingMall/Textures/Tex_Microwave_02_N
[2022.02.10-00.48.10:237][ 90]AssetTools: /Game/ShoppingMall/Textures/Tex_Microwave_02_D
[2022.02.10-00.48.10:237][ 90]AssetTools: /Game/ShoppingMall/Textures/Tex_Microwave_02_ARM
[2022.02.10-00.48.10:237][ 90]AssetTools: /Game/ShoppingMall/Blueprints/BP_Rack_10
[2022.02.10-00.48.10:237][ 90]AssetTools: /Game/ShoppingMall/Meshes/Interior/Electronics/SM_Electric_Kettle_02
[2022.02.10-00.48.10:237][ 90]AssetTools: /Game/ShoppingMall/Materials/Instance/Inst_Electric_Kettle_01
[2022.02.10-00.48.10:237][ 90]AssetTools: /Game/ShoppingMall/Textures/Tex_Electric_Kettle_01_N
[2022.02.10-00.48.10:237][ 90]AssetTools: /Game/ShoppingMall/Textures/Tex_Electric_Kettle_01_ID
[2022.02.10-00.48.10:237][ 90]AssetTools: /Game/ShoppingMall/Textures/Tex_Electric_Kettle_01_D
[2022.02.10-00.48.10:237][ 90]AssetTools: /Game/ShoppingMall/Textures/Tex_Electric_Kettle_01_ARM
[2022.02.10-00.48.10:237][ 90]AssetTools: /Game/ShoppingMall/Meshes/Interior/Electronics/SM_Electric_Kettle_01
[2022.02.10-00.48.10:237][ 90]AssetTools: /Game/ShoppingMall/Materials/Instance/Inst_Electric_Kettle_05
[2022.02.10-00.48.10:237][ 90]AssetTools: /Game/ShoppingMall/Materials/Instance/Inst_Electric_Kettle_03
[2022.02.10-00.48.10:237][ 90]AssetTools: /Game/ShoppingMall/Materials/Instance/Inst_Electric_Kettle_02
[2022.02.10-00.48.10:237][ 90]AssetTools: /Game/ShoppingMall/Textures/Tex_Electric_Kettle_02_D
[2022.02.10-00.48.10:237][ 90]AssetTools: /Game/ShoppingMall/Textures/Tex_Electric_Kettle_02_ARM
[2022.02.10-00.48.10:237][ 90]AssetTools: /Game/ShoppingMall/Blueprints/BP_Rack_11
[2022.02.10-00.48.10:237][ 90]AssetTools: /Game/ShoppingMall/Materials/Instance/Inst_Gas_Stove_03
[2022.02.10-00.48.10:237][ 90]AssetTools: /Game/ShoppingMall/Blueprints/BP_Rack_12
[2022.02.10-00.48.10:237][ 90]AssetTools: /Game/ShoppingMall/Meshes/Interior/Electronics/SM_Coffee_Machine_01
[2022.02.10-00.48.10:237][ 90]AssetTools: /Game/ShoppingMall/Blueprints/BP_Rack_13
[2022.02.10-00.48.10:237][ 90]AssetTools: /Game/ShoppingMall/Meshes/Interior/Electronics/SM_Toaster
[2022.02.10-00.48.10:237][ 90]AssetTools: /Game/ShoppingMall/Blueprints/BP_Rack_14
[2022.02.10-00.48.10:237][ 90]AssetTools: /Game/ShoppingMall/Blueprints/BP_Rack_15
[2022.02.10-00.48.10:237][ 90]AssetTools: /Game/ShoppingMall/Materials/Instance/Inst_Gas_Stove_05
[2022.02.10-00.48.10:237][ 90]AssetTools: /Game/ShoppingMall/Materials/Instance/Inst_Gas_Stove_04
[2022.02.10-00.48.10:237][ 90]AssetTools: /Game/ShoppingMall/Blueprints/BP_Rack_16
[2022.02.10-00.48.10:237][ 90]AssetTools: /Game/ShoppingMall/Blueprints/BP_Rack_17
[2022.02.10-00.48.10:237][ 90]AssetTools: /Game/ShoppingMall/Blueprints/BP_Rack_Clothes_01
[2022.02.10-00.48.10:237][ 90]AssetTools: /Game/ShoppingMall/Meshes/Interior/Clothes/SM_Rack_03
[2022.02.10-00.48.10:237][ 90]AssetTools: /Game/ShoppingMall/Materials/Instance/Inst_Rack_04
[2022.02.10-00.48.10:238][ 90]AssetTools: /Game/ShoppingMall/Textures/Tex_Rack_02_N
[2022.02.10-00.48.10:238][ 90]AssetTools: /Game/ShoppingMall/Textures/Tex_Rack_02_ID
[2022.02.10-00.48.10:238][ 90]AssetTools: /Game/ShoppingMall/Textures/Tex_Rack_02_D
[2022.02.10-00.48.10:238][ 90]AssetTools: /Game/ShoppingMall/Textures/Tex_Rack_02_ARM
[2022.02.10-00.48.10:238][ 90]AssetTools: /Game/ShoppingMall/Meshes/Interior/Clothes/SM_Clothes_02
[2022.02.10-00.48.10:238][ 90]AssetTools: /Game/ShoppingMall/Materials/Instance/Inst_Clothes_01
[2022.02.10-00.48.10:238][ 90]AssetTools: /Game/ShoppingMall/Textures/Tex_Clothes_01_N
[2022.02.10-00.48.10:238][ 90]AssetTools: /Game/ShoppingMall/Textures/Tex_Clothes_01_ID
[2022.02.10-00.48.10:238][ 90]AssetTools: /Game/ShoppingMall/Textures/Tex_Clothes_01_D
[2022.02.10-00.48.10:238][ 90]AssetTools: /Game/ShoppingMall/Textures/Tex_Clothes_01_ARM
[2022.02.10-00.48.10:238][ 90]AssetTools: /Game/ShoppingMall/Meshes/Interior/Clothes/SM_Clothes_01
[2022.02.10-00.48.10:238][ 90]AssetTools: /Game/ShoppingMall/Materials/Instance/Inst_Clothes_03
[2022.02.10-00.48.10:238][ 90]AssetTools: /Game/ShoppingMall/Textures/Tex_Clothes_03_N
[2022.02.10-00.48.10:238][ 90]AssetTools: /Game/ShoppingMall/Textures/Tex_Clothes_03_D
[2022.02.10-00.48.10:238][ 90]AssetTools: /Game/ShoppingMall/Materials/Instance/Inst_Clothes_02
[2022.02.10-00.48.10:238][ 90]AssetTools: /Game/ShoppingMall/Textures/Tex_Clothes_02_D
[2022.02.10-00.48.10:238][ 90]AssetTools: /Game/ShoppingMall/Blueprints/BP_Rack_Clothes_02
[2022.02.10-00.48.10:238][ 90]AssetTools: /Game/ShoppingMall/Meshes/Interior/Clothes/SM_Clothes_07
[2022.02.10-00.48.10:238][ 90]AssetTools: /Game/ShoppingMall/Materials/Instance/Inst_Clothes_04
[2022.02.10-00.48.10:238][ 90]AssetTools: /Game/ShoppingMall/Textures/Tex_Clothes_04_N
[2022.02.10-00.48.10:238][ 90]AssetTools: /Game/ShoppingMall/Textures/Tex_Clothes_04_ID
[2022.02.10-00.48.10:238][ 90]AssetTools: /Game/ShoppingMall/Textures/Tex_Clothes_04_D
[2022.02.10-00.48.10:238][ 90]AssetTools: /Game/ShoppingMall/Textures/Tex_Clothes_04_ARM
[2022.02.10-00.48.10:238][ 90]AssetTools: /Game/ShoppingMall/Meshes/Interior/Clothes/SM_Clothes_04
[2022.02.10-00.48.10:238][ 90]AssetTools: /Game/ShoppingMall/Materials/Instance/Inst_Clothes_05
[2022.02.10-00.48.10:238][ 90]AssetTools: /Game/ShoppingMall/Textures/Tex_Clothes_05_N
[2022.02.10-00.48.10:238][ 90]AssetTools: /Game/ShoppingMall/Textures/Tex_Clothes_05_D
[2022.02.10-00.48.10:238][ 90]AssetTools: /Game/ShoppingMall/Blueprints/BP_Rack_Clothes_03
[2022.02.10-00.48.10:238][ 90]AssetTools: /Game/ShoppingMall/Meshes/Interior/Clothes/SM_Bag_01
[2022.02.10-00.48.10:238][ 90]AssetTools: /Game/ShoppingMall/Materials/Instance/Inst_Hats_01
[2022.02.10-00.48.10:238][ 90]AssetTools: /Game/ShoppingMall/Textures/Tex_Hats_01_N
[2022.02.10-00.48.10:238][ 90]AssetTools: /Game/ShoppingMall/Textures/Tex_Hats_01_ID
[2022.02.10-00.48.10:238][ 90]AssetTools: /Game/ShoppingMall/Textures/Tex_Hats_01_D
[2022.02.10-00.48.10:238][ 90]AssetTools: /Game/ShoppingMall/Textures/Tex_Hats_01_ARM
[2022.02.10-00.48.10:238][ 90]AssetTools: /Game/ShoppingMall/Materials/Instance/Inst_Hats_02
[2022.02.10-00.48.10:238][ 90]AssetTools: /Game/ShoppingMall/Textures/Tex_Hats_02_D
[2022.02.10-00.48.10:238][ 90]AssetTools: /Game/ShoppingMall/Meshes/Interior/Clothes/SM_Rack_04
[2022.02.10-00.48.10:238][ 90]AssetTools: /Game/ShoppingMall/Meshes/Interior/Clothes/SM_Clothes_03
[2022.02.10-00.48.10:238][ 90]AssetTools: /Game/ShoppingMall/Meshes/Interior/Clothes/SM_Boot_06
[2022.02.10-00.48.10:238][ 90]AssetTools: /Game/ShoppingMall/Materials/Instance/Inst_Boots_01
[2022.02.10-00.48.10:238][ 90]AssetTools: /Game/ShoppingMall/Textures/Tex_Boots_01_N
[2022.02.10-00.48.10:238][ 90]AssetTools: /Game/ShoppingMall/Textures/Tex_Boots_01_ID
[2022.02.10-00.48.10:238][ 90]AssetTools: /Game/ShoppingMall/Textures/Tex_Boots_01_D
[2022.02.10-00.48.10:238][ 90]AssetTools: /Game/ShoppingMall/Textures/Tex_Boots_01_ARM
[2022.02.10-00.48.10:238][ 90]AssetTools: /Game/ShoppingMall/Meshes/Interior/Clothes/SM_Boot_04
[2022.02.10-00.48.10:238][ 90]AssetTools: /Game/ShoppingMall/Blueprints/BP_Rack_Clothes_04
[2022.02.10-00.48.10:238][ 90]AssetTools: /Game/ShoppingMall/Meshes/Interior/Clothes/SM_Shoe_Box_01
[2022.02.10-00.48.10:238][ 90]AssetTools: /Game/ShoppingMall/Materials/Instance/Inst_Boots_02
[2022.02.10-00.48.10:238][ 90]AssetTools: /Game/ShoppingMall/Textures/Tex_Boots_02_D
[2022.02.10-00.48.10:238][ 90]AssetTools: /Game/ShoppingMall/Meshes/Interior/Clothes/SM_Clothes_11
[2022.02.10-00.48.10:238][ 90]AssetTools: /Game/ShoppingMall/Materials/Instance/Inst_Clothes_06
[2022.02.10-00.48.10:238][ 90]AssetTools: /Game/ShoppingMall/Textures/Tex_Clothes_06_N
[2022.02.10-00.48.10:238][ 90]AssetTools: /Game/ShoppingMall/Textures/Tex_Clothes_06_ID
[2022.02.10-00.48.10:238][ 90]AssetTools: /Game/ShoppingMall/Textures/Tex_Clothes_06_D
[2022.02.10-00.48.10:238][ 90]AssetTools: /Game/ShoppingMall/Textures/Tex_Clothes_06_ARM
[2022.02.10-00.48.10:238][ 90]AssetTools: /Game/ShoppingMall/Meshes/Interior/Clothes/SM_Boot_09
[2022.02.10-00.48.10:238][ 90]AssetTools: /Game/ShoppingMall/Meshes/Interior/Clothes/SM_Boot_08
[2022.02.10-00.48.10:238][ 90]AssetTools: /Game/ShoppingMall/Meshes/Interior/Clothes/SM_Boot_07
[2022.02.10-00.48.10:238][ 90]AssetTools: /Game/ShoppingMall/Materials/Instance/Inst_Clothes_07
[2022.02.10-00.48.10:238][ 90]AssetTools: /Game/ShoppingMall/Textures/Tex_Clothes_07_N
[2022.02.10-00.48.10:238][ 90]AssetTools: /Game/ShoppingMall/Textures/Tex_Clothes_07_D
[2022.02.10-00.48.10:238][ 90]AssetTools: /Game/ShoppingMall/Textures/Tex_Clothes_07_ARM
[2022.02.10-00.48.10:238][ 90]AssetTools: /Game/ShoppingMall/Blueprints/BP_Rack_Clothes_05
[2022.02.10-00.48.10:238][ 90]AssetTools: /Game/ShoppingMall/Blueprints/BP_Rack_Clothes_06
[2022.02.10-00.48.10:238][ 90]AssetTools: /Game/ShoppingMall/Meshes/Interior/Clothes/SM_Hanger_04
[2022.02.10-00.48.10:238][ 90]AssetTools: /Game/ShoppingMall/Materials/Instance/Inst_Rack_05
[2022.02.10-00.48.10:239][ 90]AssetTools: /Game/ShoppingMall/Textures/Tex_Rack_03_N
[2022.02.10-00.48.10:239][ 90]AssetTools: /Game/ShoppingMall/Textures/Tex_Rack_03_ID
[2022.02.10-00.48.10:239][ 90]AssetTools: /Game/ShoppingMall/Textures/Tex_Rack_03_D
[2022.02.10-00.48.10:239][ 90]AssetTools: /Game/ShoppingMall/Textures/Tex_Rack_03_ARM
[2022.02.10-00.48.10:239][ 90]AssetTools: /Game/ShoppingMall/Blueprints/BP_Rack_Clothes_07
[2022.02.10-00.48.10:239][ 90]AssetTools: /Game/ShoppingMall/Meshes/Interior/Clothes/SM_Clothes_12
[2022.02.10-00.48.10:239][ 90]AssetTools: /Game/ShoppingMall/Blueprints/BP_Rack_Clothes_08
[2022.02.10-00.48.10:239][ 90]AssetTools: /Game/ShoppingMall/Meshes/Interior/Clothes/SM_Clothes_05
[2022.02.10-00.48.10:239][ 90]AssetTools: /Game/ShoppingMall/Blueprints/BP_Rack_Clothes_09
[2022.02.10-00.48.10:239][ 90]AssetTools: /Game/ShoppingMall/Meshes/Interior/Clothes/SM_Hanger_03
[2022.02.10-00.48.10:239][ 90]AssetTools: /Game/ShoppingMall/Blueprints/BP_Rack_Clothes_10
[2022.02.10-00.48.10:239][ 90]AssetTools: /Game/ShoppingMall/Blueprints/BP_Rack_Clothes_11
[2022.02.10-00.48.10:239][ 90]AssetTools: /Game/ShoppingMall/Meshes/Interior/Clothes/SM_Trousers_01
[2022.02.10-00.48.10:239][ 90]AssetTools: /Game/ShoppingMall/Meshes/Interior/Clothes/SM_Hanger_02
[2022.02.10-00.48.10:239][ 90]AssetTools: /Game/ShoppingMall/Materials/Instance/Inst_Hats_03
[2022.02.10-00.48.10:239][ 90]AssetTools: /Game/ShoppingMall/Blueprints/BP_Rack_Clothes_12
[2022.02.10-00.48.10:239][ 90]AssetTools: /Game/ShoppingMall/Blueprints/BP_Rack_Clothes_13
[2022.02.10-00.48.10:239][ 90]AssetTools: /Game/ShoppingMall/Meshes/Interior/Clothes/SM_Clothes_09
[2022.02.10-00.48.10:239][ 90]AssetTools: /Game/ShoppingMall/Blueprints/BP_Rack_Clothes_14
[2022.02.10-00.48.10:239][ 90]AssetTools: /Game/ShoppingMall/Blueprints/BP_Rack_Clothes_15
[2022.02.10-00.48.10:239][ 90]AssetTools: /Game/ShoppingMall/Blueprints/BP_Rack_Clothes_16
[2022.02.10-00.48.10:239][ 90]AssetTools: /Game/ShoppingMall/Meshes/Interior/Clothes/SM_Clothes_14
[2022.02.10-00.48.10:239][ 90]AssetTools: /Game/ShoppingMall/Meshes/Interior/Clothes/SM_Clothes_13
[2022.02.10-00.48.10:239][ 90]AssetTools: /Game/ShoppingMall/Blueprints/BP_Rack_Clothes_17
[2022.02.10-00.48.10:239][ 90]AssetTools: /Game/ShoppingMall/Meshes/Interior/Clothes/SM_Clothes_10
[2022.02.10-00.48.10:239][ 90]AssetTools: /Game/ShoppingMall/Blueprints/BP_Rack_Clothes_18
[2022.02.10-00.48.10:239][ 90]AssetTools: /Game/ShoppingMall/Meshes/Interior/Clothes/SM_Jacket_01
[2022.02.10-00.48.10:239][ 90]AssetTools: /Game/ShoppingMall/Blueprints/BP_Rack_Clothes_19
[2022.02.10-00.48.10:239][ 90]AssetTools: /Game/ShoppingMall/Meshes/Interior/Clothes/SM_Clothes_16
[2022.02.10-00.48.10:239][ 90]AssetTools: /Game/ShoppingMall/Materials/Instance/Inst_Clothes_08
[2022.02.10-00.48.10:239][ 90]AssetTools: /Game/ShoppingMall/Textures/Tex_Clothes_09_ARM
[2022.02.10-00.48.10:239][ 90]AssetTools: /Game/ShoppingMall/Textures/Tex_Clothes_08_N
[2022.02.10-00.48.10:239][ 90]AssetTools: /Game/ShoppingMall/Textures/Tex_Clothes_08_ID
[2022.02.10-00.48.10:239][ 90]AssetTools: /Game/ShoppingMall/Textures/Tex_Clothes_08_D
[2022.02.10-00.48.10:239][ 90]AssetTools: /Game/ShoppingMall/Meshes/Interior/Clothes/SM_Clothes_15
[2022.02.10-00.48.10:239][ 90]AssetTools: /Game/ShoppingMall/Blueprints/BP_Rack_Clothes_20
[2022.02.10-00.48.10:239][ 90]AssetTools: /Game/ShoppingMall/Meshes/Interior/Clothes/SM_Clothes_06
[2022.02.10-00.48.10:239][ 90]AssetTools: /Game/ShoppingMall/Materials/Instance/Inst_Clothes_12
[2022.02.10-00.48.10:239][ 90]AssetTools: /Game/ShoppingMall/Textures/Tex_Clothes_09_ID
[2022.02.10-00.48.10:239][ 90]AssetTools: /Game/ShoppingMall/Textures/Tex_Clothes_09_D
[2022.02.10-00.48.10:239][ 90]AssetTools: /Game/ShoppingMall/Materials/Instance/Inst_Clothes_09
[2022.02.10-00.48.10:239][ 90]AssetTools: /Game/ShoppingMall/Blueprints/BP_Rack_Clothes_21
[2022.02.10-00.48.10:239][ 90]AssetTools: /Game/ShoppingMall/Blueprints/BP_Rack_Clothes_22
[2022.02.10-00.48.10:239][ 90]AssetTools: /Game/ShoppingMall/Meshes/Interior/Clothes/SM_Rack_05
[2022.02.10-00.48.10:239][ 90]AssetTools: /Game/ShoppingMall/Meshes/Interior/Clothes/SM_Hat_04
[2022.02.10-00.48.10:240][ 90]AssetTools: /Game/ShoppingMall/Meshes/Interior/Clothes/SM_Boot_10
[2022.02.10-00.48.10:240][ 90]AssetTools: /Game/ShoppingMall/Meshes/Interior/Clothes/SM_Boot_05
[2022.02.10-00.48.10:240][ 90]AssetTools: /Game/ShoppingMall/Meshes/Interior/Clothes/SM_Boot_02
[2022.02.10-00.48.10:240][ 90]AssetTools: /Game/ShoppingMall/Materials/Instance/Inst_Boots_03
[2022.02.10-00.48.10:240][ 90]AssetTools: /Game/ShoppingMall/Blueprints/BP_Rack_Clothes_23
[2022.02.10-00.48.10:240][ 90]AssetTools: /Game/ShoppingMall/Blueprints/BP_Rack_Clothes_24
[2022.02.10-00.48.10:240][ 90]AssetTools: /Game/ShoppingMall/Blueprints/BP_Rack_Clothes_25
[2022.02.10-00.48.10:240][ 90]AssetTools: /Game/ShoppingMall/Blueprints/BP_Rack_Clothes_26
[2022.02.10-00.48.10:240][ 90]AssetTools: /Game/ShoppingMall/Blueprints/BP_Rack_Clothes_27
[2022.02.10-00.48.10:240][ 90]AssetTools: /Game/ShoppingMall/Blueprints/BP_Rack_Clothes_28
[2022.02.10-00.48.10:240][ 90]AssetTools: /Game/ShoppingMall/Blueprints/BP_Rack_Clothes_29
[2022.02.10-00.48.10:240][ 90]AssetTools: /Game/ShoppingMall/Blueprints/BP_Rack_Clothes_30
[2022.02.10-00.48.10:240][ 90]AssetTools: /Game/ShoppingMall/Meshes/Interior/Clothes/SM_Hat_02
[2022.02.10-00.48.10:240][ 90]AssetTools: /Game/ShoppingMall/Meshes/Interior/Clothes/SM_Hat_01
[2022.02.10-00.48.10:240][ 90]AssetTools: /Game/ShoppingMall/Meshes/Interior/Clothes/SM_Boot_03
[2022.02.10-00.48.10:240][ 90]AssetTools: /Game/ShoppingMall/Blueprints/BP_Rack_Clothes_31
[2022.02.10-00.48.10:240][ 90]AssetTools: /Game/ShoppingMall/Meshes/Interior/Clothes/SM_Shoe_Box_02
[2022.02.10-00.48.10:240][ 90]AssetTools: /Game/ShoppingMall/Meshes/Interior/Clothes/SM_Rack_08
[2022.02.10-00.48.10:240][ 90]AssetTools: /Game/ShoppingMall/Blueprints/BP_Rack_Clothes_32
[2022.02.10-00.48.10:240][ 90]AssetTools: /Game/ShoppingMall/Blueprints/BP_Rack_Clothes_33
[2022.02.10-00.48.10:240][ 90]AssetTools: /Game/ShoppingMall/Blueprints/BP_Rack_Clothes_34
[2022.02.10-00.48.10:240][ 90]AssetTools: /Game/ShoppingMall/Blueprints/BP_Rack_Clothes_35
[2022.02.10-00.48.10:240][ 90]AssetTools: /Game/ShoppingMall/Meshes/Interior/Clothes/SM_Rack_11
[2022.02.10-00.48.10:240][ 90]AssetTools: /Game/ShoppingMall/Blueprints/BP_Rack_Clothes_36
[2022.02.10-00.48.10:240][ 90]AssetTools: /Game/ShoppingMall/Blueprints/BP_Rack_Clothes_37
[2022.02.10-00.48.10:240][ 90]AssetTools: /Game/ShoppingMall/Blueprints/BP_Rack_Clothes_38
[2022.02.10-00.48.10:240][ 90]AssetTools: /Game/ShoppingMall/Meshes/Interior/Clothes/SM_Rack_09
[2022.02.10-00.48.10:240][ 90]AssetTools: /Game/ShoppingMall/Blueprints/BP_Rack_Clothes_39
[2022.02.10-00.48.10:240][ 90]AssetTools: /Game/ShoppingMall/Meshes/Interior/Clothes/SM_Hat_03
[2022.02.10-00.48.10:240][ 90]AssetTools: /Game/ShoppingMall/Blueprints/BP_Rack_Clothes_40
[2022.02.10-00.48.10:240][ 90]AssetTools: /Game/ShoppingMall/Meshes/Interior/Clothes/SM_Rack_01
[2022.02.10-00.48.10:240][ 90]AssetTools: /Game/ShoppingMall/Materials/Instance/Inst_Hats_04
[2022.02.10-00.48.10:240][ 90]AssetTools: /Game/ShoppingMall/Blueprints/BP_Road_Curb
[2022.02.10-00.48.10:240][ 90]AssetTools: /Game/ShoppingMall/Meshes/Exterior/SM_Sidewalk_12
[2022.02.10-00.48.10:240][ 90]AssetTools: /Game/ShoppingMall/Materials/Instance/Inst_Sidewalk_07
[2022.02.10-00.48.10:240][ 90]AssetTools: /Game/ShoppingMall/Blueprints/BP_Spline_Ceiling_01
[2022.02.10-00.48.10:240][ 90]AssetTools: /Game/ShoppingMall/Meshes/Building/SM_Ceiling_01
[2022.02.10-00.48.10:240][ 90]AssetTools: /Game/ShoppingMall/Materials/Instance/Inst_CeilingLantern
[2022.02.10-00.48.10:240][ 90]AssetTools: /Game/ShoppingMall/Textures/Tex_CeilingLantern_N
[2022.02.10-00.48.10:240][ 90]AssetTools: /Game/ShoppingMall/Textures/Tex_CeilingLantern_ID
[2022.02.10-00.48.10:240][ 90]AssetTools: /Game/ShoppingMall/Textures/Tex_CeilingLantern_D
[2022.02.10-00.48.10:240][ 90]AssetTools: /Game/ShoppingMall/Textures/Tex_CeilingLantern_ARM
[2022.02.10-00.48.10:240][ 90]AssetTools: /Game/ShoppingMall/Blueprints/BP_Spline_Ceiling_02
[2022.02.10-00.48.10:240][ 90]AssetTools: /Game/ShoppingMall/Meshes/Building/SM_Ceiling_02
[2022.02.10-00.48.10:240][ 90]AssetTools: /Game/ShoppingMall/Materials/Instance/Inst_Bulb_02
[2022.02.10-00.48.10:240][ 90]AssetTools: /Game/ShoppingMall/Textures/Tex_Armstrong_Lamp_N
[2022.02.10-00.48.10:240][ 90]AssetTools: /Game/ShoppingMall/Textures/Tex_Armstrong_Lamp_01_D
[2022.02.10-00.48.10:240][ 90]AssetTools: /Game/ShoppingMall/Materials/Mat_Bulb_02_Base
[2022.02.10-00.48.10:240][ 90]AssetTools: /Game/ShoppingMall/Blueprints/BP_Spline_Lamp_01
[2022.02.10-00.48.10:241][ 90]AssetTools: /Game/ShoppingMall/Meshes/Interior/Lamp/SM_Lamp_02
[2022.02.10-00.48.10:241][ 90]AssetTools: /Game/ShoppingMall/Blueprints/BP_Spline_Railings
[2022.02.10-00.48.10:241][ 90]AssetTools: /Game/ShoppingMall/Meshes/Building/SM_Railings_01
[2022.02.10-00.48.10:241][ 90]AssetTools: /Game/ShoppingMall/Materials/Instance/Inst_Metal_Railings
[2022.02.10-00.48.10:241][ 90]AssetTools: /Game/ShoppingMall/Materials/Instance/Inst_Glass_05
[2022.02.10-00.48.10:241][ 90]AssetTools: /Game/ShoppingMall/Blueprints/BP_Table_01
[2022.02.10-00.48.10:241][ 90]AssetTools: /Game/ShoppingMall/Meshes/Interior/Electronics/SM_Pedestal_04
[2022.02.10-00.48.10:241][ 90]AssetTools: /Game/ShoppingMall/Meshes/Interior/Electronics/SM_Cashier_s_chair
[2022.02.10-00.48.10:241][ 90]AssetTools: /Game/ShoppingMall/Materials/Instance/Inst_Shopping_Counter_01
[2022.02.10-00.48.10:241][ 90]AssetTools: /Game/ShoppingMall/Textures/Tex_Shopping_Counter_N
[2022.02.10-00.48.10:241][ 90]AssetTools: /Game/ShoppingMall/Textures/Tex_Shopping_Counter_ID
[2022.02.10-00.48.10:241][ 90]AssetTools: /Game/ShoppingMall/Textures/Tex_Shopping_Counter_D
[2022.02.10-00.48.10:241][ 90]AssetTools: /Game/ShoppingMall/Textures/Tex_Shopping_Counter_ARM
[2022.02.10-00.48.10:241][ 90]AssetTools: /Game/ShoppingMall/Meshes/Interior/Cafe/SM_Cash_Register_07
[2022.02.10-00.48.10:241][ 90]AssetTools: /Game/ShoppingMall/Materials/Instance/Inst_Keyboard_01
[2022.02.10-00.48.10:241][ 90]AssetTools: /Game/ShoppingMall/Textures/Tex_keyboard_01_D
[2022.02.10-00.48.10:241][ 90]AssetTools: /Game/ShoppingMall/Materials/Instance/Inst_Cash_Register_01
[2022.02.10-00.48.10:241][ 90]AssetTools: /Game/ShoppingMall/Textures/Tex_Cash_Register_N
[2022.02.10-00.48.10:241][ 90]AssetTools: /Game/ShoppingMall/Textures/Tex_Cash_Register_ID
[2022.02.10-00.48.10:241][ 90]AssetTools: /Game/ShoppingMall/Textures/Tex_Cash_Register_D
[2022.02.10-00.48.10:241][ 90]AssetTools: /Game/ShoppingMall/Textures/Tex_Cash_Register_ARM
[2022.02.10-00.48.10:241][ 90]AssetTools: /Game/ShoppingMall/Meshes/Interior/Cafe/SM_Cash_Register_06
[2022.02.10-00.48.10:241][ 90]AssetTools: /Game/ShoppingMall/Meshes/Interior/Cafe/SM_Cash_Register_03
[2022.02.10-00.48.10:241][ 90]AssetTools: /Game/ShoppingMall/Meshes/Interior/Cafe/SM_Cash_Register_01
[2022.02.10-00.48.10:241][ 90]AssetTools: /Game/ShoppingMall/Materials/Instance/Inst_Cash_Register_Screen
[2022.02.10-00.48.10:241][ 90]AssetTools: /Game/ShoppingMall/Textures/Tex_Cash_Register_Screen_D
[2022.02.10-00.48.10:241][ 90]AssetTools: /Game/ShoppingMall/Blueprints/BP_Table_02
[2022.02.10-00.48.10:241][ 90]AssetTools: /Game/ShoppingMall/Meshes/Interior/Electronics/SM_Shopping_Counter
[2022.02.10-00.48.10:241][ 90]AssetTools: /Game/ShoppingMall/Blueprints/BP_Table_03
[2022.02.10-00.48.10:241][ 90]AssetTools: /Game/ShoppingMall/Blueprints/BP_Table_04
[2022.02.10-00.48.10:241][ 90]AssetTools: /Game/ShoppingMall/Meshes/Interior/Clothes/SM_Rack_02
[2022.02.10-00.48.10:241][ 90]AssetTools: /Game/ShoppingMall/Meshes/Interior/Cafe/SM_Cash_Register_05
[2022.02.10-00.48.10:241][ 90]AssetTools: /Game/ShoppingMall/Meshes/Interior/Cafe/SM_Cash_Register_04
[2022.02.10-00.48.10:241][ 90]AssetTools: /Game/ShoppingMall/Demo_Character/Animations/ThirdPersonIdle
[2022.02.10-00.48.10:241][ 90]AssetTools: /Game/ShoppingMall/Demo_Character/Character/Mesh/SK_Mannequin_Skeleton
[2022.02.10-00.48.10:241][ 90]AssetTools: /Game/ShoppingMall/Demo_Character/Character/Mesh/SK_Mannequin
[2022.02.10-00.48.10:241][ 90]AssetTools: /Game/ShoppingMall/Demo_Character/Character/Materials/Mat_UE4Man_Body
[2022.02.10-00.48.10:241][ 90]AssetTools: /Game/ShoppingMall/Demo_Character/Character/Textures/Tex_UE4_Mannequin_N
[2022.02.10-00.48.10:241][ 90]AssetTools: /Game/ShoppingMall/Demo_Character/Character/Textures/Tex_UE4_Mannequin_ID
[2022.02.10-00.48.10:241][ 90]AssetTools: /Game/ShoppingMall/Demo_Character/Character/Materials/MaterialLayers/Mat_SoftMetal_UE4
[2022.02.10-00.48.10:241][ 90]AssetTools: /Game/ShoppingMall/Demo_Character/Character/Materials/MaterialLayers/Tex_Aluminum01_N
[2022.02.10-00.48.10:241][ 90]AssetTools: /Game/ShoppingMall/Demo_Character/Character/Materials/MaterialLayers/Tex_Aluminum01_D
[2022.02.10-00.48.10:241][ 90]AssetTools: /Game/ShoppingMall/Demo_Character/Character/Materials/MaterialLayers/Mat_Plastic_Shiny_Beige_LOGO
[2022.02.10-00.48.10:241][ 90]AssetTools: /Game/ShoppingMall/Demo_Character/Character/Textures/Tex_UE4_LOGO_CARD_D
[2022.02.10-00.48.10:241][ 90]AssetTools: /Game/ShoppingMall/Demo_Character/Character/Materials/MaterialLayers/Mat_Plastic_Shiny_Beige
[2022.02.10-00.48.10:241][ 90]AssetTools: /Game/ShoppingMall/Demo_Character/Character/Materials/MaterialLayers/Mat_GlossyBlack_Latex_UE4
[2022.02.10-00.48.10:241][ 90]AssetTools: /Game/ShoppingMall/Demo_Character/Character/Materials/MaterialLayers/Tex_Rubber_Blue_01_N
[2022.02.10-00.48.10:241][ 90]AssetTools: /Game/ShoppingMall/Demo_Character/Character/Materials/MaterialLayers/Tex_Rubber_Blue_01_D
[2022.02.10-00.48.10:241][ 90]AssetTools: /Game/ShoppingMall/Demo_Character/Character/Materials/Inst_UE4Man_ChestLogo
[2022.02.10-00.48.10:242][ 90]AssetTools: /Game/ShoppingMall/Demo_Character/Character/Textures/Tex_UE4Man_Logo_N
[2022.02.10-00.48.10:242][ 90]AssetTools: /Game/ShoppingMall/Demo_Character/Character/Mesh/SK_Mannequin_PhysicsAsset
[2022.02.10-00.48.10:242][ 90]AssetTools: /Game/ShoppingMall/Demo_Character/Animations/ThirdPersonJump_End
[2022.02.10-00.48.10:242][ 90]AssetTools: /Game/ShoppingMall/Demo_Character/Animations/ThirdPersonJump_Loop
[2022.02.10-00.48.10:242][ 90]AssetTools: /Game/ShoppingMall/Demo_Character/Animations/ThirdPersonJump_Start
[2022.02.10-00.48.10:242][ 90]AssetTools: /Game/ShoppingMall/Demo_Character/Animations/ThirdPersonRun
[2022.02.10-00.48.10:242][ 90]AssetTools: /Game/ShoppingMall/Demo_Character/Animations/ThirdPersonWalk
[2022.02.10-00.48.10:242][ 90]AssetTools: /Game/ShoppingMall/Demo_Character/Animations/ThirdPerson_AnimBP
[2022.02.10-00.48.10:242][ 90]AssetTools: /Game/ShoppingMall/Demo_Character/Animations/ThirdPerson_IdleRun_2D
[2022.02.10-00.48.10:242][ 90]AssetTools: /Game/ShoppingMall/Demo_Character/Animations/ThirdPerson_Jump
[2022.02.10-00.48.10:242][ 90]AssetTools: /Game/ShoppingMall/Demo_Character/Character/ThirdPersonBP/ThirdPersonOverview
[2022.02.10-00.48.10:242][ 90]AssetTools: /Game/ShoppingMall/Demo_Character/Character/ThirdPersonBP/Blueprints/BP_Interact_Interface
[2022.02.10-00.48.10:242][ 90]AssetTools: /Game/ShoppingMall/Demo_Character/Character/ThirdPersonBP/Blueprints/BP_ThirdPersonCharacter
[2022.02.10-00.48.10:242][ 90]AssetTools: /Game/ShoppingMall/Meshes/Elevator/BP_Elevator_2
[2022.02.10-00.48.10:242][ 90]AssetTools: /Game/ShoppingMall/Meshes/Elevator/Sound/PressingTheButton_Cue
[2022.02.10-00.48.10:242][ 90]AssetTools: /Game/ShoppingMall/Meshes/Elevator/Sound/PressingTheButton
[2022.02.10-00.48.10:242][ 90]AssetTools: /Game/ShoppingMall/Meshes/Elevator/Sound/OpenDoor_Cue
[2022.02.10-00.48.10:242][ 90]AssetTools: /Game/ShoppingMall/Meshes/Elevator/Sound/OpenDoor
[2022.02.10-00.48.10:242][ 90]AssetTools: /Game/ShoppingMall/Meshes/Elevator/Sound/ElevatorMovement_Cue1
[2022.02.10-00.48.10:242][ 90]AssetTools: /Game/ShoppingMall/Meshes/Elevator/Sound/ElevatorMovement
[2022.02.10-00.48.10:242][ 90]AssetTools: /Game/ShoppingMall/Meshes/Elevator/SM_Elevator_Button_04
[2022.02.10-00.48.10:242][ 90]AssetTools: /Game/ShoppingMall/Materials/Instance/Inst_Elevator_01
[2022.02.10-00.48.10:242][ 90]AssetTools: /Game/ShoppingMall/Textures/Tex_Elevator_01_N
[2022.02.10-00.48.10:242][ 90]AssetTools: /Game/ShoppingMall/Textures/Tex_Elevator_01_ID
[2022.02.10-00.48.10:242][ 90]AssetTools: /Game/ShoppingMall/Textures/Tex_Elevator_01_D
[2022.02.10-00.48.10:242][ 90]AssetTools: /Game/ShoppingMall/Textures/Tex_Elevator_01_ARM
[2022.02.10-00.48.10:242][ 90]AssetTools: /Game/ShoppingMall/Meshes/Elevator/SM_Elevator_Button_03
[2022.02.10-00.48.10:242][ 90]AssetTools: /Game/ShoppingMall/Meshes/Elevator/SM_Elevator_Button_02
[2022.02.10-00.48.10:242][ 90]AssetTools: /Game/ShoppingMall/Meshes/Elevator/SM_Elevator_Button_01
[2022.02.10-00.48.10:242][ 90]AssetTools: /Game/ShoppingMall/Meshes/Elevator/SM_Elevator_Door_01
[2022.02.10-00.48.10:242][ 90]AssetTools: /Game/ShoppingMall/Meshes/Elevator/SM_Elevator_01
[2022.02.10-00.48.10:242][ 90]AssetTools: /Game/ShoppingMall/Materials/Instance/Inst_Bulb_04
[2022.02.10-00.48.10:242][ 90]AssetTools: /Game/ShoppingMall/Meshes/Elevator/BP_Elevator02_Doors1
[2022.02.10-00.48.10:242][ 90]AssetTools: /Game/ShoppingMall/Meshes/Elevator/SM_Elevator_Arch_01
[2022.02.10-00.48.10:242][ 90]AssetTools: /Game/ShoppingMall/Materials/Instance/Inst_Marble_P
[2022.02.10-00.48.10:242][ 90]AssetTools: /Game/ShoppingMall/Textures/Tex_Marble_P_R
[2022.02.10-00.48.10:242][ 90]AssetTools: /Game/ShoppingMall/Textures/Tex_Marble_P_N
[2022.02.10-00.48.10:242][ 90]AssetTools: /Game/ShoppingMall/Textures/Tex_Marble_P_D
[2022.02.10-00.48.10:242][ 90]AssetTools: /Game/ShoppingMall/Meshes/Elevator/BP_Elevator02_Buttons03
[2022.02.10-00.48.10:242][ 90]AssetTools: /Game/ShoppingMall/Meshes/Elevator/BP_Elevator02_Buttons01
[2022.02.10-00.48.10:242][ 90]AssetTools: /Game/ShoppingMall/Meshes/Elevator/SM_Elevator_Call_Panel
[2022.02.10-00.48.10:242][ 90]AssetTools: /Game/ShoppingMall/Meshes/Elevator/SM_Elevator_Call_Button
[2022.02.10-00.48.10:243][ 90]AssetTools: /Game/ShoppingMall/Meshes/Elevator/BP_Elevator02_Buttons02
[2022.02.10-00.48.10:243][ 90]AssetTools: /Game/ShoppingMall/Meshes/Elevator/BP_Elevator01_Buttons03
[2022.02.10-00.48.10:243][ 90]AssetTools: /Game/ShoppingMall/Meshes/Elevator/BP_Elevator01_Buttons01
[2022.02.10-00.48.10:243][ 90]AssetTools: /Game/ShoppingMall/Meshes/Elevator/BP_Elevator01_Buttons02
[2022.02.10-00.48.10:243][ 90]AssetTools: /Game/ShoppingMall/Meshes/Elevator/BP_Elevator
[2022.02.10-00.48.10:243][ 90]AssetTools: /Game/ShoppingMall/Meshes/Elevator/BP_Elevator01_Doors1
[2022.02.10-00.48.10:243][ 90]AssetTools: /Game/ShoppingMall/Demo_Character/Character/ThirdPersonBP/Blueprints/ThirdPersonGameMode1
[2022.02.10-00.48.10:243][ 90]AssetTools: /Game/ShoppingMall/Fountain/BP_Fountain_01
[2022.02.10-00.48.10:243][ 90]AssetTools: /Game/ShoppingMall/Fountain/SM_Fountain_Water
[2022.02.10-00.48.10:243][ 90]AssetTools: /Game/ShoppingMall/Fountain/Materials/Inst_Water_01
[2022.02.10-00.48.10:243][ 90]AssetTools: /Game/ShoppingMall/Fountain/Textures/Tex_Waves_02_N
[2022.02.10-00.48.10:243][ 90]AssetTools: /Game/ShoppingMall/Fountain/Textures/Tex_Waves_01_N
[2022.02.10-00.48.10:243][ 90]AssetTools: /Game/ShoppingMall/Fountain/Textures/Tex_Mask_Water_01
[2022.02.10-00.48.10:243][ 90]AssetTools: /Game/ShoppingMall/Fountain/Textures/Tex_FoamyWater_02_M
[2022.02.10-00.48.10:243][ 90]AssetTools: /Game/ShoppingMall/Fountain/Textures/Tex_FoamyWater_01_M
[2022.02.10-00.48.10:243][ 90]AssetTools: /Game/ShoppingMall/Fountain/Textures/Tex_Blue_D
[2022.02.10-00.48.10:243][ 90]AssetTools: /Game/ShoppingMall/Fountain/Materials/Mat_Water_01
[2022.02.10-00.48.10:243][ 90]AssetTools: /Game/ShoppingMall/Fountain/Textures/Tex_Wave_height_H
[2022.02.10-00.48.10:243][ 90]AssetTools: /Game/ShoppingMall/Fountain/Materials/Mat_Motion_Water_Chaos
[2022.02.10-00.48.10:243][ 90]AssetTools: /Game/ShoppingMall/Fountain/SM_Fountain_01
[2022.02.10-00.48.10:243][ 90]AssetTools: /Game/ShoppingMall/Materials/Instance/Inst_Flowerpot_01
[2022.02.10-00.48.10:243][ 90]AssetTools: /Game/ShoppingMall/Textures/Tex_Flowerpot_01_N
[2022.02.10-00.48.10:243][ 90]AssetTools: /Game/ShoppingMall/Textures/Tex_Flowerpot_01_ID
[2022.02.10-00.48.10:243][ 90]AssetTools: /Game/ShoppingMall/Textures/Tex_Flowerpot_01_D
[2022.02.10-00.48.10:243][ 90]AssetTools: /Game/ShoppingMall/Textures/Tex_Flowerpot_01_ARM
[2022.02.10-00.48.10:243][ 90]AssetTools: /Game/ShoppingMall/Fountain/P_Water_Jet
[2022.02.10-00.48.10:243][ 90]AssetTools: /Game/ShoppingMall/Fountain/SM_Water_Sphere
[2022.02.10-00.48.10:243][ 90]AssetTools: /Game/ShoppingMall/Fountain/Materials/Inst_Water_Splashes_01
[2022.02.10-00.48.10:243][ 90]AssetTools: /Game/ShoppingMall/Fountain/Materials/Mat_Water_Splashes_01
[2022.02.10-00.48.10:243][ 90]AssetTools: /Game/ShoppingMall/Fountain/P_Drips_Splash
[2022.02.10-00.48.10:243][ 90]AssetTools: /Game/ShoppingMall/Fountain/Materials/Inst_External_Surge
[2022.02.10-00.48.10:243][ 90]AssetTools: /Game/ShoppingMall/Fountain/Textures/Tex_Water_01_N
[2022.02.10-00.48.10:243][ 90]AssetTools: /Game/ShoppingMall/Fountain/Textures/Tex_Tiling_02_Noise
[2022.02.10-00.48.10:243][ 90]AssetTools: /Game/ShoppingMall/Fountain/Textures/Tex_SplashMesh_N
[2022.02.10-00.48.10:243][ 90]AssetTools: /Game/ShoppingMall/Fountain/Materials/Mat_External_Surge
[2022.02.10-00.48.10:243][ 90]AssetTools: /Game/ShoppingMall/Fountain/Textures/Tex_SplashDisc_N
[2022.02.10-00.48.10:243][ 90]AssetTools: /Game/ShoppingMall/Fountain/Textures/Tex_SplashDisc_M
[2022.02.10-00.48.10:243][ 90]AssetTools: /Game/ShoppingMall/Fountain/Materials/Mat_Water_Falls
[2022.02.10-00.48.10:243][ 90]AssetTools: /Game/ShoppingMall/Fountain/Textures/Tex_Tiling_01_Noise
[2022.02.10-00.48.10:243][ 90]AssetTools: /Game/ShoppingMall/Fountain/Textures/Tex_FallingWater_02_N
[2022.02.10-00.48.10:243][ 90]AssetTools: /Game/ShoppingMall/Fountain/Textures/Tex_FallingWater_02_D
[2022.02.10-00.48.10:243][ 90]AssetTools: /Game/ShoppingMall/Fountain/Textures/Tex_FallingWater_01_N
[2022.02.10-00.48.10:243][ 90]AssetTools: /Game/ShoppingMall/Fountain/Textures/Tex_FallingWater_01_D
[2022.02.10-00.48.10:243][ 90]AssetTools: /Game/ShoppingMall/Fountain/Fountain_Cue
[2022.02.10-00.48.10:243][ 90]AssetTools: /Game/ShoppingMall/Fountain/Fountain
[2022.02.10-00.48.10:243][ 90]AssetTools: /Game/ShoppingMall/Maps/Demonstration
[2022.02.10-00.48.10:243][ 90]AssetTools: /Game/ShoppingMall/Trees/Tree/SM_Tree_Wind_02
[2022.02.10-00.48.10:243][ 90]AssetTools: /Game/ShoppingMall/Trees/Tree/Inst_Tree_Wind_01
[2022.02.10-00.48.10:243][ 90]AssetTools: /Game/ShoppingMall/Trees/Tree/Tex_Tree_Papking01_T
[2022.02.10-00.48.10:243][ 90]AssetTools: /Game/ShoppingMall/Trees/Tree/Tex_Tree_Papking01_N
[2022.02.10-00.48.10:243][ 90]AssetTools: /Game/ShoppingMall/Trees/Tree/Tex_Tree_Papking01_D
[2022.02.10-00.48.10:244][ 90]AssetTools: /Game/ShoppingMall/Trees/Tree/Mat_Tree_Wind
[2022.02.10-00.48.10:244][ 90]AssetTools: /Game/ShoppingMall/Trees/Palm/Tex_LeavesPalm_01_T
[2022.02.10-00.48.10:244][ 90]AssetTools: /Game/ShoppingMall/Trees/Palm/Tex_LeavesPalm_01_S
[2022.02.10-00.48.10:244][ 90]AssetTools: /Game/ShoppingMall/Trees/Palm/Tex_LeavesPalm_01_N
[2022.02.10-00.48.10:244][ 90]AssetTools: /Game/ShoppingMall/Trees/Palm/Tex_LeavesPalm_01_D
[2022.02.10-00.48.10:244][ 90]AssetTools: /Game/ShoppingMall/Trees/Tree/Inst_Bark_02
[2022.02.10-00.48.10:244][ 90]AssetTools: /Game/ShoppingMall/Trees/Tree/Tex_Bark_02_R_TGA
[2022.02.10-00.48.10:244][ 90]AssetTools: /Game/ShoppingMall/Trees/Tree/Tex_Bark_02_N
[2022.02.10-00.48.10:244][ 90]AssetTools: /Game/ShoppingMall/Trees/Tree/Tex_Bark_02_D
[2022.02.10-00.48.10:244][ 90]AssetTools: /Game/ShoppingMall/Trees/Palm/Mat_Bark_01
[2022.02.10-00.48.10:244][ 90]AssetTools: /Game/ShoppingMall/Trees/Palm/Tex_Bark_01_S
[2022.02.10-00.48.10:244][ 90]AssetTools: /Game/ShoppingMall/Trees/Palm/Tex_Bark_01_N
[2022.02.10-00.48.10:244][ 90]AssetTools: /Game/ShoppingMall/Trees/Palm/Tex_Bark_01_D
[2022.02.10-00.48.10:244][ 90]AssetTools: /Game/ShoppingMall/Trees/Tree/SM_Tree_Wind_01
[2022.02.10-00.48.10:244][ 90]AssetTools: /Game/ShoppingMall/Trees/Tree/SM_Tree_Papking_02
[2022.02.10-00.48.10:244][ 90]AssetTools: /Game/ShoppingMall/Trees/Tree/Inst_Tree_Papking_02
[2022.02.10-00.48.10:244][ 90]AssetTools: /Game/ShoppingMall/Trees/Tree/SM_Tree_Papking_01
[2022.02.10-00.48.10:244][ 90]AssetTools: /Game/ShoppingMall/Trees/Tree/Inst_Tree_Papking_01
[2022.02.10-00.48.10:244][ 90]AssetTools: /Game/ShoppingMall/Trees/Tree/SM_Tree_02
[2022.02.10-00.48.10:244][ 90]AssetTools: /Game/ShoppingMall/Trees/Tree/Inst_Tree_01
[2022.02.10-00.48.10:244][ 90]AssetTools: /Game/ShoppingMall/Trees/Palm/Mat_Plant_01
[2022.02.10-00.48.10:244][ 90]AssetTools: /Game/ShoppingMall/Trees/Tree/SM_Tree_01
[2022.02.10-00.48.10:244][ 90]AssetTools: /Game/ShoppingMall/Trees/Tree/SM_Potted_Plant
[2022.02.10-00.48.10:244][ 90]AssetTools: /Game/ShoppingMall/Trees/Tree/Inst_Plant_Stem
[2022.02.10-00.48.10:244][ 90]AssetTools: /Game/ShoppingMall/Trees/Tree/Tex_Plant_01_D
[2022.02.10-00.48.10:244][ 90]AssetTools: /Game/ShoppingMall/Trees/Tree/Inst_Plant
[2022.02.10-00.48.10:244][ 90]AssetTools: /Game/ShoppingMall/Trees/Tree/Tex_Plant_01_N
[2022.02.10-00.48.10:244][ 90]AssetTools: /Game/ShoppingMall/Trees/SM_Urn_01
[2022.02.10-00.48.10:244][ 90]AssetTools: /Game/ShoppingMall/Materials/Instance/Inst_Bench_01
[2022.02.10-00.48.10:244][ 90]AssetTools: /Game/ShoppingMall/Textures/Tex_Bench_01_N
[2022.02.10-00.48.10:244][ 90]AssetTools: /Game/ShoppingMall/Textures/Tex_Bench_01_ID
[2022.02.10-00.48.10:244][ 90]AssetTools: /Game/ShoppingMall/Textures/Tex_Bench_01_D
[2022.02.10-00.48.10:244][ 90]AssetTools: /Game/ShoppingMall/Textures/Tex_Bench_01_ARM
[2022.02.10-00.48.10:244][ 90]AssetTools: /Game/ShoppingMall/Trees/SM_Merged_Bench_05
[2022.02.10-00.48.10:244][ 90]AssetTools: /Game/ShoppingMall/Trees/SM_Merged_Bench_04
[2022.02.10-00.48.10:244][ 90]AssetTools: /Game/ShoppingMall/Trees/SM_Merged_Bench_03
[2022.02.10-00.48.10:244][ 90]AssetTools: /Game/ShoppingMall/Materials/Instance/Inst_Bench_03
[2022.02.10-00.48.10:244][ 90]AssetTools: /Game/ShoppingMall/Trees/SM_Merged_Bench_02
[2022.02.10-00.48.10:244][ 90]AssetTools: /Game/ShoppingMall/Trees/SM_Merged_Bench_01
[2022.02.10-00.48.10:244][ 90]AssetTools: /Game/ShoppingMall/Trees/SM_Flowerpot_09
[2022.02.10-00.48.10:244][ 90]AssetTools: /Game/ShoppingMall/Trees/SM_Flowerpot_08
[2022.02.10-00.48.10:244][ 90]AssetTools: /Game/ShoppingMall/Trees/SM_Flowerpot_07
[2022.02.10-00.48.10:244][ 90]AssetTools: /Game/ShoppingMall/Trees/SM_Flowerpot_05
[2022.02.10-00.48.10:244][ 90]AssetTools: /Game/ShoppingMall/Trees/SM_Flowerpot_04
[2022.02.10-00.48.10:244][ 90]AssetTools: /Game/ShoppingMall/Trees/SM_Flowerpot_02
[2022.02.10-00.48.10:244][ 90]AssetTools: /Game/ShoppingMall/Trees/SM_Flowerpot_01
[2022.02.10-00.48.10:244][ 90]AssetTools: /Game/ShoppingMall/Trees/Palm/SM_Palm_Wind_01
[2022.02.10-00.48.10:244][ 90]AssetTools: /Game/ShoppingMall/Trees/Palm/Inst_Plant_Wind_01
[2022.02.10-00.48.10:244][ 90]AssetTools: /Game/ShoppingMall/Trees/Palm/Inst_Bark_01
[2022.02.10-00.48.10:244][ 90]AssetTools: /Game/ShoppingMall/Trees/Palm/SM_Palm_01
[2022.02.10-00.48.10:244][ 90]AssetTools: /Game/ShoppingMall/Trees/Palm/Inst_Plant_01
[2022.02.10-00.48.10:244][ 90]AssetTools: /Game/ShoppingMall/Trees/Grass/SM_Grass_02
[2022.02.10-00.48.10:244][ 90]AssetTools: /Game/ShoppingMall/Trees/Grass/Inst_Grass_Wind
[2022.02.10-00.48.10:244][ 90]AssetTools: /Game/ShoppingMall/Trees/Grass/Tex_Grass_01_S
[2022.02.10-00.48.10:244][ 90]AssetTools: /Game/ShoppingMall/Trees/Grass/Tex_Grass_01_N
[2022.02.10-00.48.10:244][ 90]AssetTools: /Game/ShoppingMall/Trees/Grass/Tex_Grass_01_D
[2022.02.10-00.48.10:244][ 90]AssetTools: /Game/ShoppingMall/Trees/Grass/SM_Grass_01
[2022.02.10-00.48.10:244][ 90]AssetTools: /Game/ShoppingMall/Trees/Grass/Inst_Grass_01
[2022.02.10-00.48.10:244][ 90]AssetTools: /Game/ShoppingMall/Meshes/Interior/WC/SM_Wash_Basin_01
[2022.02.10-00.48.10:245][ 90]AssetTools: /Game/ShoppingMall/Materials/Instance/Inst_WC_01
[2022.02.10-00.48.10:245][ 90]AssetTools: /Game/ShoppingMall/Textures/Tex_WC_01_N
[2022.02.10-00.48.10:245][ 90]AssetTools: /Game/ShoppingMall/Textures/Tex_WC_01_ID
[2022.02.10-00.48.10:245][ 90]AssetTools: /Game/ShoppingMall/Textures/Tex_WC_01_D
[2022.02.10-00.48.10:245][ 90]AssetTools: /Game/ShoppingMall/Textures/Tex_WC_01_ARM
[2022.02.10-00.48.10:245][ 90]AssetTools: /Game/ShoppingMall/Meshes/Interior/WC/SM_Urinal
[2022.02.10-00.48.10:245][ 90]AssetTools: /Game/ShoppingMall/Meshes/Interior/WC/SM_Toilet_Partition_Door
[2022.02.10-00.48.10:245][ 90]AssetTools: /Game/ShoppingMall/Materials/Instance/Inst_Toilet_Partition
[2022.02.10-00.48.10:245][ 90]AssetTools: /Game/ShoppingMall/Textures/Tex_Toilet_Partition_N
[2022.02.10-00.48.10:245][ 90]AssetTools: /Game/ShoppingMall/Textures/Tex_Toilet_Partition_ID
[2022.02.10-00.48.10:245][ 90]AssetTools: /Game/ShoppingMall/Textures/Tex_Toilet_Partition_D
[2022.02.10-00.48.10:245][ 90]AssetTools: /Game/ShoppingMall/Textures/Tex_Toilet_Partition_ARM
[2022.02.10-00.48.10:245][ 90]AssetTools: /Game/ShoppingMall/Meshes/Interior/WC/SM_Toilet_Partition_02
[2022.02.10-00.48.10:245][ 90]AssetTools: /Game/ShoppingMall/Meshes/Interior/WC/SM_Toilet_Partition_01
[2022.02.10-00.48.10:245][ 90]AssetTools: /Game/ShoppingMall/Meshes/Interior/WC/SM_Toilet_Paper
[2022.02.10-00.48.10:245][ 90]AssetTools: /Game/ShoppingMall/Meshes/Interior/WC/SM_Toilet_Brush
[2022.02.10-00.48.10:245][ 90]AssetTools: /Game/ShoppingMall/Meshes/Interior/WC/SM_Toilet_02
[2022.02.10-00.48.10:245][ 90]AssetTools: /Game/ShoppingMall/Meshes/Interior/WC/SM_Toilet_01
[2022.02.10-00.48.10:245][ 90]AssetTools: /Game/ShoppingMall/Meshes/Interior/WC/SM_Mirror_01
[2022.02.10-00.48.10:245][ 90]AssetTools: /Game/ShoppingMall/Materials/Instance/Inst_Mirror
[2022.02.10-00.48.10:245][ 90]AssetTools: /Game/ShoppingMall/Meshes/Interior/Ventilation/SM_Ventilation_Roof_03
[2022.02.10-00.48.10:245][ 90]AssetTools: /Game/ShoppingMall/Materials/Instance/Inst_Air_Duct
[2022.02.10-00.48.10:245][ 90]AssetTools: /Game/ShoppingMall/Textures/Tex_Air_Duct_N
[2022.02.10-00.48.10:245][ 90]AssetTools: /Game/ShoppingMall/Textures/Tex_Air_Duct_ID
[2022.02.10-00.48.10:245][ 90]AssetTools: /Game/ShoppingMall/Textures/Tex_Air_Duct_D
[2022.02.10-00.48.10:245][ 90]AssetTools: /Game/ShoppingMall/Textures/Tex_Air_Duct_ARM
[2022.02.10-00.48.10:245][ 90]AssetTools: /Game/ShoppingMall/Meshes/Interior/Ventilation/SM_Ventilation_Roof_02
[2022.02.10-00.48.10:245][ 90]AssetTools: /Game/ShoppingMall/Meshes/Interior/Ventilation/SM_Ventilation_Roof_01
[2022.02.10-00.48.10:245][ 90]AssetTools: /Game/ShoppingMall/Meshes/Interior/Ventilation/SM_Ventilation_Grate_01
[2022.02.10-00.48.10:245][ 90]AssetTools: /Game/ShoppingMall/Meshes/Interior/Ventilation/SM_Ventilation_06
[2022.02.10-00.48.10:245][ 90]AssetTools: /Game/ShoppingMall/Materials/Instance/Inst_Ventilation_01
[2022.02.10-00.48.10:245][ 90]AssetTools: /Game/ShoppingMall/Textures/Tex_Ventilation_01_N
[2022.02.10-00.48.10:245][ 90]AssetTools: /Game/ShoppingMall/Textures/Tex_Ventilation_01_ID
[2022.02.10-00.48.10:245][ 90]AssetTools: /Game/ShoppingMall/Textures/Tex_Ventilation_01_D
[2022.02.10-00.48.10:245][ 90]AssetTools: /Game/ShoppingMall/Textures/Tex_Ventilation_01_ARM
[2022.02.10-00.48.10:245][ 90]AssetTools: /Game/ShoppingMall/Meshes/Interior/Ventilation/SM_Ventilation_05
[2022.02.10-00.48.10:245][ 90]AssetTools: /Game/ShoppingMall/Meshes/Interior/Ventilation/SM_Ventilation_03
[2022.02.10-00.48.10:245][ 90]AssetTools: /Game/ShoppingMall/Meshes/Interior/Ventilation/SM_Radio_Tower_02
[2022.02.10-00.48.10:245][ 90]AssetTools: /Game/ShoppingMall/Materials/Instance/Inst_Radio_Tower_02
[2022.02.10-00.48.10:245][ 90]AssetTools: /Game/ShoppingMall/Textures/Tex_Radio_Tower_01_ID
[2022.02.10-00.48.10:245][ 90]AssetTools: /Game/ShoppingMall/Textures/Tex_Radio_Tower_01_D
[2022.02.10-00.48.10:245][ 90]AssetTools: /Game/ShoppingMall/Textures/Tex_Radio_Tower_01_N
[2022.02.10-00.48.10:245][ 90]AssetTools: /Game/ShoppingMall/Textures/Tex_Radio_Tower_01_ARM
[2022.02.10-00.48.10:245][ 90]AssetTools: /Game/ShoppingMall/Meshes/Interior/Ventilation/SM_Radio_Tower_01
[2022.02.10-00.48.10:245][ 90]AssetTools: /Game/ShoppingMall/Materials/Instance/Inst_Radio_Tower_01
[2022.02.10-00.48.10:245][ 90]AssetTools: /Game/ShoppingMall/Textures/Tex_Radio_Tower_02_N
[2022.02.10-00.48.10:245][ 90]AssetTools: /Game/ShoppingMall/Textures/Tex_Radio_Tower_02_ID
[2022.02.10-00.48.10:245][ 90]AssetTools: /Game/ShoppingMall/Textures/Tex_Radio_Tower_02_D
[2022.02.10-00.48.10:245][ 90]AssetTools: /Game/ShoppingMall/Textures/Tex_Radio_Tower_02_ARM
[2022.02.10-00.48.10:245][ 90]AssetTools: /Game/ShoppingMall/Meshes/Interior/Ventilation/SM_Pipeline_Fire_02
[2022.02.10-00.48.10:245][ 90]AssetTools: /Game/ShoppingMall/Meshes/Interior/Ventilation/SM_Pipeline_Fire_01
[2022.02.10-00.48.10:245][ 90]AssetTools: /Game/ShoppingMall/Meshes/Interior/Ventilation/SM_Merged_Ventilation13
[2022.02.10-00.48.10:245][ 90]AssetTools: /Game/ShoppingMall/Meshes/Interior/Ventilation/SM_Merged_Ventilation12
[2022.02.10-00.48.10:245][ 90]AssetTools: /Game/ShoppingMall/Meshes/Interior/Ventilation/SM_Merged_Ventilation11
[2022.02.10-00.48.10:245][ 90]AssetTools: /Game/ShoppingMall/Meshes/Interior/Ventilation/SM_Merged_Ventilation10
[2022.02.10-00.48.10:246][ 90]AssetTools: /Game/ShoppingMall/Meshes/Interior/Ventilation/SM_Merged_Ventilation09
[2022.02.10-00.48.10:246][ 90]AssetTools: /Game/ShoppingMall/Meshes/Interior/Ventilation/SM_Merged_Ventilation08
[2022.02.10-00.48.10:246][ 90]AssetTools: /Game/ShoppingMall/Meshes/Interior/Ventilation/SM_Merged_Ventilation07
[2022.02.10-00.48.10:246][ 90]AssetTools: /Game/ShoppingMall/Meshes/Interior/Ventilation/SM_Merged_Ventilation06
[2022.02.10-00.48.10:246][ 90]AssetTools: /Game/ShoppingMall/Meshes/Interior/Ventilation/SM_Merged_Ventilation05
[2022.02.10-00.48.10:246][ 90]AssetTools: /Game/ShoppingMall/Meshes/Interior/Ventilation/SM_Merged_Ventilation04
[2022.02.10-00.48.10:246][ 90]AssetTools: /Game/ShoppingMall/Meshes/Interior/Ventilation/SM_Merged_Ventilation03
[2022.02.10-00.48.10:246][ 90]AssetTools: /Game/ShoppingMall/Meshes/Interior/Ventilation/SM_Merged_Ventilation02
[2022.02.10-00.48.10:246][ 90]AssetTools: /Game/ShoppingMall/Meshes/Interior/Ventilation/SM_Merged_Ventilation01
[2022.02.10-00.48.10:246][ 90]AssetTools: /Game/ShoppingMall/Meshes/Interior/Ventilation/SM_Generator
[2022.02.10-00.48.10:246][ 90]AssetTools: /Game/ShoppingMall/Materials/Instance/Inst_Generator
[2022.02.10-00.48.10:246][ 90]AssetTools: /Game/ShoppingMall/Textures/Tex_Generator_N
[2022.02.10-00.48.10:246][ 90]AssetTools: /Game/ShoppingMall/Textures/Tex_Generator_ID
[2022.02.10-00.48.10:246][ 90]AssetTools: /Game/ShoppingMall/Textures/Tex_Generator_D
[2022.02.10-00.48.10:246][ 90]AssetTools: /Game/ShoppingMall/Textures/Tex_Generator_ARM
[2022.02.10-00.48.10:246][ 90]AssetTools: /Game/ShoppingMall/Meshes/Interior/Ventilation/SM_Air_Duct_13
[2022.02.10-00.48.10:246][ 90]AssetTools: /Game/ShoppingMall/Meshes/Interior/Ventilation/SM_Air_Duct_08
[2022.02.10-00.48.10:246][ 90]AssetTools: /Game/ShoppingMall/Meshes/Interior/Ventilation/SM_Air_Duct_07
[2022.02.10-00.48.10:246][ 90]AssetTools: /Game/ShoppingMall/Meshes/Interior/Ventilation/SM_Air_Duct_05
[2022.02.10-00.48.10:246][ 90]AssetTools: /Game/ShoppingMall/Meshes/Interior/Ventilation/SM_Air_Duct_04
[2022.02.10-00.48.10:246][ 90]AssetTools: /Game/ShoppingMall/Meshes/Interior/Ventilation/SM_Air_Duct_03
[2022.02.10-00.48.10:246][ 90]AssetTools: /Game/ShoppingMall/Meshes/Interior/Ventilation/SM_Air_Duct_01
[2022.02.10-00.48.10:246][ 90]AssetTools: /Game/ShoppingMall/Meshes/Interior/SM_Trash_Cap
[2022.02.10-00.48.10:246][ 90]AssetTools: /Game/ShoppingMall/Materials/Instance/Inst_Garbage_Bins_01
[2022.02.10-00.48.10:246][ 90]AssetTools: /Game/ShoppingMall/Textures/Tex_Garbage_Bins_N
[2022.02.10-00.48.10:246][ 90]AssetTools: /Game/ShoppingMall/Textures/Tex_Garbage_Bins_ID
[2022.02.10-00.48.10:246][ 90]AssetTools: /Game/ShoppingMall/Textures/Tex_Garbage_Bins_ARM
[2022.02.10-00.48.10:246][ 90]AssetTools: /Game/ShoppingMall/Textures/Tex_Garbage_Bins_01_D
[2022.02.10-00.48.10:246][ 90]AssetTools: /Game/ShoppingMall/Meshes/Interior/SM_Trash_Can_05
[2022.02.10-00.48.10:246][ 90]AssetTools: /Game/ShoppingMall/Materials/Instance/Inst_Garbage
[2022.02.10-00.48.10:246][ 90]AssetTools: /Game/ShoppingMall/Textures/Tex_Roughness_02_R
[2022.02.10-00.48.10:246][ 90]AssetTools: /Game/ShoppingMall/Textures/Tex_Garbage_N
[2022.02.10-00.48.10:246][ 90]AssetTools: /Game/ShoppingMall/Textures/Tex_Garbage_D
[2022.02.10-00.48.10:246][ 90]AssetTools: /Game/ShoppingMall/Materials/Instance/Inst_Garbage_Bins_02
[2022.02.10-00.48.10:246][ 90]AssetTools: /Game/ShoppingMall/Textures/Tex_Garbage_Bins_02_D
[2022.02.10-00.48.10:246][ 90]AssetTools: /Game/ShoppingMall/Meshes/Interior/SM_Trash_Can_01
[2022.02.10-00.48.10:246][ 90]AssetTools: /Game/ShoppingMall/Materials/Instance/Inst_Trash_Can_01
[2022.02.10-00.48.10:246][ 90]AssetTools: /Game/ShoppingMall/Textures/Tex_Trash_Can_01_N
[2022.02.10-00.48.10:246][ 90]AssetTools: /Game/ShoppingMall/Textures/Tex_Trash_Can_01_ID
[2022.02.10-00.48.10:246][ 90]AssetTools: /Game/ShoppingMall/Textures/Tex_Trash_Can_01_D
[2022.02.10-00.48.10:246][ 90]AssetTools: /Game/ShoppingMall/Textures/Tex_Trash_Can_01_ARM
[2022.02.10-00.48.10:246][ 90]AssetTools: /Game/ShoppingMall/Meshes/Interior/SM_Scoop_01
[2022.02.10-00.48.10:246][ 90]AssetTools: /Game/ShoppingMall/Materials/Instance/Inst_Cleaning
[2022.02.10-00.48.10:246][ 90]AssetTools: /Game/ShoppingMall/Textures/Tex_Cleaning_N
[2022.02.10-00.48.10:246][ 90]AssetTools: /Game/ShoppingMall/Textures/Tex_Cleaning_ID
[2022.02.10-00.48.10:246][ 90]AssetTools: /Game/ShoppingMall/Textures/Tex_Cleaning_D
[2022.02.10-00.48.10:246][ 90]AssetTools: /Game/ShoppingMall/Textures/Tex_Cleaning_ARM
[2022.02.10-00.48.10:246][ 90]AssetTools: /Game/ShoppingMall/Meshes/Interior/SM_Radiator_01
[2022.02.10-00.48.10:246][ 90]AssetTools: /Game/ShoppingMall/Meshes/Interior/SM_Rack_01
[2022.02.10-00.48.10:246][ 90]AssetTools: /Game/ShoppingMall/Materials/Instance/Inst_Rack_06
[2022.02.10-00.48.10:246][ 90]AssetTools: /Game/ShoppingMall/Textures/Tex_Rack_04_N
[2022.02.10-00.48.10:246][ 90]AssetTools: /Game/ShoppingMall/Textures/Tex_Rack_04_ID
[2022.02.10-00.48.10:246][ 90]AssetTools: /Game/ShoppingMall/Textures/Tex_Rack_04_D
[2022.02.10-00.48.10:246][ 90]AssetTools: /Game/ShoppingMall/Textures/Tex_Rack_04_ARM
[2022.02.10-00.48.10:246][ 90]AssetTools: /Game/ShoppingMall/Meshes/Interior/SM_Mop_03
[2022.02.10-00.48.10:246][ 90]AssetTools: /Game/ShoppingMall/Materials/Instance/Inst_Mop
[2022.02.10-00.48.10:246][ 90]AssetTools: /Game/ShoppingMall/Textures/Tex_Mop_01_N
[2022.02.10-00.48.10:246][ 90]AssetTools: /Game/ShoppingMall/Textures/Tex_Mop_01_ID
[2022.02.10-00.48.10:246][ 90]AssetTools: /Game/ShoppingMall/Textures/Tex_Mop_01_D
[2022.02.10-00.48.10:246][ 90]AssetTools: /Game/ShoppingMall/Textures/Tex_Mop_01_ARM
[2022.02.10-00.48.10:246][ 90]AssetTools: /Game/ShoppingMall/Meshes/Interior/SM_Mop_02
[2022.02.10-00.48.10:246][ 90]AssetTools: /Game/ShoppingMall/Meshes/Interior/SM_Mop_01
[2022.02.10-00.48.10:246][ 90]AssetTools: /Game/ShoppingMall/Meshes/Interior/SM_Merged_Firefighting
[2022.02.10-00.48.10:246][ 90]AssetTools: /Game/ShoppingMall/Meshes/Interior/SM_Light_Switch_01
[2022.02.10-00.48.10:246][ 90]AssetTools: /Game/ShoppingMall/Materials/Instance/Inst_Color_02
[2022.02.10-00.48.10:246][ 90]AssetTools: /Game/ShoppingMall/Meshes/Interior/SM_Information_Sign_02
[2022.02.10-00.48.10:247][ 90]AssetTools: /Game/ShoppingMall/Meshes/Interior/SM_Information_Sign_01
[2022.02.10-00.48.10:247][ 90]AssetTools: /Game/ShoppingMall/Meshes/Interior/SM_Info_Plate_09
[2022.02.10-00.48.10:247][ 90]AssetTools: /Game/ShoppingMall/Materials/Instance/Inst_Info_Plate
[2022.02.10-00.48.10:247][ 90]AssetTools: /Game/ShoppingMall/Textures/Tex_Info_Plate_N
[2022.02.10-00.48.10:247][ 90]AssetTools: /Game/ShoppingMall/Textures/Tex_Info_Plate_ID
[2022.02.10-00.48.10:247][ 90]AssetTools: /Game/ShoppingMall/Textures/Tex_Info_Plate_D
[2022.02.10-00.48.10:247][ 90]AssetTools: /Game/ShoppingMall/Textures/Tex_Info_Plate_ARM
[2022.02.10-00.48.10:247][ 90]AssetTools: /Game/ShoppingMall/Meshes/Interior/SM_Info_Plate_06
[2022.02.10-00.48.10:247][ 90]AssetTools: /Game/ShoppingMall/Meshes/Interior/SM_Info_Plate_05
[2022.02.10-00.48.10:247][ 90]AssetTools: /Game/ShoppingMall/Meshes/Interior/SM_Info_Plate_04
[2022.02.10-00.48.10:247][ 90]AssetTools: /Game/ShoppingMall/Meshes/Interior/SM_Info_Plate_03
[2022.02.10-00.48.10:247][ 90]AssetTools: /Game/ShoppingMall/Meshes/Interior/SM_Info_Plate_02
[2022.02.10-00.48.10:247][ 90]AssetTools: /Game/ShoppingMall/Meshes/Interior/SM_Info_Plate_01
[2022.02.10-00.48.10:247][ 90]AssetTools: /Game/ShoppingMall/Meshes/Interior/SM_Fire_Alarm_04
[2022.02.10-00.48.10:247][ 90]AssetTools: /Game/ShoppingMall/Meshes/Interior/SM_Fire_Alarm_01
[2022.02.10-00.48.10:247][ 90]AssetTools: /Game/ShoppingMall/Meshes/Interior/SM_Coffee_Machine
[2022.02.10-00.48.10:247][ 90]AssetTools: /Game/ShoppingMall/Materials/Instance/Inst_Coffee_Machine_01
[2022.02.10-00.48.10:247][ 90]AssetTools: /Game/ShoppingMall/Textures/Tex_Coffee_Machine_N
[2022.02.10-00.48.10:247][ 90]AssetTools: /Game/ShoppingMall/Textures/Tex_Coffee_Machine_ID
[2022.02.10-00.48.10:247][ 90]AssetTools: /Game/ShoppingMall/Textures/Tex_Coffee_Machine_D
[2022.02.10-00.48.10:247][ 90]AssetTools: /Game/ShoppingMall/Textures/Tex_Coffee_Machine_ARM
[2022.02.10-00.48.10:247][ 90]AssetTools: /Game/ShoppingMall/Materials/Instance/Inst_Glass_Base
[2022.02.10-00.48.10:247][ 90]AssetTools: /Game/ShoppingMall/Materials/Mat_Glass_03
[2022.02.10-00.48.10:247][ 90]AssetTools: /Game/ShoppingMall/Meshes/Interior/SM_Carpet
[2022.02.10-00.48.10:247][ 90]AssetTools: /Game/ShoppingMall/Materials/Instance/Inst_Carpet
[2022.02.10-00.48.10:247][ 90]AssetTools: /Game/ShoppingMall/Textures/Tex_Carpet_N
[2022.02.10-00.48.10:247][ 90]AssetTools: /Game/ShoppingMall/Textures/Tex_Carpet_ID
[2022.02.10-00.48.10:247][ 90]AssetTools: /Game/ShoppingMall/Textures/Tex_Carpet_D
[2022.02.10-00.48.10:247][ 90]AssetTools: /Game/ShoppingMall/Textures/Tex_Carpet_ARM
[2022.02.10-00.48.10:247][ 90]AssetTools: /Game/ShoppingMall/Meshes/Interior/SM_Cardboard_Box_06
[2022.02.10-00.48.10:247][ 90]AssetTools: /Game/ShoppingMall/Materials/Instance/Inst_Cardboard_Box
[2022.02.10-00.48.10:247][ 90]AssetTools: /Game/ShoppingMall/Textures/Tex_Cardboard_Box_N
[2022.02.10-00.48.10:247][ 90]AssetTools: /Game/ShoppingMall/Textures/Tex_Cardboard_Box_ID
[2022.02.10-00.48.10:247][ 90]AssetTools: /Game/ShoppingMall/Textures/Tex_Cardboard_Box_D
[2022.02.10-00.48.10:247][ 90]AssetTools: /Game/ShoppingMall/Textures/Tex_Cardboard_Box_ARM
[2022.02.10-00.48.10:247][ 90]AssetTools: /Game/ShoppingMall/Meshes/Interior/SM_Cardboard_Box_05
[2022.02.10-00.48.10:247][ 90]AssetTools: /Game/ShoppingMall/Meshes/Interior/SM_Cardboard_Box_04
[2022.02.10-00.48.10:247][ 90]AssetTools: /Game/ShoppingMall/Meshes/Interior/SM_Cardboard_Box_03
[2022.02.10-00.48.10:247][ 90]AssetTools: /Game/ShoppingMall/Meshes/Interior/SM_Cardboard_Box_02
[2022.02.10-00.48.10:247][ 90]AssetTools: /Game/ShoppingMall/Meshes/Interior/SM_Cardboard_Box_01
[2022.02.10-00.48.10:247][ 90]AssetTools: /Game/ShoppingMall/Meshes/Interior/SM_Canister_02
[2022.02.10-00.48.10:247][ 90]AssetTools: /Game/ShoppingMall/Materials/Instance/Inst_Bottles
[2022.02.10-00.48.10:247][ 90]AssetTools: /Game/ShoppingMall/Textures/Tex_Bottles_N
[2022.02.10-00.48.10:247][ 90]AssetTools: /Game/ShoppingMall/Textures/Tex_Bottles_ID
[2022.02.10-00.48.10:247][ 90]AssetTools: /Game/ShoppingMall/Textures/Tex_Bottles_D
[2022.02.10-00.48.10:247][ 90]AssetTools: /Game/ShoppingMall/Textures/Tex_Bottles_ARM
[2022.02.10-00.48.10:247][ 90]AssetTools: /Game/ShoppingMall/Meshes/Interior/SM_Canister_01
[2022.02.10-00.48.10:247][ 90]AssetTools: /Game/ShoppingMall/Meshes/Interior/SM_Bucket_02
[2022.02.10-00.48.10:247][ 90]AssetTools: /Game/ShoppingMall/Meshes/Interior/SM_Bucket_01
[2022.02.10-00.48.10:248][ 90]AssetTools: /Game/ShoppingMall/Meshes/Interior/SM_Bottle_02
[2022.02.10-00.48.10:248][ 90]AssetTools: /Game/ShoppingMall/Meshes/Interior/SM_Bottle_01
[2022.02.10-00.48.10:248][ 90]AssetTools: /Game/ShoppingMall/Meshes/Interior/SM_Blinds_Door
[2022.02.10-00.48.10:248][ 90]AssetTools: /Game/ShoppingMall/Meshes/Interior/SM_ATM
[2022.02.10-00.48.10:248][ 90]AssetTools: /Game/ShoppingMall/Materials/Instance/Inst_ATM_01
[2022.02.10-00.48.10:248][ 90]AssetTools: /Game/ShoppingMall/Textures/Tex_ATM_N
[2022.02.10-00.48.10:248][ 90]AssetTools: /Game/ShoppingMall/Textures/Tex_ATM_ID
[2022.02.10-00.48.10:248][ 90]AssetTools: /Game/ShoppingMall/Textures/Tex_ATM_D
[2022.02.10-00.48.10:248][ 90]AssetTools: /Game/ShoppingMall/Textures/Tex_ATM_ARM
[2022.02.10-00.48.10:248][ 90]AssetTools: /Game/ShoppingMall/Meshes/Interior/Signboard/SM_Signboard_24
[2022.02.10-00.48.10:248][ 90]AssetTools: /Game/ShoppingMall/Materials/Instance/Inst_Signboard_04
[2022.02.10-00.48.10:248][ 90]AssetTools: /Game/ShoppingMall/Textures/Tex_Signboard_04_N
[2022.02.10-00.48.10:248][ 90]AssetTools: /Game/ShoppingMall/Textures/Tex_Signboard_04_D
[2022.02.10-00.48.10:248][ 90]AssetTools: /Game/ShoppingMall/Textures/Tex_Signboard_04_ARM
[2022.02.10-00.48.10:248][ 90]AssetTools: /Game/ShoppingMall/Meshes/Interior/Signboard/SM_Signboard_23
[2022.02.10-00.48.10:248][ 90]AssetTools: /Game/ShoppingMall/Meshes/Interior/Signboard/SM_Signboard_22
[2022.02.10-00.48.10:248][ 90]AssetTools: /Game/ShoppingMall/Meshes/Interior/Signboard/SM_Signboard_21
[2022.02.10-00.48.10:248][ 90]AssetTools: /Game/ShoppingMall/Meshes/Interior/Signboard/SM_Signboard_20
[2022.02.10-00.48.10:248][ 90]AssetTools: /Game/ShoppingMall/Meshes/Interior/Signboard/SM_Signboard_19
[2022.02.10-00.48.10:248][ 90]AssetTools: /Game/ShoppingMall/Meshes/Interior/Signboard/SM_Signboard_18
[2022.02.10-00.48.10:248][ 90]AssetTools: /Game/ShoppingMall/Meshes/Interior/Signboard/SM_Signboard_17
[2022.02.10-00.48.10:248][ 90]AssetTools: /Game/ShoppingMall/Materials/Instance/Inst_Signboard_03
[2022.02.10-00.48.10:248][ 90]AssetTools: /Game/ShoppingMall/Textures/Tex_Signboard_03_N
[2022.02.10-00.48.10:248][ 90]AssetTools: /Game/ShoppingMall/Textures/Tex_Signboard_03_ID
[2022.02.10-00.48.10:248][ 90]AssetTools: /Game/ShoppingMall/Textures/Tex_Signboard_03_D
[2022.02.10-00.48.10:248][ 90]AssetTools: /Game/ShoppingMall/Textures/Tex_Signboard_03_ARM
[2022.02.10-00.48.10:248][ 90]AssetTools: /Game/ShoppingMall/Meshes/Interior/Clothes/SM_Merged_Clothes10
[2022.02.10-00.48.10:248][ 90]AssetTools: /Game/ShoppingMall/Meshes/Interior/Clothes/SM_Merged_Clothes09
[2022.02.10-00.48.10:248][ 90]AssetTools: /Game/ShoppingMall/Meshes/Interior/Clothes/SM_Merged_Clothes08
[2022.02.10-00.48.10:248][ 90]AssetTools: /Game/ShoppingMall/Meshes/Interior/Clothes/SM_Merged_Clothes07
[2022.02.10-00.48.10:248][ 90]AssetTools: /Game/ShoppingMall/Meshes/Interior/Clothes/SM_Merged_Clothes05
[2022.02.10-00.48.10:248][ 90]AssetTools: /Game/ShoppingMall/Meshes/Interior/Clothes/SM_Merged_Clothes04
[2022.02.10-00.48.10:248][ 90]AssetTools: /Game/ShoppingMall/Meshes/Interior/Clothes/SM_Merged_Clothes03
[2022.02.10-00.48.10:248][ 90]AssetTools: /Game/ShoppingMall/Meshes/Interior/Clothes/SM_Merged_Clothes02
[2022.02.10-00.48.10:248][ 90]AssetTools: /Game/ShoppingMall/Meshes/Interior/Clothes/SM_Merged_Clothes01
[2022.02.10-00.48.10:248][ 90]AssetTools: /Game/ShoppingMall/Meshes/Interior/Clothes/SM_Mannequin_Head
[2022.02.10-00.48.10:248][ 90]AssetTools: /Game/ShoppingMall/Meshes/Interior/Clothes/SM_Mannequin_05
[2022.02.10-00.48.10:248][ 90]AssetTools: /Game/ShoppingMall/Materials/Instance/Inst_Clothes_10
[2022.02.10-00.48.10:248][ 90]AssetTools: /Game/ShoppingMall/Textures/Tex_Mannequin_01_N
[2022.02.10-00.48.10:248][ 90]AssetTools: /Game/ShoppingMall/Textures/Tex_Mannequin_01_ID
[2022.02.10-00.48.10:248][ 90]AssetTools: /Game/ShoppingMall/Textures/Tex_Mannequin_01_D
[2022.02.10-00.48.10:248][ 90]AssetTools: /Game/ShoppingMall/Textures/Tex_Mannequin_01_ARM
[2022.02.10-00.48.10:248][ 90]AssetTools: /Game/ShoppingMall/Materials/Instance/Inst_Plastic_09
[2022.02.10-00.48.10:248][ 90]AssetTools: /Game/ShoppingMall/Meshes/Interior/Clothes/SM_Mannequin_04
[2022.02.10-00.48.10:248][ 90]AssetTools: /Game/ShoppingMall/Meshes/Interior/Clothes/SM_Mannequin_03
[2022.02.10-00.48.10:248][ 90]AssetTools: /Game/ShoppingMall/Meshes/Interior/Clothes/SM_Mannequin_02
[2022.02.10-00.48.10:248][ 90]AssetTools: /Game/ShoppingMall/Meshes/Interior/Clothes/SM_Mannequin_01
[2022.02.10-00.48.10:249][ 90]AssetTools: /Game/ShoppingMall/Meshes/Interior/Clothes/SM_Hanger_06
[2022.02.10-00.48.10:249][ 90]AssetTools: /Game/ShoppingMall/Meshes/Interior/Clothes/SM_Fitting_Room_01
[2022.02.10-00.48.10:249][ 90]AssetTools: /Game/ShoppingMall/Materials/Instance/Inst_Fitting_Room
[2022.02.10-00.48.10:249][ 90]AssetTools: /Game/ShoppingMall/Textures/Tex_FittingRoom_01_N
[2022.02.10-00.48.10:249][ 90]AssetTools: /Game/ShoppingMall/Textures/Tex_FittingRoom_01_ID
[2022.02.10-00.48.10:249][ 90]AssetTools: /Game/ShoppingMall/Textures/Tex_FittingRoom_01_D
[2022.02.10-00.48.10:249][ 90]AssetTools: /Game/ShoppingMall/Textures/Tex_FittingRoom_01_ARM
[2022.02.10-00.48.10:249][ 90]AssetTools: /Game/ShoppingMall/Materials/Instance/Inst_Bulb_05
[2022.02.10-00.48.10:249][ 90]AssetTools: /Game/ShoppingMall/Meshes/Interior/Clothes/SM_Armchair_03
[2022.02.10-00.48.10:249][ 90]AssetTools: /Game/ShoppingMall/Materials/Instance/Inst_Furniture_Shop_01
[2022.02.10-00.48.10:249][ 90]AssetTools: /Game/ShoppingMall/Textures/Tex_Furniture_Shop_01_N
[2022.02.10-00.48.10:249][ 90]AssetTools: /Game/ShoppingMall/Textures/Tex_Furniture_Shop_01_ID
[2022.02.10-00.48.10:249][ 90]AssetTools: /Game/ShoppingMall/Textures/Tex_Furniture_Shop_01_D
[2022.02.10-00.48.10:249][ 90]AssetTools: /Game/ShoppingMall/Textures/Tex_Furniture_Shop_01_ARM
[2022.02.10-00.48.10:249][ 90]AssetTools: /Game/ShoppingMall/Meshes/Interior/Cafe/SM_Wooden_Fences_04
[2022.02.10-00.48.10:249][ 90]AssetTools: /Game/ShoppingMall/Meshes/Interior/Cafe/SM_Wooden_Fences_03
[2022.02.10-00.48.10:249][ 90]AssetTools: /Game/ShoppingMall/Meshes/Interior/Cafe/SM_Wooden_Fences_02
[2022.02.10-00.48.10:249][ 90]AssetTools: /Game/ShoppingMall/Meshes/Interior/Cafe/SM_Wooden_Fences_01
[2022.02.10-00.48.10:249][ 90]AssetTools: /Game/ShoppingMall/Meshes/Interior/Cafe/SM_Table_08
[2022.02.10-00.48.10:249][ 90]AssetTools: /Game/ShoppingMall/Materials/Instance/Inst_Table_01
[2022.02.10-00.48.10:249][ 90]AssetTools: /Game/ShoppingMall/Textures/Tex_Table_01_N
[2022.02.10-00.48.10:249][ 90]AssetTools: /Game/ShoppingMall/Textures/Tex_Table_01_ID
[2022.02.10-00.48.10:249][ 90]AssetTools: /Game/ShoppingMall/Textures/Tex_Table_01_D
[2022.02.10-00.48.10:249][ 90]AssetTools: /Game/ShoppingMall/Textures/Tex_Table_01_ARM
[2022.02.10-00.48.10:249][ 90]AssetTools: /Game/ShoppingMall/Meshes/Interior/Cafe/SM_Table_05
[2022.02.10-00.48.10:249][ 90]AssetTools: /Game/ShoppingMall/Meshes/Interior/Cafe/SM_Sofa_03
[2022.02.10-00.48.10:249][ 90]AssetTools: /Game/ShoppingMall/Materials/Instance/Inst_Sofa_04
[2022.02.10-00.48.10:249][ 90]AssetTools: /Game/ShoppingMall/Textures/Tex_Sofa_02_N
[2022.02.10-00.48.10:249][ 90]AssetTools: /Game/ShoppingMall/Textures/Tex_Sofa_02_ID
[2022.02.10-00.48.10:249][ 90]AssetTools: /Game/ShoppingMall/Textures/Tex_Sofa_02_D
[2022.02.10-00.48.10:249][ 90]AssetTools: /Game/ShoppingMall/Textures/Tex_Sofa_02_ARM
[2022.02.10-00.48.10:249][ 90]AssetTools: /Game/ShoppingMall/Meshes/Interior/Cafe/SM_Signboard_03
[2022.02.10-00.48.10:249][ 90]AssetTools: /Game/ShoppingMall/Materials/Instance/Inst_Signboard_01
[2022.02.10-00.48.10:249][ 90]AssetTools: /Game/ShoppingMall/Textures/Tex_Signboard_01_N
[2022.02.10-00.48.10:249][ 90]AssetTools: /Game/ShoppingMall/Textures/Tex_Signboard_01_D
[2022.02.10-00.48.10:249][ 90]AssetTools: /Game/ShoppingMall/Textures/Tex_Signboard_01_ARM
[2022.02.10-00.48.10:249][ 90]AssetTools: /Game/ShoppingMall/Meshes/Interior/Cafe/SM_Signboard_02
[2022.02.10-00.48.10:249][ 90]AssetTools: /Game/ShoppingMall/Meshes/Interior/Cafe/SM_Signboard_01
[2022.02.10-00.48.10:249][ 90]AssetTools: /Game/ShoppingMall/Meshes/Interior/Cafe/SM_Roller_Blind_05
[2022.02.10-00.48.10:249][ 90]AssetTools: /Game/ShoppingMall/Materials/Instance/Inst_Roller_Blind_01
[2022.02.10-00.48.10:249][ 90]AssetTools: /Game/ShoppingMall/Textures/Tex_Roller_Blind_N
[2022.02.10-00.48.10:249][ 90]AssetTools: /Game/ShoppingMall/Materials/Mat_Curtain_Base
[2022.02.10-00.48.10:249][ 90]AssetTools: /Game/ShoppingMall/Materials/Instance/Inst_Plastic_02
[2022.02.10-00.48.10:249][ 90]AssetTools: /Game/ShoppingMall/Meshes/Interior/Cafe/SM_Roller_Blind_04
[2022.02.10-00.48.10:249][ 90]AssetTools: /Game/ShoppingMall/Meshes/Interior/Cafe/SM_Roller_Blind_03
[2022.02.10-00.48.10:249][ 90]AssetTools: /Game/ShoppingMall/Meshes/Interior/Cafe/SM_Roller_Blind_02
[2022.02.10-00.48.10:249][ 90]AssetTools: /Game/ShoppingMall/Meshes/Interior/Cafe/SM_Roller_Blind_01
[2022.02.10-00.48.10:249][ 90]AssetTools: /Game/ShoppingMall/Meshes/Interior/Cafe/SM_Picture_01
[2022.02.10-00.48.10:250][ 90]AssetTools: /Game/ShoppingMall/Materials/Instance/Inst_Picture_01
[2022.02.10-00.48.10:250][ 90]AssetTools: /Game/ShoppingMall/Textures/Tex_Picture_01_D
[2022.02.10-00.48.10:250][ 90]AssetTools: /Game/ShoppingMall/Materials/Instance/Inst_Plastic_03
[2022.02.10-00.48.10:250][ 90]AssetTools: /Game/ShoppingMall/Meshes/Interior/Cafe/SM_Metal_Beam_01
[2022.02.10-00.48.10:250][ 90]AssetTools: /Game/ShoppingMall/Meshes/Interior/Cafe/SM_Merged_W_Fences04
[2022.02.10-00.48.10:250][ 90]AssetTools: /Game/ShoppingMall/Meshes/Interior/Cafe/SM_Merged_W_Fences03
[2022.02.10-00.48.10:250][ 90]AssetTools: /Game/ShoppingMall/Meshes/Interior/Cafe/SM_Merged_W_Fences02
[2022.02.10-00.48.10:250][ 90]AssetTools: /Game/ShoppingMall/Meshes/Interior/Cafe/SM_Merged_W_Fences01
[2022.02.10-00.48.10:250][ 90]AssetTools: /Game/ShoppingMall/Meshes/Interior/Cafe/SM_Merged_Sofa_04
[2022.02.10-00.48.10:250][ 90]AssetTools: /Game/ShoppingMall/Materials/Instance/Inst_Modular_Sofa
[2022.02.10-00.48.10:250][ 90]AssetTools: /Game/ShoppingMall/Textures/Tex_Modular_Sofa_N
[2022.02.10-00.48.10:250][ 90]AssetTools: /Game/ShoppingMall/Textures/Tex_Modular_Sofa_ID
[2022.02.10-00.48.10:250][ 90]AssetTools: /Game/ShoppingMall/Textures/Tex_Modular_Sofa_D
[2022.02.10-00.48.10:250][ 90]AssetTools: /Game/ShoppingMall/Textures/Tex_Modular_Sofa_ARM
[2022.02.10-00.48.10:250][ 90]AssetTools: /Game/ShoppingMall/Meshes/Interior/Cafe/SM_Merged_Sofa_03
[2022.02.10-00.48.10:250][ 90]AssetTools: /Game/ShoppingMall/Meshes/Interior/Cafe/SM_Merged_Sofa_02
[2022.02.10-00.48.10:250][ 90]AssetTools: /Game/ShoppingMall/Meshes/Interior/Cafe/SM_Merged_Sofa_01
[2022.02.10-00.48.10:250][ 90]AssetTools: /Game/ShoppingMall/Meshes/Interior/Cafe/SM_Merged_Cupboard01
[2022.02.10-00.48.10:250][ 90]AssetTools: /Game/ShoppingMall/Materials/Instance/Inst_Bar_Cupboard_02
[2022.02.10-00.48.10:250][ 90]AssetTools: /Game/ShoppingMall/Meshes/Interior/Cafe/SM_Merged_Beer
[2022.02.10-00.48.10:250][ 90]AssetTools: /Game/ShoppingMall/Meshes/Interior/Cafe/SM_Merged_Beam_08
[2022.02.10-00.48.10:250][ 90]AssetTools: /Game/ShoppingMall/Meshes/Interior/Cafe/SM_Merged_Beam07
[2022.02.10-00.48.10:250][ 90]AssetTools: /Game/ShoppingMall/Meshes/Interior/Cafe/SM_Merged_Beam06
[2022.02.10-00.48.10:250][ 90]AssetTools: /Game/ShoppingMall/Meshes/Interior/Cafe/SM_Merged_Beam05
[2022.02.10-00.48.10:250][ 90]AssetTools: /Game/ShoppingMall/Meshes/Interior/Cafe/SM_Merged_Beam04
[2022.02.10-00.48.10:250][ 90]AssetTools: /Game/ShoppingMall/Meshes/Interior/Cafe/SM_Merged_Beam03
[2022.02.10-00.48.10:250][ 90]AssetTools: /Game/ShoppingMall/Meshes/Interior/Cafe/SM_Merged_Beam02
[2022.02.10-00.48.10:250][ 90]AssetTools: /Game/ShoppingMall/Meshes/Interior/Cafe/SM_Merged_Beam01
[2022.02.10-00.48.10:250][ 90]AssetTools: /Game/ShoppingMall/Meshes/Interior/Cafe/SM_Merged_Bar01
[2022.02.10-00.48.10:250][ 90]AssetTools: /Game/ShoppingMall/Materials/Instance/Inst_Bar_Counter_04
[2022.02.10-00.48.10:250][ 90]AssetTools: /Game/ShoppingMall/Textures/Tex_Bar_Counter_04_N
[2022.02.10-00.48.10:250][ 90]AssetTools: /Game/ShoppingMall/Textures/Tex_Bar_Counter_04_ID
[2022.02.10-00.48.10:250][ 90]AssetTools: /Game/ShoppingMall/Textures/Tex_Bar_Counter_04_D
[2022.02.10-00.48.10:250][ 90]AssetTools: /Game/ShoppingMall/Textures/Tex_Bar_Counter_04_ARM
[2022.02.10-00.48.10:250][ 90]AssetTools: /Game/ShoppingMall/Materials/Instance/Inst_Brick_03
[2022.02.10-00.48.10:250][ 90]AssetTools: /Game/ShoppingMall/Textures/Tex_Brick_03_N
[2022.02.10-00.48.10:250][ 90]AssetTools: /Game/ShoppingMall/Textures/Tex_Brick_03_D
[2022.02.10-00.48.10:250][ 90]AssetTools: /Game/ShoppingMall/Textures/Tex_Brick_02_R
[2022.02.10-00.48.10:250][ 90]AssetTools: /Game/ShoppingMall/Meshes/Interior/Cafe/SM_Menu_Board_01
[2022.02.10-00.48.10:250][ 90]AssetTools: /Game/ShoppingMall/Materials/Instance/Inst_Wood_01
[2022.02.10-00.48.10:250][ 90]AssetTools: /Game/ShoppingMall/Textures/Tex_Wood_01_R
[2022.02.10-00.48.10:250][ 90]AssetTools: /Game/ShoppingMall/Textures/Tex_Wood_01_N
[2022.02.10-00.48.10:250][ 90]AssetTools: /Game/ShoppingMall/Textures/Tex_Wood_01_D
[2022.02.10-00.48.10:250][ 90]AssetTools: /Game/ShoppingMall/Materials/Instance/Inst_Menu_Board_01
[2022.02.10-00.48.10:250][ 90]AssetTools: /Game/ShoppingMall/Textures/Tex_Menu_01_D
[2022.02.10-00.48.10:250][ 90]AssetTools: /Game/ShoppingMall/Meshes/Interior/Cafe/SM_Cash_Register_02
[2022.02.10-00.48.10:250][ 90]AssetTools: /Game/ShoppingMall/Meshes/Interior/Cafe/SM_Bar_Stool_02
[2022.02.10-00.48.10:250][ 90]AssetTools: /Game/ShoppingMall/Meshes/Interior/Cafe/SM_Bar_Stool_01
[2022.02.10-00.48.10:250][ 90]AssetTools: /Game/ShoppingMall/Meshes/Interior/Cafe/SM_Bar_Cupboard_02
[2022.02.10-00.48.10:250][ 90]AssetTools: /Game/ShoppingMall/Meshes/Interior/Cafe/SM_Bar_Counter_12
[2022.02.10-00.48.10:250][ 90]AssetTools: /Game/ShoppingMall/Meshes/Interior/Cafe/SM_Bar_Counter_11
[2022.02.10-00.48.10:250][ 90]AssetTools: /Game/ShoppingMall/Meshes/Interior/Cafe/SM_Bar_Counter_10
[2022.02.10-00.48.10:250][ 90]AssetTools: /Game/ShoppingMall/Meshes/Interior/Cafe/SM_Bar_Counter_09
[2022.02.10-00.48.10:250][ 90]AssetTools: /Game/ShoppingMall/Materials/Instance/Inst_Bar_Counter_02
[2022.02.10-00.48.10:250][ 90]AssetTools: /Game/ShoppingMall/Textures/Tex_Bar_Counter_02_N
[2022.02.10-00.48.10:250][ 90]AssetTools: /Game/ShoppingMall/Textures/Tex_Bar_Counter_02_ID
[2022.02.10-00.48.10:250][ 90]AssetTools: /Game/ShoppingMall/Textures/Tex_Bar_Counter_02_D
[2022.02.10-00.48.10:250][ 90]AssetTools: /Game/ShoppingMall/Textures/Tex_Bar_Counter_02_ARM
[2022.02.10-00.48.10:250][ 90]AssetTools: /Game/ShoppingMall/Meshes/Interior/Cafe/SM_Bar_Counter_08
[2022.02.10-00.48.10:250][ 90]AssetTools: /Game/ShoppingMall/Meshes/Interior/Cafe/SM_Bar_Counter_07
[2022.02.10-00.48.10:250][ 90]AssetTools: /Game/ShoppingMall/Meshes/Interior/Cafe/SM_Bar_Beam_03
[2022.02.10-00.48.10:250][ 90]AssetTools: /Game/ShoppingMall/Materials/Instance/Inst_Metal_Grid_01
[2022.02.10-00.48.10:250][ 90]AssetTools: /Game/ShoppingMall/Textures/Tex_Metal_Grid_01_R
[2022.02.10-00.48.10:251][ 90]AssetTools: /Game/ShoppingMall/Textures/Tex_Metal_Grid_01_N
[2022.02.10-00.48.10:251][ 90]AssetTools: /Game/ShoppingMall/Textures/Tex_Metal_Grid_01_D
[2022.02.10-00.48.10:251][ 90]AssetTools: /Game/ShoppingMall/Materials/Instance/Inst_Plaster_01
[2022.02.10-00.48.10:251][ 90]AssetTools: /Game/ShoppingMall/Textures/Tex_Plaster_01_D
[2022.02.10-00.48.10:251][ 90]AssetTools: /Game/ShoppingMall/Textures/Tex_Plaster_01_R
[2022.02.10-00.48.10:251][ 90]AssetTools: /Game/ShoppingMall/Textures/Tex_Plaster_01_N
[2022.02.10-00.48.10:251][ 90]AssetTools: /Game/ShoppingMall/Meshes/Interior/Cafe/SM_Bar_Beam_02
[2022.02.10-00.48.10:251][ 90]AssetTools: /Game/ShoppingMall/Meshes/Interior/Cafe/SM_Bar_Beam_01
[2022.02.10-00.48.10:251][ 90]AssetTools: /Game/ShoppingMall/Meshes/Interior/Cafe/SM_Armchair_01
[2022.02.10-00.48.10:251][ 90]AssetTools: /Game/ShoppingMall/Materials/Instance/Inst_Armchair_01
[2022.02.10-00.48.10:251][ 90]AssetTools: /Game/ShoppingMall/Textures/Tex_Armchair_01_N
[2022.02.10-00.48.10:251][ 90]AssetTools: /Game/ShoppingMall/Textures/Tex_Armchair_01_ID
[2022.02.10-00.48.10:251][ 90]AssetTools: /Game/ShoppingMall/Textures/Tex_Armchair_01_D
[2022.02.10-00.48.10:251][ 90]AssetTools: /Game/ShoppingMall/Textures/Tex_Armchair_01_ARM
[2022.02.10-00.48.10:251][ 90]AssetTools: /Game/ShoppingMall/Meshes/Exterior/SM_Street_Bench
[2022.02.10-00.48.10:251][ 90]AssetTools: /Game/ShoppingMall/Materials/Instance/Inst_Entrance_Group
[2022.02.10-00.48.10:251][ 90]AssetTools: /Game/ShoppingMall/Textures/Tex_EntranceGroup_ID
[2022.02.10-00.48.10:251][ 90]AssetTools: /Game/ShoppingMall/Textures/Tex_EntranceGroup_D
[2022.02.10-00.48.10:251][ 90]AssetTools: /Game/ShoppingMall/Textures/Tex_EntranceGroup_ARM
[2022.02.10-00.48.10:251][ 90]AssetTools: /Game/ShoppingMall/Textures/Tex_EntranceGroup_N
[2022.02.10-00.48.10:251][ 90]AssetTools: /Game/ShoppingMall/Meshes/Exterior/SM_Speed_Bump_02
[2022.02.10-00.48.10:251][ 90]AssetTools: /Game/ShoppingMall/Meshes/Exterior/SM_Speed_Bump_01
[2022.02.10-00.48.10:251][ 90]AssetTools: /Game/ShoppingMall/Meshes/Exterior/SM_SkeletonForSignage
[2022.02.10-00.48.10:251][ 90]AssetTools: /Game/ShoppingMall/Meshes/Exterior/SM_Sidewalk_21
[2022.02.10-00.48.10:251][ 90]AssetTools: /Game/ShoppingMall/Meshes/Exterior/SM_Sidewalk_20
[2022.02.10-00.48.10:251][ 90]AssetTools: /Game/ShoppingMall/Meshes/Exterior/SM_Sidewalk_19
[2022.02.10-00.48.10:251][ 90]AssetTools: /Game/ShoppingMall/Meshes/Exterior/SM_Sidewalk_18
[2022.02.10-00.48.10:251][ 90]AssetTools: /Game/ShoppingMall/Meshes/Exterior/SM_Sidewalk_17
[2022.02.10-00.48.10:251][ 90]AssetTools: /Game/ShoppingMall/Meshes/Exterior/SM_Sidewalk_16
[2022.02.10-00.48.10:251][ 90]AssetTools: /Game/ShoppingMall/Meshes/Exterior/SM_Sidewalk_15
[2022.02.10-00.48.10:251][ 90]AssetTools: /Game/ShoppingMall/Meshes/Exterior/SM_Sidewalk_14
[2022.02.10-00.48.10:251][ 90]AssetTools: /Game/ShoppingMall/Materials/Instance/Inst_Sidewalk_03
[2022.02.10-00.48.10:251][ 90]AssetTools: /Game/ShoppingMall/Textures/Tex_Sidewalk_01_R
[2022.02.10-00.48.10:251][ 90]AssetTools: /Game/ShoppingMall/Textures/Tex_Sidewalk_01_D
[2022.02.10-00.48.10:251][ 90]AssetTools: /Game/ShoppingMall/Materials/Instance/Inst_Ground_01
[2022.02.10-00.48.10:251][ 90]AssetTools: /Game/ShoppingMall/Textures/Tex_Ground_02_N
[2022.02.10-00.48.10:251][ 90]AssetTools: /Game/ShoppingMall/Textures/Tex_Ground_02_D
[2022.02.10-00.48.10:251][ 90]AssetTools: /Game/ShoppingMall/Textures/Tex_Ground_01_N
[2022.02.10-00.48.10:251][ 90]AssetTools: /Game/ShoppingMall/Textures/Tex_Ground_01_D
[2022.02.10-00.48.10:251][ 90]AssetTools: /Game/ShoppingMall/Meshes/Interior/Signboard/SM_Signboard_16
[2022.02.10-00.48.10:251][ 90]AssetTools: /Game/ShoppingMall/Meshes/Interior/Signboard/SM_Signboard_15
[2022.02.10-00.48.10:251][ 90]AssetTools: /Game/ShoppingMall/Meshes/Interior/Signboard/SM_Signboard_14
[2022.02.10-00.48.10:251][ 90]AssetTools: /Game/ShoppingMall/Meshes/Interior/Signboard/SM_Signboard_13
[2022.02.10-00.48.10:251][ 90]AssetTools: /Game/ShoppingMall/Meshes/Interior/Signboard/SM_Signboard_12
[2022.02.10-00.48.10:251][ 90]AssetTools: /Game/ShoppingMall/Meshes/Interior/Signboard/SM_Signboard_11
[2022.02.10-00.48.10:251][ 90]AssetTools: /Game/ShoppingMall/Meshes/Interior/Signboard/SM_Signboard_10
[2022.02.10-00.48.10:251][ 90]AssetTools: /Game/ShoppingMall/Meshes/Interior/Signboard/SM_Signboard_09
[2022.02.10-00.48.10:251][ 90]AssetTools: /Game/ShoppingMall/Meshes/Interior/Signboard/SM_Signboard_08
[2022.02.10-00.48.10:251][ 90]AssetTools: /Game/ShoppingMall/Meshes/Interior/Signboard/SM_Signboard_07
[2022.02.10-00.48.10:251][ 90]AssetTools: /Game/ShoppingMall/Materials/Instance/Inst_Signboard_02
[2022.02.10-00.48.10:251][ 90]AssetTools: /Game/ShoppingMall/Textures/Tex_Signboard_02_N
[2022.02.10-00.48.10:251][ 90]AssetTools: /Game/ShoppingMall/Textures/Tex_Signboard_02_ID
[2022.02.10-00.48.10:252][ 90]AssetTools: /Game/ShoppingMall/Textures/Tex_Signboard_02_D
[2022.02.10-00.48.10:252][ 90]AssetTools: /Game/ShoppingMall/Textures/Tex_Signboard_02_ARM
[2022.02.10-00.48.10:252][ 90]AssetTools: /Game/ShoppingMall/Meshes/Interior/Signboard/SM_Signboard_06
[2022.02.10-00.48.10:252][ 90]AssetTools: /Game/ShoppingMall/Meshes/Interior/Signboard/SM_Signboard_05
[2022.02.10-00.48.10:252][ 90]AssetTools: /Game/ShoppingMall/Meshes/Interior/Signboard/SM_Signboard_04
[2022.02.10-00.48.10:252][ 90]AssetTools: /Game/ShoppingMall/Meshes/Interior/Signboard/SM_Signboard_03
[2022.02.10-00.48.10:252][ 90]AssetTools: /Game/ShoppingMall/Meshes/Interior/Signboard/SM_Signboard_02
[2022.02.10-00.48.10:252][ 90]AssetTools: /Game/ShoppingMall/Meshes/Interior/Signboard/SM_Signboard_01
[2022.02.10-00.48.10:252][ 90]AssetTools: /Game/ShoppingMall/Meshes/Interior/Lamp/SM_Lamp_07
[2022.02.10-00.48.10:252][ 90]AssetTools: /Game/ShoppingMall/Meshes/Interior/Lamp/SM_Lamp_06
[2022.02.10-00.48.10:252][ 90]AssetTools: /Game/ShoppingMall/Meshes/Interior/Lamp/SM_Lamp_04
[2022.02.10-00.48.10:252][ 90]AssetTools: /Game/ShoppingMall/Meshes/Interior/Lamp/SM_Lamp_03
[2022.02.10-00.48.10:252][ 90]AssetTools: /Game/ShoppingMall/Meshes/Interior/Lamp/SM_Lamp_01
[2022.02.10-00.48.10:252][ 90]AssetTools: /Game/ShoppingMall/Meshes/Interior/Electronics/SM_Washer_01
[2022.02.10-00.48.10:252][ 90]AssetTools: /Game/ShoppingMall/Materials/Instance/Inst_Washer_01
[2022.02.10-00.48.10:252][ 90]AssetTools: /Game/ShoppingMall/Textures/Tex_Washer_01_N
[2022.02.10-00.48.10:252][ 90]AssetTools: /Game/ShoppingMall/Textures/Tex_Washer_01_ID
[2022.02.10-00.48.10:252][ 90]AssetTools: /Game/ShoppingMall/Textures/Tex_Washer_01_D
[2022.02.10-00.48.10:252][ 90]AssetTools: /Game/ShoppingMall/Textures/Tex_Washer_01_ARM
[2022.02.10-00.48.10:252][ 90]AssetTools: /Game/ShoppingMall/Meshes/Interior/Electronics/SM_Poster_02
[2022.02.10-00.48.10:252][ 90]AssetTools: /Game/ShoppingMall/Materials/Instance/Inst_Poster_01
[2022.02.10-00.48.10:252][ 90]AssetTools: /Game/ShoppingMall/Textures/Tex_Poster_01_D
[2022.02.10-00.48.10:252][ 90]AssetTools: /Game/ShoppingMall/Meshes/Interior/Electronics/SM_Pedestal_03
[2022.02.10-00.48.10:252][ 90]AssetTools: /Game/ShoppingMall/Meshes/Interior/Electronics/SM_Pedestal_02
[2022.02.10-00.48.10:252][ 90]AssetTools: /Game/ShoppingMall/Meshes/Interior/Electronics/SM_Merged_Phone19
[2022.02.10-00.48.10:252][ 90]AssetTools: /Game/ShoppingMall/Meshes/Interior/Electronics/SM_Merged_Phone18
[2022.02.10-00.48.10:252][ 90]AssetTools: /Game/ShoppingMall/Meshes/Interior/Electronics/SM_Merged_Phone17
[2022.02.10-00.48.10:252][ 90]AssetTools: /Game/ShoppingMall/Meshes/Interior/Electronics/SM_Merged_Phone16
[2022.02.10-00.48.10:252][ 90]AssetTools: /Game/ShoppingMall/Meshes/Interior/Electronics/SM_Merged_Phone15
[2022.02.10-00.48.10:252][ 90]AssetTools: /Game/ShoppingMall/Meshes/Interior/Electronics/SM_Merged_Phone14
[2022.02.10-00.48.10:252][ 90]AssetTools: /Game/ShoppingMall/Meshes/Interior/Electronics/SM_Merged_Phone13
[2022.02.10-00.48.10:252][ 90]AssetTools: /Game/ShoppingMall/Meshes/Interior/Electronics/SM_Merged_Phone12
[2022.02.10-00.48.10:252][ 90]AssetTools: /Game/ShoppingMall/Meshes/Interior/Electronics/SM_Merged_Phone11
[2022.02.10-00.48.10:252][ 90]AssetTools: /Game/ShoppingMall/Meshes/Interior/Electronics/SM_Merged_Phone10
[2022.02.10-00.48.10:252][ 90]AssetTools: /Game/ShoppingMall/Meshes/Interior/Electronics/SM_Merged_Phone09
[2022.02.10-00.48.10:252][ 90]AssetTools: /Game/ShoppingMall/Meshes/Interior/Electronics/SM_Merged_Phone08
[2022.02.10-00.48.10:252][ 90]AssetTools: /Game/ShoppingMall/Meshes/Interior/Electronics/SM_Merged_Phone07
[2022.02.10-00.48.10:252][ 90]AssetTools: /Game/ShoppingMall/Meshes/Interior/Electronics/SM_Merged_Phone06
[2022.02.10-00.48.10:252][ 90]AssetTools: /Game/ShoppingMall/Meshes/Interior/Electronics/SM_Merged_Phone05
[2022.02.10-00.48.10:252][ 90]AssetTools: /Game/ShoppingMall/Meshes/Interior/Electronics/SM_Merged_Phone04
[2022.02.10-00.48.10:252][ 90]AssetTools: /Game/ShoppingMall/Meshes/Interior/Electronics/SM_Merged_Phone03
[2022.02.10-00.48.10:253][ 90]AssetTools: /Game/ShoppingMall/Meshes/Interior/Electronics/SM_Merged_Phone02
[2022.02.10-00.48.10:253][ 90]AssetTools: /Game/ShoppingMall/Meshes/Interior/Electronics/SM_Merged_Phone01
[2022.02.10-00.48.10:253][ 90]AssetTools: /Game/ShoppingMall/Meshes/Interior/Electronics/SM_Gas_Stove
[2022.02.10-00.48.10:253][ 90]AssetTools: /Game/ShoppingMall/Meshes/Interior/Electronics/SM_Fridge_03
[2022.02.10-00.48.10:253][ 90]AssetTools: /Game/ShoppingMall/Meshes/Interior/Electronics/SM_Fridge_02
[2022.02.10-00.48.10:253][ 90]AssetTools: /Game/ShoppingMall/Meshes/Interior/Electronics/SM_Fernseher_02
[2022.02.10-00.48.10:253][ 90]AssetTools: /Game/ShoppingMall/Meshes/Interior/Electronics/SM_Fernseher_01
[2022.02.10-00.48.10:253][ 90]AssetTools: /Game/ShoppingMall/Meshes/Interior/Electronics/SM_Dishwasher
[2022.02.10-00.48.10:253][ 90]AssetTools: /Game/ShoppingMall/Meshes/Interior/Electronics/SM_Big_Fridge_02
[2022.02.10-00.48.10:253][ 90]AssetTools: /Game/ShoppingMall/Meshes/Interior/Clothes/SM_Theft_Protection02
[2022.02.10-00.48.10:253][ 90]AssetTools: /Game/ShoppingMall/Materials/Instance/Inst_Bench_02
[2022.02.10-00.48.10:253][ 90]AssetTools: /Game/ShoppingMall/Meshes/Interior/Clothes/SM_Theft_Protection01
[2022.02.10-00.48.10:253][ 90]AssetTools: /Game/ShoppingMall/Meshes/Interior/Clothes/SM_Small_Table_01
[2022.02.10-00.48.10:253][ 90]AssetTools: /Game/ShoppingMall/Meshes/Interior/Clothes/SM_Ottoman_02
[2022.02.10-00.48.10:253][ 90]AssetTools: /Game/ShoppingMall/Meshes/Interior/Clothes/SM_Ottoman_01
[2022.02.10-00.48.10:253][ 90]AssetTools: /Game/ShoppingMall/Meshes/Interior/Clothes/SM_Mirror_01
[2022.02.10-00.48.10:253][ 90]AssetTools: /Game/ShoppingMall/Meshes/Interior/Clothes/SM_Merged_RackBoot12
[2022.02.10-00.48.10:253][ 90]AssetTools: /Game/ShoppingMall/Meshes/Interior/Clothes/SM_Merged_RackBoot11
[2022.02.10-00.48.10:253][ 90]AssetTools: /Game/ShoppingMall/Meshes/Interior/Clothes/SM_Merged_RackBoot10
[2022.02.10-00.48.10:253][ 90]AssetTools: /Game/ShoppingMall/Meshes/Interior/Clothes/SM_Merged_RackBoot09
[2022.02.10-00.48.10:253][ 90]AssetTools: /Game/ShoppingMall/Meshes/Interior/Clothes/SM_Merged_RackBoot08
[2022.02.10-00.48.10:253][ 90]AssetTools: /Game/ShoppingMall/Meshes/Interior/Clothes/SM_Merged_RackBoot07
[2022.02.10-00.48.10:253][ 90]AssetTools: /Game/ShoppingMall/Meshes/Interior/Clothes/SM_Merged_RackBoot06
[2022.02.10-00.48.10:253][ 90]AssetTools: /Game/ShoppingMall/Meshes/Interior/Clothes/SM_Merged_RackBoot05
[2022.02.10-00.48.10:253][ 90]AssetTools: /Game/ShoppingMall/Meshes/Interior/Clothes/SM_Merged_RackBoot04
[2022.02.10-00.48.10:253][ 90]AssetTools: /Game/ShoppingMall/Meshes/Interior/Clothes/SM_Merged_RackBoot03
[2022.02.10-00.48.10:253][ 90]AssetTools: /Game/ShoppingMall/Meshes/Interior/Clothes/SM_Merged_RackBoot02
[2022.02.10-00.48.10:253][ 90]AssetTools: /Game/ShoppingMall/Meshes/Interior/Clothes/SM_Merged_RackBoot01
[2022.02.10-00.48.10:253][ 90]AssetTools: /Game/ShoppingMall/Meshes/Interior/Clothes/SM_Merged_RackBag
[2022.02.10-00.48.10:253][ 90]AssetTools: /Game/ShoppingMall/Meshes/Interior/Clothes/SM_Merged_Clothes22
[2022.02.10-00.48.10:253][ 90]AssetTools: /Game/ShoppingMall/Meshes/Interior/Clothes/SM_Merged_Clothes21
[2022.02.10-00.48.10:253][ 90]AssetTools: /Game/ShoppingMall/Meshes/Interior/Clothes/SM_Merged_Clothes20
[2022.02.10-00.48.10:253][ 90]AssetTools: /Game/ShoppingMall/Meshes/Interior/Clothes/SM_Merged_Clothes19
[2022.02.10-00.48.10:253][ 90]AssetTools: /Game/ShoppingMall/Meshes/Interior/Clothes/SM_Merged_Clothes18
[2022.02.10-00.48.10:253][ 90]AssetTools: /Game/ShoppingMall/Meshes/Interior/Clothes/SM_Merged_Clothes17
[2022.02.10-00.48.10:253][ 90]AssetTools: /Game/ShoppingMall/Meshes/Interior/Clothes/SM_Merged_Clothes16
[2022.02.10-00.48.10:253][ 90]AssetTools: /Game/ShoppingMall/Meshes/Interior/Clothes/SM_Merged_Clothes15
[2022.02.10-00.48.10:253][ 90]AssetTools: /Game/ShoppingMall/Meshes/Interior/Clothes/SM_Merged_Clothes14
[2022.02.10-00.48.10:253][ 90]AssetTools: /Game/ShoppingMall/Meshes/Interior/Clothes/SM_Merged_Clothes13
[2022.02.10-00.48.10:253][ 90]AssetTools: /Game/ShoppingMall/Meshes/Interior/Clothes/SM_Merged_Clothes12
[2022.02.10-00.48.10:253][ 90]AssetTools: /Game/ShoppingMall/Meshes/Interior/Clothes/SM_Merged_Clothes11
[2022.02.10-00.48.10:253][ 90]AssetTools: /Game/ShoppingMall/Meshes/Building/SM_Showcase_11
[2022.02.10-00.48.10:253][ 90]AssetTools: /Game/ShoppingMall/Materials/Instance/Inst_Poster_Barbershop
[2022.02.10-00.48.10:253][ 90]AssetTools: /Game/ShoppingMall/Textures/Tex_Barbershop_01_D
[2022.02.10-00.48.10:253][ 90]AssetTools: /Game/ShoppingMall/Materials/Instance/Inst_Metal_Railings_03
[2022.02.10-00.48.10:253][ 90]AssetTools: /Game/ShoppingMall/Materials/Mat_Base_04
[2022.02.10-00.48.10:253][ 90]AssetTools: /Game/ShoppingMall/Meshes/Building/SM_Showcase_10
[2022.02.10-00.48.10:254][ 90]AssetTools: /Game/ShoppingMall/Materials/Instance/Inst_Glass_06
[2022.02.10-00.48.10:254][ 90]AssetTools: /Game/ShoppingMall/Materials/Instance/Inst_Poster_Tools
[2022.02.10-00.48.10:254][ 90]AssetTools: /Game/ShoppingMall/Textures/Tex_Construction_Tools_D
[2022.02.10-00.48.10:254][ 90]AssetTools: /Game/ShoppingMall/Meshes/Building/SM_Showcase_09
[2022.02.10-00.48.10:254][ 90]AssetTools: /Game/ShoppingMall/Meshes/Building/SM_Showcase_08
[2022.02.10-00.48.10:254][ 90]AssetTools: /Game/ShoppingMall/Meshes/Building/SM_Showcase_07
[2022.02.10-00.48.10:254][ 90]AssetTools: /Game/ShoppingMall/Meshes/Building/SM_Showcase_05
[2022.02.10-00.48.10:254][ 90]AssetTools: /Game/ShoppingMall/Meshes/Building/SM_Showcase_04
[2022.02.10-00.48.10:254][ 90]AssetTools: /Game/ShoppingMall/Meshes/Building/SM_Showcase_03
[2022.02.10-00.48.10:254][ 90]AssetTools: /Game/ShoppingMall/Meshes/Building/SM_Showcase_02
[2022.02.10-00.48.10:254][ 90]AssetTools: /Game/ShoppingMall/Meshes/Building/SM_Showcase_01
[2022.02.10-00.48.10:254][ 90]AssetTools: /Game/ShoppingMall/Meshes/Building/SM_Roof_Lantern_02
[2022.02.10-00.48.10:254][ 90]AssetTools: /Game/ShoppingMall/Meshes/Building/SM_Roof_Lantern_01
[2022.02.10-00.48.10:254][ 90]AssetTools: /Game/ShoppingMall/Meshes/Building/SM_Roof_Ladder_01
[2022.02.10-00.48.10:254][ 90]AssetTools: /Game/ShoppingMall/Materials/Instance/Inst_Tile_Facade_02
[2022.02.10-00.48.10:254][ 90]AssetTools: /Game/ShoppingMall/Textures/Tex_Tile_Facade_01_D
[2022.02.10-00.48.10:254][ 90]AssetTools: /Game/ShoppingMall/Textures/Tex_Tile_Facade_01_N
[2022.02.10-00.48.10:254][ 90]AssetTools: /Game/ShoppingMall/Materials/Instance/Inst_Roofing_01
[2022.02.10-00.48.10:254][ 90]AssetTools: /Game/ShoppingMall/Textures/Tex_Roofing_02_D
[2022.02.10-00.48.10:254][ 90]AssetTools: /Game/ShoppingMall/Textures/Tex_Roofing_01_N
[2022.02.10-00.48.10:254][ 90]AssetTools: /Game/ShoppingMall/Textures/Tex_Roofing_01_D
[2022.02.10-00.48.10:254][ 90]AssetTools: /Game/ShoppingMall/Textures/Tex_Bitumen_01_N
[2022.02.10-00.48.10:254][ 90]AssetTools: /Game/ShoppingMall/Meshes/Building/SM_Roof_07
[2022.02.10-00.48.10:254][ 90]AssetTools: /Game/ShoppingMall/Meshes/Building/SM_Roof_06
[2022.02.10-00.48.10:254][ 90]AssetTools: /Game/ShoppingMall/Meshes/Building/SM_Roof_05
[2022.02.10-00.48.10:254][ 90]AssetTools: /Game/ShoppingMall/Meshes/Building/SM_Roof_04
[2022.02.10-00.48.10:254][ 90]AssetTools: /Game/ShoppingMall/Meshes/Building/SM_Roof_02
[2022.02.10-00.48.10:254][ 90]AssetTools: /Game/ShoppingMall/Materials/Instance/Inst_Plaster_03
[2022.02.10-00.48.10:254][ 90]AssetTools: /Game/ShoppingMall/Meshes/Building/SM_Roof_01
[2022.02.10-00.48.10:254][ 90]AssetTools: /Game/ShoppingMall/Meshes/Building/SM_Parapet_16
[2022.02.10-00.48.10:254][ 90]AssetTools: /Game/ShoppingMall/Materials/Instance/Inst_Parapet_01
[2022.02.10-00.48.10:254][ 90]AssetTools: /Game/ShoppingMall/Textures/Tex_Tile_Facade_03_R
[2022.02.10-00.48.10:254][ 90]AssetTools: /Game/ShoppingMall/Textures/Tex_Tile_Facade_03_D
[2022.02.10-00.48.10:254][ 90]AssetTools: /Game/ShoppingMall/Meshes/Building/SM_Parapet_14
[2022.02.10-00.48.10:254][ 90]AssetTools: /Game/ShoppingMall/Meshes/Building/SM_Parapet_13
[2022.02.10-00.48.10:254][ 90]AssetTools: /Game/ShoppingMall/Meshes/Building/SM_Parapet_12
[2022.02.10-00.48.10:254][ 90]AssetTools: /Game/ShoppingMall/Meshes/Building/SM_Parapet_11
[2022.02.10-00.48.10:254][ 90]AssetTools: /Game/ShoppingMall/Meshes/Building/SM_Parapet_10
[2022.02.10-00.48.10:254][ 90]AssetTools: /Game/ShoppingMall/Meshes/Building/SM_Parapet_09
[2022.02.10-00.48.10:254][ 90]AssetTools: /Game/ShoppingMall/Meshes/Building/SM_Parapet_08
[2022.02.10-00.48.10:254][ 90]AssetTools: /Game/ShoppingMall/Meshes/Building/SM_Parapet_07
[2022.02.10-00.48.10:254][ 90]AssetTools: /Game/ShoppingMall/Meshes/Building/SM_Parapet_06
[2022.02.10-00.48.10:254][ 90]AssetTools: /Game/ShoppingMall/Meshes/Building/SM_Parapet_04
[2022.02.10-00.48.10:254][ 90]AssetTools: /Game/ShoppingMall/Meshes/Building/SM_Parapet_02
[2022.02.10-00.48.10:254][ 90]AssetTools: /Game/ShoppingMall/Meshes/Building/SM_Parapet_01
[2022.02.10-00.48.10:254][ 90]AssetTools: /Game/ShoppingMall/Meshes/Building/SM_Merged_Floor_11
[2022.02.10-00.48.10:254][ 90]AssetTools: /Game/ShoppingMall/Materials/Instance/Inst_Tiles_01
[2022.02.10-00.48.10:254][ 90]AssetTools: /Game/ShoppingMall/Textures/Tex_Tiles_01_R
[2022.02.10-00.48.10:254][ 90]AssetTools: /Game/ShoppingMall/Textures/Tex_Tiles_01_N
[2022.02.10-00.48.10:254][ 90]AssetTools: /Game/ShoppingMall/Textures/Tex_Tiles_01_D
[2022.02.10-00.48.10:254][ 90]AssetTools: /Game/ShoppingMall/Materials/Instance/Inst_Metal_Ceiling_01
[2022.02.10-00.48.10:254][ 90]AssetTools: /Game/ShoppingMall/Textures/Tex_Metal_Ceiling_01_R
[2022.02.10-00.48.10:254][ 90]AssetTools: /Game/ShoppingMall/Textures/Tex_Metal_Ceiling_01_N
[2022.02.10-00.48.10:254][ 90]AssetTools: /Game/ShoppingMall/Textures/Tex_Metal_Ceiling_01_D
[2022.02.10-00.48.10:254][ 90]AssetTools: /Game/ShoppingMall/Meshes/Building/SM_Merged_Floor_10
[2022.02.10-00.48.10:254][ 90]AssetTools: /Game/ShoppingMall/Meshes/Building/SM_Merged_Floor_09
[2022.02.10-00.48.10:254][ 90]AssetTools: /Game/ShoppingMall/Meshes/Building/SM_Merged_Floor_08
[2022.02.10-00.48.10:254][ 90]AssetTools: /Game/ShoppingMall/Meshes/Building/SM_Merged_Floor_07
[2022.02.10-00.48.10:254][ 90]AssetTools: /Game/ShoppingMall/Meshes/Building/SM_Merged_Floor_06
[2022.02.10-00.48.10:254][ 90]AssetTools: /Game/ShoppingMall/Meshes/Building/SM_Merged_Floor_05
[2022.02.10-00.48.10:254][ 90]AssetTools: /Game/ShoppingMall/Meshes/Building/SM_Merged_Floor_04
[2022.02.10-00.48.10:254][ 90]AssetTools: /Game/ShoppingMall/Meshes/Building/SM_Merged_Beam
[2022.02.10-00.48.10:254][ 90]AssetTools: /Game/ShoppingMall/Meshes/Building/SM_Inner_Wall_06
[2022.02.10-00.48.10:254][ 90]AssetTools: /Game/ShoppingMall/Materials/Instance/Inst_Plaster_02
[2022.02.10-00.48.10:254][ 90]AssetTools: /Game/ShoppingMall/Meshes/Building/SM_Inner_Wall_05
[2022.02.10-00.48.10:255][ 90]AssetTools: /Game/ShoppingMall/Meshes/Building/SM_Inner_Wall_04
[2022.02.10-00.48.10:255][ 90]AssetTools: /Game/ShoppingMall/Meshes/Building/SM_Inner_Wall_03
[2022.02.10-00.48.10:255][ 90]AssetTools: /Game/ShoppingMall/Meshes/Building/SM_Inner_Wall_02
[2022.02.10-00.48.10:255][ 90]AssetTools: /Game/ShoppingMall/Meshes/Building/SM_Inner_Wall_01
[2022.02.10-00.48.10:255][ 90]AssetTools: /Game/ShoppingMall/Meshes/Building/SM_Inner_Corner_02
[2022.02.10-00.48.10:255][ 90]AssetTools: /Game/ShoppingMall/Meshes/Building/SM_Inner_Corner_01
[2022.02.10-00.48.10:255][ 90]AssetTools: /Game/ShoppingMall/Meshes/Building/SM_Inner_Angle_01
[2022.02.10-00.48.10:255][ 90]AssetTools: /Game/ShoppingMall/Meshes/Building/SM_Floor_Slab_04
[2022.02.10-00.48.10:255][ 90]AssetTools: /Game/ShoppingMall/Meshes/Building/SM_Floor_Slab_02
[2022.02.10-00.48.10:255][ 90]AssetTools: /Game/ShoppingMall/Meshes/Building/SM_Floor_Slab_01
[2022.02.10-00.48.10:255][ 90]AssetTools: /Game/ShoppingMall/Meshes/Building/SM_Floor_Hall_03
[2022.02.10-00.48.10:255][ 90]AssetTools: /Game/ShoppingMall/Materials/Instance/Inst_Tiles_04
[2022.02.10-00.48.10:255][ 90]AssetTools: /Game/ShoppingMall/Textures/Tex_Tiles_04_D
[2022.02.10-00.48.10:255][ 90]AssetTools: /Game/ShoppingMall/Materials/Instance/Inst_Tiles_05
[2022.02.10-00.48.10:255][ 90]AssetTools: /Game/ShoppingMall/Textures/Tex_Tiles_05_D
[2022.02.10-00.48.10:255][ 90]AssetTools: /Game/ShoppingMall/Meshes/Building/SM_Floor_Hall_0222
[2022.02.10-00.48.10:255][ 90]AssetTools: /Game/ShoppingMall/Meshes/Building/SM_Floor_Hall_01
[2022.02.10-00.48.10:255][ 90]AssetTools: /Game/ShoppingMall/Meshes/Building/SM_Facade_Element_02
[2022.02.10-00.48.10:255][ 90]AssetTools: /Game/ShoppingMall/Materials/Instance/Inst_Tile_Facade_03
[2022.02.10-00.48.10:255][ 90]AssetTools: /Game/ShoppingMall/Textures/Tex_Tile_Facade_02_N
[2022.02.10-00.48.10:255][ 90]AssetTools: /Game/ShoppingMall/Textures/Tex_Tile_Facade_02_D
[2022.02.10-00.48.10:255][ 90]AssetTools: /Game/ShoppingMall/Meshes/Building/SM_Facade_Element_01
[2022.02.10-00.48.10:255][ 90]AssetTools: /Game/ShoppingMall/Meshes/Building/SM_External_Staircase_03
[2022.02.10-00.48.10:255][ 90]AssetTools: /Game/ShoppingMall/Materials/Instance/Inst_External_Staircase
[2022.02.10-00.48.10:255][ 90]AssetTools: /Game/ShoppingMall/Textures/Tex_External_Staircase_N
[2022.02.10-00.48.10:255][ 90]AssetTools: /Game/ShoppingMall/Textures/Tex_External_Staircase_D
[2022.02.10-00.48.10:255][ 90]AssetTools: /Game/ShoppingMall/Textures/Tex_External_Staircase_ARM
[2022.02.10-00.48.10:255][ 90]AssetTools: /Game/ShoppingMall/Meshes/Building/SM_External_Staircase_02
[2022.02.10-00.48.10:255][ 90]AssetTools: /Game/ShoppingMall/Meshes/Building/SM_External_Staircase_01
[2022.02.10-00.48.10:255][ 90]AssetTools: /Game/ShoppingMall/Meshes/Building/SM_External_Column_05
[2022.02.10-00.48.10:255][ 90]AssetTools: /Game/ShoppingMall/Meshes/Building/SM_External_Column_04
[2022.02.10-00.48.10:255][ 90]AssetTools: /Game/ShoppingMall/Meshes/Building/SM_External_Column_03
[2022.02.10-00.48.10:255][ 90]AssetTools: /Game/ShoppingMall/Meshes/Building/SM_External_Column_02
[2022.02.10-00.48.10:255][ 90]AssetTools: /Game/ShoppingMall/Materials/Instance/Inst_Metal_Window_01
[2022.02.10-00.48.10:255][ 90]AssetTools: /Game/ShoppingMall/Meshes/Building/SM_External_Column_01
[2022.02.10-00.48.10:255][ 90]AssetTools: /Game/ShoppingMall/Meshes/Building/SM_Entry_Group_03
[2022.02.10-00.48.10:255][ 90]AssetTools: /Game/ShoppingMall/Materials/Instance/Inst_Tile_Facade_01
[2022.02.10-00.48.10:255][ 90]AssetTools: /Game/ShoppingMall/Materials/Instance/Inst_Plastic_01
[2022.02.10-00.48.10:255][ 90]AssetTools: /Game/ShoppingMall/Materials/Instance/Inst_Glass_02
[2022.02.10-00.48.10:255][ 90]AssetTools: /Game/ShoppingMall/Meshes/Building/SM_Entry_Group_02
[2022.02.10-00.48.10:255][ 90]AssetTools: /Game/ShoppingMall/Meshes/Building/SM_Entry_Group_01
[2022.02.10-00.48.10:255][ 90]AssetTools: /Game/ShoppingMall/Meshes/Building/SM_Ceiling_10
[2022.02.10-00.48.10:255][ 90]AssetTools: /Game/ShoppingMall/Meshes/Building/SM_Ceiling_09
[2022.02.10-00.48.10:255][ 90]AssetTools: /Game/ShoppingMall/Meshes/Building/SM_Ceiling_08
[2022.02.10-00.48.10:255][ 90]AssetTools: /Game/ShoppingMall/Meshes/Building/SM_Ceiling_07
[2022.02.10-00.48.10:255][ 90]AssetTools: /Game/ShoppingMall/Materials/Instance/Inst_Ceiling_01
[2022.02.10-00.48.10:256][ 90]AssetTools: /Game/ShoppingMall/Meshes/Building/SM_Ceiling_06
[2022.02.10-00.48.10:256][ 90]AssetTools: /Game/ShoppingMall/Meshes/Building/SM_Ceiling_05
[2022.02.10-00.48.10:256][ 90]AssetTools: /Game/ShoppingMall/Meshes/Building/SM_Ceiling_03
[2022.02.10-00.48.10:256][ 90]AssetTools: /Game/ShoppingMall/Meshes/Building/SM_Beam_01
[2022.02.10-00.48.10:256][ 90]AssetTools: /Game/ShoppingMall/Meshes/Building/SM_Bay_Window_Slab
[2022.02.10-00.48.10:256][ 90]AssetTools: /Game/ShoppingMall/Meshes/Building/SM_Bay_Window_04
[2022.02.10-00.48.10:256][ 90]AssetTools: /Game/ShoppingMall/Meshes/Building/SM_Bay_Window_03
[2022.02.10-00.48.10:256][ 90]AssetTools: /Game/ShoppingMall/Meshes/Building/SM_Bay_Window_02
[2022.02.10-00.48.10:256][ 90]AssetTools: /Game/ShoppingMall/Meshes/Building/SM_Bay_Window_01
[2022.02.10-00.48.10:256][ 90]AssetTools: /Game/ShoppingMall/Materials/Instance/Inst_Wood_04
[2022.02.10-00.48.10:256][ 90]AssetTools: /Game/ShoppingMall/Textures/Tex_Wood_Plank_03_D
[2022.02.10-00.48.10:256][ 90]AssetTools: /Game/ShoppingMall/Textures/Tex_Wood_Plank_02_R
[2022.02.10-00.48.10:256][ 90]AssetTools: /Game/ShoppingMall/Textures/Tex_Wood_Plank_02_N
[2022.02.10-00.48.10:256][ 90]AssetTools: /Game/ShoppingMall/Materials/Instance/Inst_Wood_03
[2022.02.10-00.48.10:256][ 90]AssetTools: /Game/ShoppingMall/Textures/Tex_Wood_Plank_02_D
[2022.02.10-00.48.10:256][ 90]AssetTools: /Game/ShoppingMall/Meshes/Exterior/SM_Sidewalk_11
[2022.02.10-00.48.10:256][ 90]AssetTools: /Game/ShoppingMall/Meshes/Exterior/SM_Sidewalk_10
[2022.02.10-00.48.10:256][ 90]AssetTools: /Game/ShoppingMall/Meshes/Exterior/SM_Sidewalk_09
[2022.02.10-00.48.10:256][ 90]AssetTools: /Game/ShoppingMall/Meshes/Exterior/SM_Sidewalk_08
[2022.02.10-00.48.10:256][ 90]AssetTools: /Game/ShoppingMall/Meshes/Exterior/SM_Sidewalk_07
[2022.02.10-00.48.10:256][ 90]AssetTools: /Game/ShoppingMall/Meshes/Exterior/SM_Sidewalk_06
[2022.02.10-00.48.10:256][ 90]AssetTools: /Game/ShoppingMall/Materials/Instance/Inst_Sidewalk_06
[2022.02.10-00.48.10:256][ 90]AssetTools: /Game/ShoppingMall/Materials/Instance/Inst_Sidewalk_05
[2022.02.10-00.48.10:256][ 90]AssetTools: /Game/ShoppingMall/Materials/Instance/Inst_Sidewalk_02
[2022.02.10-00.48.10:256][ 90]AssetTools: /Game/ShoppingMall/Meshes/Exterior/SM_Sidewalk_05
[2022.02.10-00.48.10:256][ 90]AssetTools: /Game/ShoppingMall/Meshes/Exterior/SM_Sidewalk_04
[2022.02.10-00.48.10:256][ 90]AssetTools: /Game/ShoppingMall/Meshes/Exterior/SM_Sidewalk_03
[2022.02.10-00.48.10:256][ 90]AssetTools: /Game/ShoppingMall/Meshes/Exterior/SM_Sidewalk_02
[2022.02.10-00.48.10:256][ 90]AssetTools: /Game/ShoppingMall/Meshes/Exterior/SM_Sidewalk_01
[2022.02.10-00.48.10:256][ 90]AssetTools: /Game/ShoppingMall/Materials/Instance/Inst_Sidewalk_04
[2022.02.10-00.48.10:256][ 90]AssetTools: /Game/ShoppingMall/Textures/Tex_Sidewalk_03_R
[2022.02.10-00.48.10:256][ 90]AssetTools: /Game/ShoppingMall/Textures/Tex_Sidewalk_03_N
[2022.02.10-00.48.10:256][ 90]AssetTools: /Game/ShoppingMall/Textures/Tex_Sidewalk_03_D
[2022.02.10-00.48.10:256][ 90]AssetTools: /Game/ShoppingMall/Meshes/Exterior/SM_Road_Sign_06
[2022.02.10-00.48.10:256][ 90]AssetTools: /Game/ShoppingMall/Meshes/Exterior/SM_Road_Sign_05
[2022.02.10-00.48.10:256][ 90]AssetTools: /Game/ShoppingMall/Meshes/Exterior/SM_Road_Sign_02
[2022.02.10-00.48.10:256][ 90]AssetTools: /Game/ShoppingMall/Meshes/Exterior/SM_Road_Sign_01
[2022.02.10-00.48.10:256][ 90]AssetTools: /Game/ShoppingMall/Meshes/Exterior/SM_Road_02
[2022.02.10-00.48.10:256][ 90]AssetTools: /Game/ShoppingMall/Materials/Instance/Inst_Asphalt_01
[2022.02.10-00.48.10:256][ 90]AssetTools: /Game/ShoppingMall/Textures/Tex_Roughness_Asphalt_R
[2022.02.10-00.48.10:256][ 90]AssetTools: /Game/ShoppingMall/Textures/Tex_Roughnes_Asphalt_R
[2022.02.10-00.48.10:256][ 90]AssetTools: /Game/ShoppingMall/Textures/Tex_Asphalt_02_N
[2022.02.10-00.48.10:256][ 90]AssetTools: /Game/ShoppingMall/Textures/Tex_Asphalt_02_D
[2022.02.10-00.48.10:257][ 90]AssetTools: /Game/ShoppingMall/Textures/Tex_Asphalt_01_R
[2022.02.10-00.48.10:257][ 90]AssetTools: /Game/ShoppingMall/Textures/Tex_Asphalt_01_N
[2022.02.10-00.48.10:257][ 90]AssetTools: /Game/ShoppingMall/Textures/Tex_Asphalt_01_D
[2022.02.10-00.48.10:257][ 90]AssetTools: /Game/ShoppingMall/Materials/Mat_Asphalt
[2022.02.10-00.48.10:257][ 90]AssetTools: /Game/ShoppingMall/Meshes/Exterior/SM_Road_01
[2022.02.10-00.48.10:257][ 90]AssetTools: /Game/ShoppingMall/Meshes/Exterior/SM_Pedestrian_Pillar
[2022.02.10-00.48.10:257][ 90]AssetTools: /Game/ShoppingMall/Materials/Instance/Inst_Bulb_03
[2022.02.10-00.48.10:257][ 90]AssetTools: /Game/ShoppingMall/Meshes/Exterior/SM_Lamppost_03
[2022.02.10-00.48.10:257][ 90]AssetTools: /Game/ShoppingMall/Materials/Instance/Inst_Bulb_Off
[2022.02.10-00.48.10:257][ 90]AssetTools: /Game/ShoppingMall/Meshes/Exterior/SM_Lamppost_02
[2022.02.10-00.48.10:257][ 90]AssetTools: /Game/ShoppingMall/Meshes/Exterior/SM_Lamppost_01
[2022.02.10-00.48.10:257][ 90]AssetTools: /Game/ShoppingMall/Meshes/Exterior/SM_Inscription_Mall_02
[2022.02.10-00.48.10:257][ 90]AssetTools: /Game/ShoppingMall/Meshes/Exterior/SM_Inscription_Mall_01
[2022.02.10-00.48.10:257][ 90]AssetTools: /Game/ShoppingMall/Meshes/Exterior/SM_Entrance_Group_02
[2022.02.10-00.48.10:257][ 90]AssetTools: /Game/ShoppingMall/Meshes/Exterior/SM_Entrance_Group_01
[2022.02.10-00.48.10:257][ 90]AssetTools: /Game/ShoppingMall/Meshes/Exterior/SM_Download_Portal_02
[2022.02.10-00.48.10:257][ 90]AssetTools: /Game/ShoppingMall/Meshes/Exterior/SM_Download_Portal_01
[2022.02.10-00.48.10:257][ 90]AssetTools: /Game/ShoppingMall/Meshes/Exterior/SM_Bike_Parking
[2022.02.10-00.48.10:257][ 90]AssetTools: /Game/ShoppingMall/Meshes/Elevator/SM_Elevator_Railings
[2022.02.10-00.48.10:257][ 90]AssetTools: /Game/ShoppingMall/Meshes/Elevator/SM_Elevator_Floor
[2022.02.10-00.48.10:257][ 90]AssetTools: /Game/ShoppingMall/Meshes/Elevator/SM_Elevator_Arch_02
[2022.02.10-00.48.10:257][ 90]AssetTools: /Game/ShoppingMall/Meshes/Door/SM_Glass_Door_02
[2022.02.10-00.48.10:257][ 90]AssetTools: /Game/ShoppingMall/Meshes/Building/SM_Walls_Stairs_06
[2022.02.10-00.48.10:257][ 90]AssetTools: /Game/ShoppingMall/Materials/Instance/Inst_Tiles_Wall_01
[2022.02.10-00.48.10:257][ 90]AssetTools: /Game/ShoppingMall/Textures/Tex_Tile_Wall_01_R
[2022.02.10-00.48.10:257][ 90]AssetTools: /Game/ShoppingMall/Textures/Tex_Tile_Wall_01_N
[2022.02.10-00.48.10:257][ 90]AssetTools: /Game/ShoppingMall/Textures/Tex_Tile_Wall_01_D
[2022.02.10-00.48.10:257][ 90]AssetTools: /Game/ShoppingMall/Materials/Instance/Inst_Tile_Facade_04
[2022.02.10-00.48.10:257][ 90]AssetTools: /Game/ShoppingMall/Meshes/Building/SM_Walls_Stairs_05
[2022.02.10-00.48.10:257][ 90]AssetTools: /Game/ShoppingMall/Materials/Instance/Inst_Plaster_04
[2022.02.10-00.48.10:257][ 90]AssetTools: /Game/ShoppingMall/Meshes/Building/SM_Walls_Stairs_04
[2022.02.10-00.48.10:257][ 90]AssetTools: /Game/ShoppingMall/Meshes/Building/SM_Walls_Stairs_03
[2022.02.10-00.48.10:257][ 90]AssetTools: /Game/ShoppingMall/Meshes/Building/SM_Walls_Stairs_02
[2022.02.10-00.48.10:257][ 90]AssetTools: /Game/ShoppingMall/Meshes/Building/SM_Walls_Stairs_01
[2022.02.10-00.48.10:257][ 90]AssetTools: /Game/ShoppingMall/Meshes/Building/SM_Wall_Window_10
[2022.02.10-00.48.10:257][ 90]AssetTools: /Game/ShoppingMall/Meshes/Building/SM_Wall_Window_09
[2022.02.10-00.48.10:257][ 90]AssetTools: /Game/ShoppingMall/Meshes/Building/SM_Wall_Window_08
[2022.02.10-00.48.10:257][ 90]AssetTools: /Game/ShoppingMall/Meshes/Building/SM_Wall_Window_07
[2022.02.10-00.48.10:257][ 90]AssetTools: /Game/ShoppingMall/Meshes/Building/SM_Wall_Window_06
[2022.02.10-00.48.10:257][ 90]AssetTools: /Game/ShoppingMall/Meshes/Building/SM_Wall_Window_05
[2022.02.10-00.48.10:257][ 90]AssetTools: /Game/ShoppingMall/Meshes/Building/SM_Wall_Window_04
[2022.02.10-00.48.10:257][ 90]AssetTools: /Game/ShoppingMall/Meshes/Building/SM_Wall_Window_03
[2022.02.10-00.48.10:257][ 90]AssetTools: /Game/ShoppingMall/Meshes/Building/SM_Wall_Window_02
[2022.02.10-00.48.10:257][ 90]AssetTools: /Game/ShoppingMall/Meshes/Building/SM_Wall_Window_01
[2022.02.10-00.48.10:257][ 90]AssetTools: /Game/ShoppingMall/Meshes/Building/SM_Wall_Stairs_04
[2022.02.10-00.48.10:257][ 90]AssetTools: /Game/ShoppingMall/Meshes/Building/SM_Wall_Stairs_03
[2022.02.10-00.48.10:257][ 90]AssetTools: /Game/ShoppingMall/Meshes/Building/SM_Wall_Stairs_02
[2022.02.10-00.48.10:258][ 90]AssetTools: /Game/ShoppingMall/Meshes/Building/SM_Wall_Stairs_01
[2022.02.10-00.48.10:258][ 90]AssetTools: /Game/ShoppingMall/Meshes/Building/SM_Wall_Panel_03
[2022.02.10-00.48.10:258][ 90]AssetTools: /Game/ShoppingMall/Meshes/Building/SM_Wall_Panel_02
[2022.02.10-00.48.10:258][ 90]AssetTools: /Game/ShoppingMall/Meshes/Building/SM_Wall_Panel_01
[2022.02.10-00.48.10:258][ 90]AssetTools: /Game/ShoppingMall/Meshes/Building/SM_Wall_Door_05
[2022.02.10-00.48.10:258][ 90]AssetTools: /Game/ShoppingMall/Meshes/Building/SM_Wall_Door_04
[2022.02.10-00.48.10:258][ 90]AssetTools: /Game/ShoppingMall/Meshes/Building/SM_Wall_Door_03
[2022.02.10-00.48.10:258][ 90]AssetTools: /Game/ShoppingMall/Meshes/Building/SM_Wall_Door_02
[2022.02.10-00.48.10:258][ 90]AssetTools: /Game/ShoppingMall/Meshes/Building/SM_Wall_Door_01
[2022.02.10-00.48.10:258][ 90]AssetTools: /Game/ShoppingMall/Meshes/Building/SM_Wall_Angle_10
[2022.02.10-00.48.10:258][ 90]AssetTools: /Game/ShoppingMall/Meshes/Building/SM_Wall_Angle_09
[2022.02.10-00.48.10:258][ 90]AssetTools: /Game/ShoppingMall/Meshes/Building/SM_Wall_Angle_08
[2022.02.10-00.48.10:258][ 90]AssetTools: /Game/ShoppingMall/Meshes/Building/SM_Wall_Angle_07
[2022.02.10-00.48.10:258][ 90]AssetTools: /Game/ShoppingMall/Meshes/Building/SM_Wall_Angle_06
[2022.02.10-00.48.10:258][ 90]AssetTools: /Game/ShoppingMall/Meshes/Building/SM_Wall_Angle_05
[2022.02.10-00.48.10:258][ 90]AssetTools: /Game/ShoppingMall/Meshes/Building/SM_Wall_Angle_04
[2022.02.10-00.48.10:258][ 90]AssetTools: /Game/ShoppingMall/Meshes/Building/SM_Wall_Angle_03
[2022.02.10-00.48.10:258][ 90]AssetTools: /Game/ShoppingMall/Meshes/Building/SM_Wall_Angle_02
[2022.02.10-00.48.10:258][ 90]AssetTools: /Game/ShoppingMall/Meshes/Building/SM_Wall_Angle_01
[2022.02.10-00.48.10:258][ 90]AssetTools: /Game/ShoppingMall/Meshes/Building/SM_Stairs_Railings_05
[2022.02.10-00.48.10:258][ 90]AssetTools: /Game/ShoppingMall/Meshes/Building/SM_Stairs_Railings_04
[2022.02.10-00.48.10:258][ 90]AssetTools: /Game/ShoppingMall/Meshes/Building/SM_Stairs_Railings_03
[2022.02.10-00.48.10:258][ 90]AssetTools: /Game/ShoppingMall/Meshes/Building/SM_Stairs_Railings_02
[2022.02.10-00.48.10:258][ 90]AssetTools: /Game/ShoppingMall/Meshes/Building/SM_Stairs_Railings_01
[2022.02.10-00.48.10:258][ 90]AssetTools: /Game/ShoppingMall/Meshes/Building/SM_Stairs_02
[2022.02.10-00.48.10:258][ 90]AssetTools: /Game/ShoppingMall/Materials/Instance/Inst_Stairs
[2022.02.10-00.48.10:258][ 90]AssetTools: /Game/ShoppingMall/Textures/Tex_Stairs_01_N
[2022.02.10-00.48.10:258][ 90]AssetTools: /Game/ShoppingMall/Textures/Tex_Stairs_01_ID
[2022.02.10-00.48.10:258][ 90]AssetTools: /Game/ShoppingMall/Textures/Tex_Stairs_01_D
[2022.02.10-00.48.10:258][ 90]AssetTools: /Game/ShoppingMall/Textures/Tex_Stairs_01_ARM
[2022.02.10-00.48.10:258][ 90]AssetTools: /Game/ShoppingMall/Meshes/Building/SM_Stairs_01
[2022.02.10-00.48.10:258][ 90]AssetTools: /Game/ShoppingMall/Meshes/Building/SM_Showcase_18
[2022.02.10-00.48.10:258][ 90]AssetTools: /Game/ShoppingMall/Materials/Instance/Inst_Poster_Life_Style
[2022.02.10-00.48.10:258][ 90]AssetTools: /Game/ShoppingMall/Textures/Tex_Poster_Life_Style_D
[2022.02.10-00.48.10:258][ 90]AssetTools: /Game/ShoppingMall/Meshes/Building/SM_Showcase_17
[2022.02.10-00.48.10:258][ 90]AssetTools: /Game/ShoppingMall/Meshes/Building/SM_Showcase_16
[2022.02.10-00.48.10:258][ 90]AssetTools: /Game/ShoppingMall/Materials/Instance/Inst_Poster_06
[2022.02.10-00.48.10:258][ 90]AssetTools: /Game/ShoppingMall/Textures/Tex_Poster_Sele_02_D
[2022.02.10-00.48.10:258][ 90]AssetTools: /Game/ShoppingMall/Meshes/Building/SM_Showcase_15
[2022.02.10-00.48.10:258][ 90]AssetTools: /Game/ShoppingMall/Materials/Instance/Inst_Poster_10
[2022.02.10-00.48.10:258][ 90]AssetTools: /Game/ShoppingMall/Textures/Tex_Poster_08_D
[2022.02.10-00.48.10:258][ 90]AssetTools: /Game/ShoppingMall/Materials/Instance/Inst_Color_04
[2022.02.10-00.48.10:258][ 90]AssetTools: /Game/ShoppingMall/Meshes/Building/SM_Showcase_14
[2022.02.10-00.48.10:258][ 90]AssetTools: /Game/ShoppingMall/Materials/Instance/Inst_Poster_Toys
[2022.02.10-00.48.10:258][ 90]AssetTools: /Game/ShoppingMall/Textures/Tex_Poster_Toys_01_D
[2022.02.10-00.48.10:258][ 90]AssetTools: /Game/ShoppingMall/Meshes/Building/SM_Showcase_13
[2022.02.10-00.48.10:258][ 90]AssetTools: /Game/ShoppingMall/Materials/Instance/Inst_Poster_Sportswear
[2022.02.10-00.48.10:258][ 90]AssetTools: /Game/ShoppingMall/Textures/Tex_Poster_Sportswear_D
[2022.02.10-00.48.10:258][ 90]AssetTools: /Game/ShoppingMall/Meshes/Building/SM_Showcase_12
[2022.02.10-00.48.10:258][ 90]AssetTools: /Game/ShoppingMall/Materials/Instance/Inst_Poster_Fitness
[2022.02.10-00.48.10:259][ 90]AssetTools: /Game/ShoppingMall/Textures/Tex_Poster_Fitness_01_D
[2022.02.10-00.48.10:259][ 90]AssetTools: /Game/ShoppingMall/Materials/Instance/Inst_Wood_02
[2022.02.10-00.48.10:259][ 90]AssetTools: /Game/ShoppingMall/Textures/Tex_Wood_Plank_01_R
[2022.02.10-00.48.10:259][ 90]AssetTools: /Game/ShoppingMall/Textures/Tex_Wood_Plank_01_N
[2022.02.10-00.48.10:259][ 90]AssetTools: /Game/ShoppingMall/Textures/Tex_Wood_Plank_01_D
[2022.02.10-00.48.10:259][ 90]AssetTools: /Game/ShoppingMall/Materials/Instance/Inst_WomensBags_D
[2022.02.10-00.48.10:259][ 90]AssetTools: /Game/ShoppingMall/Textures/Tex_WomensBags_D
[2022.02.10-00.48.10:259][ 90]AssetTools: /Game/ShoppingMall/Materials/Instance/Inst_Washer_02
[2022.02.10-00.48.10:259][ 90]AssetTools: /Game/ShoppingMall/Materials/Instance/Inst_Wallpaper_02
[2022.02.10-00.48.10:259][ 90]AssetTools: /Game/ShoppingMall/Textures/Tex_Wallpaper_02_D
[2022.02.10-00.48.10:259][ 90]AssetTools: /Game/ShoppingMall/Materials/Instance/Inst_Wallpaper_01
[2022.02.10-00.48.10:259][ 90]AssetTools: /Game/ShoppingMall/Textures/Tex_Wallpaper_01_R
[2022.02.10-00.48.10:259][ 90]AssetTools: /Game/ShoppingMall/Textures/Tex_Wallpaper_01_N
[2022.02.10-00.48.10:259][ 90]AssetTools: /Game/ShoppingMall/Textures/Tex_Wallpaper_01_D
[2022.02.10-00.48.10:259][ 90]AssetTools: /Game/ShoppingMall/Materials/Instance/Inst_Tiles_Wall_02
[2022.02.10-00.48.10:259][ 90]AssetTools: /Game/ShoppingMall/Textures/Tex_Tiles_Wall_02_R
[2022.02.10-00.48.10:259][ 90]AssetTools: /Game/ShoppingMall/Textures/Tex_Tiles_Wall_02_N
[2022.02.10-00.48.10:259][ 90]AssetTools: /Game/ShoppingMall/Textures/Tex_Tiles_Wall_02_D
[2022.02.10-00.48.10:259][ 90]AssetTools: /Game/ShoppingMall/Materials/Instance/Inst_Tiles_06
[2022.02.10-00.48.10:259][ 90]AssetTools: /Game/ShoppingMall/Materials/Instance/Inst_Tiles_03
[2022.02.10-00.48.10:259][ 90]AssetTools: /Game/ShoppingMall/Textures/Tex_Tile_04_R
[2022.02.10-00.48.10:259][ 90]AssetTools: /Game/ShoppingMall/Textures/Tex_Tile_04_N
[2022.02.10-00.48.10:259][ 90]AssetTools: /Game/ShoppingMall/Textures/Tex_Tile_04_D
[2022.02.10-00.48.10:259][ 90]AssetTools: /Game/ShoppingMall/Materials/Instance/Inst_Tiles_02
[2022.02.10-00.48.10:259][ 90]AssetTools: /Game/ShoppingMall/Textures/Tex_Tiles_02_R
[2022.02.10-00.48.10:259][ 90]AssetTools: /Game/ShoppingMall/Textures/Tex_Tiles_02_N
[2022.02.10-00.48.10:259][ 90]AssetTools: /Game/ShoppingMall/Textures/Tex_Tiles_02_D
[2022.02.10-00.48.10:259][ 90]AssetTools: /Game/ShoppingMall/Materials/Instance/Inst_Tile_Facade_05
[2022.02.10-00.48.10:259][ 90]AssetTools: /Game/ShoppingMall/Materials/Instance/Inst_Tex_Childrens_Store_D
[2022.02.10-00.48.10:259][ 90]AssetTools: /Game/ShoppingMall/Textures/Tex_Childrens_Store_D
[2022.02.10-00.48.10:259][ 90]AssetTools: /Game/ShoppingMall/Materials/Instance/Inst_SportsNutrition
[2022.02.10-00.48.10:259][ 90]AssetTools: /Game/ShoppingMall/Textures/Tex_SportsNutrition_D
[2022.02.10-00.48.10:259][ 90]AssetTools: /Game/ShoppingMall/Materials/Instance/Inst_Shopping_Counter_02
[2022.02.10-00.48.10:259][ 90]AssetTools: /Game/ShoppingMall/Materials/Instance/Inst_Second_Hand
[2022.02.10-00.48.10:259][ 90]AssetTools: /Game/ShoppingMall/Textures/Tex_Second_Hand_D
[2022.02.10-00.48.10:259][ 90]AssetTools: /Game/ShoppingMall/Materials/Instance/Inst_Roller_Blind_02
[2022.02.10-00.48.10:259][ 90]AssetTools: /Game/ShoppingMall/Materials/Instance/Inst_Road_Markings05
[2022.02.10-00.48.10:259][ 90]AssetTools: /Game/ShoppingMall/Textures/Tex_Road_Markings03_O
[2022.02.10-00.48.10:259][ 90]AssetTools: /Game/ShoppingMall/Textures/Tex_Road_Markings02_N
[2022.02.10-00.48.10:259][ 90]AssetTools: /Game/ShoppingMall/Materials/Mat_Base_Decal_02
[2022.02.10-00.48.10:259][ 90]AssetTools: /Game/ShoppingMall/Textures/Tex_Dress_Code_D
[2022.02.10-00.48.10:259][ 90]AssetTools: /Game/ShoppingMall/Materials/Instance/Inst_Road_Markings04
[2022.02.10-00.48.10:259][ 90]AssetTools: /Game/ShoppingMall/Textures/Tex_Road_Markings04_O
[2022.02.10-00.48.10:259][ 90]AssetTools: /Game/ShoppingMall/Textures/Tex_Road_Markings04_N
[2022.02.10-00.48.10:259][ 90]AssetTools: /Game/ShoppingMall/Materials/Instance/Inst_Road_Markings03
[2022.02.10-00.48.10:260][ 90]AssetTools: /Game/ShoppingMall/Materials/Instance/Inst_Road_Markings02
[2022.02.10-00.48.10:260][ 90]AssetTools: /Game/ShoppingMall/Textures/Tex_Road_Markings02_O
[2022.02.10-00.48.10:260][ 90]AssetTools: /Game/ShoppingMall/Materials/Instance/Inst_Road_Markings01
[2022.02.10-00.48.10:260][ 90]AssetTools: /Game/ShoppingMall/Textures/Tex_Road_Markings01_O
[2022.02.10-00.48.10:260][ 90]AssetTools: /Game/ShoppingMall/Textures/Tex_Road_Markings01_N
[2022.02.10-00.48.10:260][ 90]AssetTools: /Game/ShoppingMall/Materials/Instance/Inst_Rack_02
[2022.02.10-00.48.10:260][ 90]AssetTools: /Game/ShoppingMall/Materials/Instance/Inst_Poster_Shoes
[2022.02.10-00.48.10:260][ 90]AssetTools: /Game/ShoppingMall/Textures/Tex_Poster_Shoes_D
[2022.02.10-00.48.10:260][ 90]AssetTools: /Game/ShoppingMall/Materials/Instance/Inst_Poster_Hats
[2022.02.10-00.48.10:260][ 90]AssetTools: /Game/ShoppingMall/Textures/Tex_Hats_D
[2022.02.10-00.48.10:260][ 90]AssetTools: /Game/ShoppingMall/Materials/Instance/Inst_Poster_13
[2022.02.10-00.48.10:260][ 90]AssetTools: /Game/ShoppingMall/Textures/Tex_Pastry_Shop_02_D
[2022.02.10-00.48.10:260][ 90]AssetTools: /Game/ShoppingMall/Materials/Instance/Inst_Poster_12
[2022.02.10-00.48.10:260][ 90]AssetTools: /Game/ShoppingMall/Textures/Tex_Pastry_Shop_01_D
[2022.02.10-00.48.10:260][ 90]AssetTools: /Game/ShoppingMall/Materials/Instance/Inst_Poster_11
[2022.02.10-00.48.10:260][ 90]AssetTools: /Game/ShoppingMall/Textures/Tex_Poster_06_D
[2022.02.10-00.48.10:260][ 90]AssetTools: /Game/ShoppingMall/Materials/Instance/Inst_Poster_09
[2022.02.10-00.48.10:260][ 90]AssetTools: /Game/ShoppingMall/Textures/Tex_Poster_Rent_D
[2022.02.10-00.48.10:260][ 90]AssetTools: /Game/ShoppingMall/Materials/Instance/Inst_Poster_08
[2022.02.10-00.48.10:260][ 90]AssetTools: /Game/ShoppingMall/Textures/Tex_Poster_Sele_01_D
[2022.02.10-00.48.10:260][ 90]AssetTools: /Game/ShoppingMall/Materials/Instance/Inst_Poster_07
[2022.02.10-00.48.10:260][ 90]AssetTools: /Game/ShoppingMall/Textures/Tex_Poster_04_D
[2022.02.10-00.48.10:260][ 90]AssetTools: /Game/ShoppingMall/Materials/Instance/Inst_Poster_05
[2022.02.10-00.48.10:260][ 90]AssetTools: /Game/ShoppingMall/Textures/Tex_Poster_05_D
[2022.02.10-00.48.10:260][ 90]AssetTools: /Game/ShoppingMall/Materials/Instance/Inst_Poster_04
[2022.02.10-00.48.10:260][ 90]AssetTools: /Game/ShoppingMall/Materials/Instance/Inst_Poster_03
[2022.02.10-00.48.10:260][ 90]AssetTools: /Game/ShoppingMall/Textures/Tex_Poster_03_D
[2022.02.10-00.48.10:260][ 90]AssetTools: /Game/ShoppingMall/Materials/Instance/Inst_Poster_02
[2022.02.10-00.48.10:260][ 90]AssetTools: /Game/ShoppingMall/Textures/Tex_Poster_02_D
[2022.02.10-00.48.10:260][ 90]AssetTools: /Game/ShoppingMall/Materials/Instance/Inst_Plastic_11
[2022.02.10-00.48.10:260][ 90]AssetTools: /Game/ShoppingMall/Materials/Instance/Inst_Plastic_10
[2022.02.10-00.48.10:260][ 90]AssetTools: /Game/ShoppingMall/Materials/Instance/Inst_Plastic_08
[2022.02.10-00.48.10:260][ 90]AssetTools: /Game/ShoppingMall/Materials/Instance/Inst_Plastic_07
[2022.02.10-00.48.10:260][ 90]AssetTools: /Game/ShoppingMall/Materials/Instance/Inst_Plaster_06
[2022.02.10-00.48.10:260][ 90]AssetTools: /Game/ShoppingMall/Materials/Instance/Inst_Plaster_05
[2022.02.10-00.48.10:260][ 90]AssetTools: /Game/ShoppingMall/Materials/Instance/Inst_Picture_15
[2022.02.10-00.48.10:260][ 90]AssetTools: /Game/ShoppingMall/Textures/Tex_Picture_15_D
[2022.02.10-00.48.10:260][ 90]AssetTools: /Game/ShoppingMall/Materials/Instance/Inst_Picture_14
[2022.02.10-00.48.10:260][ 90]AssetTools: /Game/ShoppingMall/Textures/Tex_Picture_14_D
[2022.02.10-00.48.10:260][ 90]AssetTools: /Game/ShoppingMall/Materials/Instance/Inst_Picture_13
[2022.02.10-00.48.10:260][ 90]AssetTools: /Game/ShoppingMall/Textures/Tex_Picture_13_D
[2022.02.10-00.48.10:260][ 90]AssetTools: /Game/ShoppingMall/Materials/Instance/Inst_Picture_12
[2022.02.10-00.48.10:260][ 90]AssetTools: /Game/ShoppingMall/Textures/Tex_Picture_12_D
[2022.02.10-00.48.10:260][ 90]AssetTools: /Game/ShoppingMall/Materials/Instance/Inst_Picture_11
[2022.02.10-00.48.10:260][ 90]AssetTools: /Game/ShoppingMall/Textures/Tex_Picture_11_D
[2022.02.10-00.48.10:260][ 90]AssetTools: /Game/ShoppingMall/Materials/Instance/Inst_Picture_10
[2022.02.10-00.48.10:260][ 90]AssetTools: /Game/ShoppingMall/Textures/Tex_Picture_10_D
[2022.02.10-00.48.10:260][ 90]AssetTools: /Game/ShoppingMall/Materials/Instance/Inst_Picture_09
[2022.02.10-00.48.10:260][ 90]AssetTools: /Game/ShoppingMall/Textures/Tex_Picture_09_D
[2022.02.10-00.48.10:260][ 90]AssetTools: /Game/ShoppingMall/Materials/Instance/Inst_Picture_08
[2022.02.10-00.48.10:261][ 90]AssetTools: /Game/ShoppingMall/Textures/Tex_Picture_08_D
[2022.02.10-00.48.10:261][ 90]AssetTools: /Game/ShoppingMall/Materials/Instance/Inst_Picture_07
[2022.02.10-00.48.10:261][ 90]AssetTools: /Game/ShoppingMall/Textures/Tex_Picture_07_D
[2022.02.10-00.48.10:261][ 90]AssetTools: /Game/ShoppingMall/Materials/Instance/Inst_Picture_06
[2022.02.10-00.48.10:261][ 90]AssetTools: /Game/ShoppingMall/Textures/Tex_Picture_06_D
[2022.02.10-00.48.10:261][ 90]AssetTools: /Game/ShoppingMall/Materials/Instance/Inst_Picture_05
[2022.02.10-00.48.10:261][ 90]AssetTools: /Game/ShoppingMall/Textures/Tex_Picture_05_D
[2022.02.10-00.48.10:261][ 90]AssetTools: /Game/ShoppingMall/Materials/Instance/Inst_Picture_04
[2022.02.10-00.48.10:261][ 90]AssetTools: /Game/ShoppingMall/Textures/Tex_Picture_04_D
[2022.02.10-00.48.10:261][ 90]AssetTools: /Game/ShoppingMall/Materials/Instance/Inst_Picture_03
[2022.02.10-00.48.10:261][ 90]AssetTools: /Game/ShoppingMall/Textures/Tex_Picture_03_D
[2022.02.10-00.48.10:261][ 90]AssetTools: /Game/ShoppingMall/Materials/Instance/Inst_Picture_02
[2022.02.10-00.48.10:261][ 90]AssetTools: /Game/ShoppingMall/Textures/Tex_Picture_02_D
[2022.02.10-00.48.10:261][ 90]AssetTools: /Game/ShoppingMall/Materials/Instance/Inst_Pharmacy
[2022.02.10-00.48.10:261][ 90]AssetTools: /Game/ShoppingMall/Textures/Tex_Pharmacy_D
[2022.02.10-00.48.10:261][ 90]AssetTools: /Game/ShoppingMall/Materials/Instance/Inst_PetShop
[2022.02.10-00.48.10:261][ 90]AssetTools: /Game/ShoppingMall/Textures/Tex_PetShop_D
[2022.02.10-00.48.10:261][ 90]AssetTools: /Game/ShoppingMall/Materials/Instance/Inst_Pedestal_03
[2022.02.10-00.48.10:261][ 90]AssetTools: /Game/ShoppingMall/Materials/Instance/Inst_Pastry_Shop
[2022.02.10-00.48.10:261][ 90]AssetTools: /Game/ShoppingMall/Textures/Tex_Pastry_Shop_03_D
[2022.02.10-00.48.10:261][ 90]AssetTools: /Game/ShoppingMall/Materials/Instance/Inst_Parapet_11
[2022.02.10-00.48.10:261][ 90]AssetTools: /Game/ShoppingMall/Materials/Instance/Inst_Parapet_10
[2022.02.10-00.48.10:261][ 90]AssetTools: /Game/ShoppingMall/Materials/Instance/Inst_Parapet_09
[2022.02.10-00.48.10:261][ 90]AssetTools: /Game/ShoppingMall/Materials/Instance/Inst_Parapet_08
[2022.02.10-00.48.10:261][ 90]AssetTools: /Game/ShoppingMall/Materials/Instance/Inst_Parapet_07
[2022.02.10-00.48.10:261][ 90]AssetTools: /Game/ShoppingMall/Materials/Instance/Inst_Parapet_06
[2022.02.10-00.48.10:261][ 90]AssetTools: /Game/ShoppingMall/Materials/Instance/Inst_Parapet_05
[2022.02.10-00.48.10:261][ 90]AssetTools: /Game/ShoppingMall/Materials/Instance/Inst_Parapet_04
[2022.02.10-00.48.10:261][ 90]AssetTools: /Game/ShoppingMall/Materials/Instance/Inst_Parapet_03
[2022.02.10-00.48.10:261][ 90]AssetTools: /Game/ShoppingMall/Materials/Instance/Inst_Parapet_02
[2022.02.10-00.48.10:261][ 90]AssetTools: /Game/ShoppingMall/Materials/Instance/Inst_Music_Shop_02
[2022.02.10-00.48.10:261][ 90]AssetTools: /Game/ShoppingMall/Textures/Tex_Music_Shop_02_D
[2022.02.10-00.48.10:261][ 90]AssetTools: /Game/ShoppingMall/Materials/Instance/Inst_Music_Shop_01
[2022.02.10-00.48.10:261][ 90]AssetTools: /Game/ShoppingMall/Textures/Tex_Music_Shop_01_D
[2022.02.10-00.48.10:261][ 90]AssetTools: /Game/ShoppingMall/Materials/Instance/Inst_Metal_Grid_02
[2022.02.10-00.48.10:261][ 90]AssetTools: /Game/ShoppingMall/Materials/Instance/Inst_Menu_Board_03
[2022.02.10-00.48.10:261][ 90]AssetTools: /Game/ShoppingMall/Textures/Tex_Menu_03_D
[2022.02.10-00.48.10:261][ 90]AssetTools: /Game/ShoppingMall/Materials/Instance/Inst_Menu_Board_02
[2022.02.10-00.48.10:261][ 90]AssetTools: /Game/ShoppingMall/Textures/Tex_Menu_02_D
[2022.02.10-00.48.10:261][ 90]AssetTools: /Game/ShoppingMall/Materials/Instance/Inst_MensFashion
[2022.02.10-00.48.10:261][ 90]AssetTools: /Game/ShoppingMall/Textures/Tex_MensFashion_D
[2022.02.10-00.48.10:261][ 90]AssetTools: /Game/ShoppingMall/Materials/Instance/Inst_Marble_01
[2022.02.10-00.48.10:261][ 90]AssetTools: /Game/ShoppingMall/Textures/Tex_Marble_01_R
[2022.02.10-00.48.10:261][ 90]AssetTools: /Game/ShoppingMall/Textures/Tex_Marble_01_N
[2022.02.10-00.48.10:261][ 90]AssetTools: /Game/ShoppingMall/Textures/Tex_Marble_01_D
[2022.02.10-00.48.10:261][ 90]AssetTools: /Game/ShoppingMall/Materials/Instance/Inst_Jewelry_Store_01
[2022.02.10-00.48.10:261][ 90]AssetTools: /Game/ShoppingMall/Textures/Tex_Jewelry_Store01_D
[2022.02.10-00.48.10:261][ 90]AssetTools: /Game/ShoppingMall/Materials/Instance/Inst_Ground_02
[2022.02.10-00.48.10:261][ 90]AssetTools: /Game/ShoppingMall/Textures/Tex_Ground_03_N
[2022.02.10-00.48.10:261][ 90]AssetTools: /Game/ShoppingMall/Textures/Tex_Ground_03_D
[2022.02.10-00.48.10:261][ 90]AssetTools: /Game/ShoppingMall/Materials/Instance/Inst_Glasses_Store
[2022.02.10-00.48.10:261][ 90]AssetTools: /Game/ShoppingMall/Textures/Tex_Glasses_Store_D
[2022.02.10-00.48.10:262][ 90]AssetTools: /Game/ShoppingMall/Materials/Instance/Inst_Fridge_02
[2022.02.10-00.48.10:262][ 90]AssetTools: /Game/ShoppingMall/Textures/Tex_Fridge_02_D
[2022.02.10-00.48.10:262][ 90]AssetTools: /Game/ShoppingMall/Textures/Tex_Fridge_02_ARM
[2022.02.10-00.48.10:262][ 90]AssetTools: /Game/ShoppingMall/Materials/Instance/Inst_Flower_Shop
[2022.02.10-00.48.10:262][ 90]AssetTools: /Game/ShoppingMall/Textures/Tex_Flower_Shop_D
[2022.02.10-00.48.10:262][ 90]AssetTools: /Game/ShoppingMall/Materials/Instance/Inst_Decal_Poster_Toys
[2022.02.10-00.48.10:262][ 90]AssetTools: /Game/ShoppingMall/Textures/Tex_Decal_Toys_D
[2022.02.10-00.48.10:262][ 90]AssetTools: /Game/ShoppingMall/Materials/Instance/Inst_Decal_Pharmacy
[2022.02.10-00.48.10:262][ 90]AssetTools: /Game/ShoppingMall/Textures/Tex_Decal_Pharmacy_D
[2022.02.10-00.48.10:262][ 90]AssetTools: /Game/ShoppingMall/Materials/Mat_Base_Decal_01
[2022.02.10-00.48.10:262][ 90]AssetTools: /Game/ShoppingMall/Materials/Instance/Inst_Decal_Nutrition
[2022.02.10-00.48.10:262][ 90]AssetTools: /Game/ShoppingMall/Textures/Tex_Nutrition_Decal_D
[2022.02.10-00.48.10:262][ 90]AssetTools: /Game/ShoppingMall/Materials/Instance/Inst_Decal_Flower_Shop
[2022.02.10-00.48.10:262][ 90]AssetTools: /Game/ShoppingMall/Textures/Tex_Decal_Flower_Shop_D
[2022.02.10-00.48.10:262][ 90]AssetTools: /Game/ShoppingMall/Materials/Instance/Inst_Decal_Bookstore
[2022.02.10-00.48.10:262][ 90]AssetTools: /Game/ShoppingMall/Textures/Tex_Decal_Bookstore_D
[2022.02.10-00.48.10:262][ 90]AssetTools: /Game/ShoppingMall/Materials/Instance/Inst_Color_03
[2022.02.10-00.48.10:262][ 90]AssetTools: /Game/ShoppingMall/Materials/Instance/Inst_Clothes_14
[2022.02.10-00.48.10:262][ 90]AssetTools: /Game/ShoppingMall/Materials/Instance/Inst_Clothes_13
[2022.02.10-00.48.10:262][ 90]AssetTools: /Game/ShoppingMall/Materials/Instance/Inst_Clothes_11
[2022.02.10-00.48.10:262][ 90]AssetTools: /Game/ShoppingMall/Materials/Instance/Inst_Bridal_Shop
[2022.02.10-00.48.10:262][ 90]AssetTools: /Game/ShoppingMall/Textures/Tex_Bridal_Shop_D
[2022.02.10-00.48.10:262][ 90]AssetTools: /Game/ShoppingMall/Materials/Instance/Inst_Brick_05
[2022.02.10-00.48.10:262][ 90]AssetTools: /Game/ShoppingMall/Textures/Tex_Brick_04_R
[2022.02.10-00.48.10:262][ 90]AssetTools: /Game/ShoppingMall/Textures/Tex_Brick_04_N
[2022.02.10-00.48.10:262][ 90]AssetTools: /Game/ShoppingMall/Textures/Tex_Brick_04_D
[2022.02.10-00.48.10:262][ 90]AssetTools: /Game/ShoppingMall/Materials/Instance/Inst_Brick_04
[2022.02.10-00.48.10:262][ 90]AssetTools: /Game/ShoppingMall/Textures/Tex_Tiles_03_R
[2022.02.10-00.48.10:262][ 90]AssetTools: /Game/ShoppingMall/Textures/Tex_Tiles_03_N
[2022.02.10-00.48.10:262][ 90]AssetTools: /Game/ShoppingMall/Textures/Tex_Tiles_03_D
[2022.02.10-00.48.10:262][ 90]AssetTools: /Game/ShoppingMall/Materials/Instance/Inst_Brick_02
[2022.02.10-00.48.10:262][ 90]AssetTools: /Game/ShoppingMall/Textures/Tex_Brick_01_R
[2022.02.10-00.48.10:262][ 90]AssetTools: /Game/ShoppingMall/Textures/Tex_Brick_01_N
[2022.02.10-00.48.10:262][ 90]AssetTools: /Game/ShoppingMall/Textures/Tex_Brick_01_D
[2022.02.10-00.48.10:262][ 90]AssetTools: /Game/ShoppingMall/Materials/Instance/Inst_Brick_01
[2022.02.10-00.48.10:262][ 90]AssetTools: /Game/ShoppingMall/Textures/Tex_Stains_Brick_D
[2022.02.10-00.48.10:262][ 90]AssetTools: /Game/ShoppingMall/Textures/Tex_Brick_02_N
[2022.02.10-00.48.10:262][ 90]AssetTools: /Game/ShoppingMall/Textures/Tex_Brick_02_D
[2022.02.10-00.48.10:262][ 90]AssetTools: /Game/ShoppingMall/Materials/Instance/Inst_Bookstore
[2022.02.10-00.48.10:262][ 90]AssetTools: /Game/ShoppingMall/Textures/Tex_Bookstore_D
[2022.02.10-00.48.10:262][ 90]AssetTools: /Game/ShoppingMall/Materials/Instance/Inst_Bar_Counter_05
[2022.02.10-00.48.10:262][ 90]AssetTools: /Game/ShoppingMall/Materials/Instance/Inst_Bar_Counter_03
[2022.02.10-00.48.10:262][ 90]AssetTools: /Game/ShoppingMall/Textures/Tex_Bar_Counter_03_ID
[2022.02.10-00.48.10:262][ 90]AssetTools: /Game/ShoppingMall/Textures/Tex_Bar_Counter_03_D
[2022.02.10-00.48.10:262][ 90]AssetTools: /Game/ShoppingMall/Textures/Tex_Bar_Counter_03_ARM
[2022.02.10-00.48.10:263][ 90]AssetTools: /Game/ShoppingMall/Materials/Instance/Inst_ATM_03
[2022.02.10-00.48.10:263][ 90]AssetTools: /Game/ShoppingMall/Materials/Instance/Inst_ATM_02
[2022.02.10-00.48.10:263][ 90]AssetTools: /Game/ShoppingMall/Maps/Demonstration_BuiltData
[2022.02.10-00.48.10:263][ 90]AssetTools: /Game/ShoppingMall/Meshes/Door/BP_Sliding_Gates
[2022.02.10-00.48.10:263][ 90]AssetTools: /Game/ShoppingMall/Meshes/Door/Sound/Sliding_Gates
[2022.02.10-00.48.10:263][ 90]AssetTools: /Game/ShoppingMall/Meshes/Door/Sound/Rising_Gates
[2022.02.10-00.48.10:263][ 90]AssetTools: /Game/ShoppingMall/Meshes/Door/SM_Sliding_Gates_04
[2022.02.10-00.48.10:263][ 90]AssetTools: /Game/ShoppingMall/Meshes/Door/SM_Sliding_Gates_03
[2022.02.10-00.48.10:263][ 90]AssetTools: /Game/ShoppingMall/Meshes/Door/SM_Sliding_Gates_02
[2022.02.10-00.48.10:263][ 90]AssetTools: /Game/ShoppingMall/Meshes/Door/SM_Sliding_Gates_01
[2022.02.10-00.48.10:263][ 90]AssetTools: /Game/ShoppingMall/Meshes/Door/BP_GlassDoor_04
[2022.02.10-00.48.10:263][ 90]AssetTools: /Game/ShoppingMall/Meshes/Door/Sound/Sliding_Door_Cue
[2022.02.10-00.48.10:263][ 90]AssetTools: /Game/ShoppingMall/Meshes/Door/Sound/Sliding_Door
[2022.02.10-00.48.10:263][ 90]AssetTools: /Game/ShoppingMall/Meshes/Door/BP_GlassDoor_03
[2022.02.10-00.48.10:263][ 90]AssetTools: /Game/ShoppingMall/Meshes/Door/BP_GlassDoor_02
[2022.02.10-00.48.10:263][ 90]AssetTools: /Game/ShoppingMall/Meshes/Door/SM_Glass_Door_01
[2022.02.10-00.48.10:263][ 90]AssetTools: /Game/ShoppingMall/Meshes/Door/BP_GlassDoor_01
[2022.02.10-00.48.10:263][ 90]AssetTools: /Game/ShoppingMall/Meshes/Door/BP_Door_Stairs_03
[2022.02.10-00.48.10:263][ 90]AssetTools: /Game/ShoppingMall/Meshes/Door/Sound/Open_Door_Cue
[2022.02.10-00.48.10:263][ 90]AssetTools: /Game/ShoppingMall/Meshes/Door/Sound/Open_Door
[2022.02.10-00.48.10:263][ 90]AssetTools: /Game/ShoppingMall/Meshes/Door/Sound/Door_Closing_Cue
[2022.02.10-00.48.10:263][ 90]AssetTools: /Game/ShoppingMall/Meshes/Door/Sound/Door_Closing
[2022.02.10-00.48.10:263][ 90]AssetTools: /Game/ShoppingMall/Meshes/Door/SM_Doorway_04
[2022.02.10-00.48.10:263][ 90]AssetTools: /Game/ShoppingMall/Materials/Instance/Inst_Door_01
[2022.02.10-00.48.10:263][ 90]AssetTools: /Game/ShoppingMall/Textures/Tex_Door_01_N
[2022.02.10-00.48.10:263][ 90]AssetTools: /Game/ShoppingMall/Textures/Tex_Door_01_ID
[2022.02.10-00.48.10:263][ 90]AssetTools: /Game/ShoppingMall/Textures/Tex_Door_01_D
[2022.02.10-00.48.10:263][ 90]AssetTools: /Game/ShoppingMall/Textures/Tex_Door_01_ARM
[2022.02.10-00.48.10:263][ 90]AssetTools: /Game/ShoppingMall/Meshes/Door/SM_Door_04
[2022.02.10-00.48.10:263][ 90]AssetTools: /Game/ShoppingMall/Meshes/Door/BP_Door_Stairs_02
[2022.02.10-00.48.10:263][ 90]AssetTools: /Game/ShoppingMall/Meshes/Door/BP_Door_Stairs_01
[2022.02.10-00.48.10:263][ 90]AssetTools: /Game/ShoppingMall/Meshes/Door/BP_Door_17
[2022.02.10-00.48.10:263][ 90]AssetTools: /Game/ShoppingMall/Meshes/Door/SM_Door_01
[2022.02.10-00.48.10:263][ 90]AssetTools: /Game/ShoppingMall/Materials/Instance/Inst_Door_02
[2022.02.10-00.48.10:263][ 90]AssetTools: /Game/ShoppingMall/Textures/Tex_Door_02_N
[2022.02.10-00.48.10:263][ 90]AssetTools: /Game/ShoppingMall/Textures/Tex_Door_02_ID
[2022.02.10-00.48.10:263][ 90]AssetTools: /Game/ShoppingMall/Textures/Tex_Door_02_D
[2022.02.10-00.48.10:263][ 90]AssetTools: /Game/ShoppingMall/Textures/Tex_Door_02_ARM
[2022.02.10-00.48.10:263][ 90]AssetTools: /Game/ShoppingMall/Meshes/Door/SM_Doorway_09
[2022.02.10-00.48.10:263][ 90]AssetTools: /Game/ShoppingMall/Meshes/Door/BP_Door_16
[2022.02.10-00.48.10:263][ 90]AssetTools: /Game/ShoppingMall/Meshes/Door/SM_Doorway_07
[2022.02.10-00.48.10:263][ 90]AssetTools: /Game/ShoppingMall/Meshes/Door/SM_Door_07
[2022.02.10-00.48.10:263][ 90]AssetTools: /Game/ShoppingMall/Meshes/Door/BP_Door_14
[2022.02.10-00.48.10:263][ 90]AssetTools: /Game/ShoppingMall/Meshes/Door/Sound/Rising_Gates_Cue_01
[2022.02.10-00.48.10:264][ 90]AssetTools: /Game/ShoppingMall/Meshes/Door/SM_Doorway_06
[2022.02.10-00.48.10:264][ 90]AssetTools: /Game/ShoppingMall/Meshes/Door/SM_Door_05
[2022.02.10-00.48.10:264][ 90]AssetTools: /Game/ShoppingMall/Meshes/Door/BP_Door_13
[2022.02.10-00.48.10:264][ 90]AssetTools: /Game/ShoppingMall/Meshes/Door/SM_Doorway_03
[2022.02.10-00.48.10:264][ 90]AssetTools: /Game/ShoppingMall/Meshes/Door/SM_Door_03
[2022.02.10-00.48.10:264][ 90]AssetTools: /Game/ShoppingMall/Meshes/Door/BP_Door_12
[2022.02.10-00.48.10:264][ 90]AssetTools: /Game/ShoppingMall/Meshes/Door/SM_Door_06
[2022.02.10-00.48.10:264][ 90]AssetTools: /Game/ShoppingMall/Meshes/Door/BP_Door_11
[2022.02.10-00.48.10:264][ 90]AssetTools: /Game/ShoppingMall/Meshes/Door/SM_Doorway_08
[2022.02.10-00.48.10:264][ 90]AssetTools: /Game/ShoppingMall/Meshes/Door/SM_Door_08
[2022.02.10-00.48.10:264][ 90]AssetTools: /Game/ShoppingMall/Meshes/Door/BP_Door_06
[2022.02.10-00.48.10:264][ 90]AssetTools: /Game/ShoppingMall/Meshes/Door/SM_Sliding_Door_01
[2022.02.10-00.48.10:264][ 90]AssetTools: /Game/ShoppingMall/Meshes/Door/SM_Doorway_01
[2022.02.10-00.48.10:264][ 90]AssetTools: /Game/ShoppingMall/Meshes/Interior/SM_Info_Plate_08
[2022.02.10-00.48.10:264][ 90]AssetTools: /Game/ShoppingMall/Meshes/Interior/SM_Info_Plate_07
[2022.02.10-00.48.10:264][ 90]AssetTools: /Game/ShoppingMall/Meshes/Door/BP_Door_04
[2022.02.10-00.48.10:264][ 90]AssetTools: /Game/ShoppingMall/Meshes/Door/BP_Door_01
[2022.02.10-00.48.10:264][ 90]AssetTools: /Game/ShoppingMall/Meshes/Door/BP_Door2_09
[2022.02.10-00.48.10:264][ 90]AssetTools: /Game/ShoppingMall/Meshes/Door/BP_Door2_08
[2022.02.10-00.48.10:264][ 90]AssetTools: /Game/ShoppingMall/Meshes/Door/BP_Door2_07
[2022.02.10-00.48.10:264][ 90]AssetTools: /Game/ShoppingMall/Meshes/Door/SM_Door_02
[2022.02.10-00.48.10:264][ 90]AssetTools: /Game/ShoppingMall/Meshes/Door/BP_Door1_09
[2022.02.10-00.48.10:264][ 90]AssetTools: /Game/ShoppingMall/Meshes/Door/BP_Door1_08
[2022.02.10-00.48.10:264][ 90]AssetTools: /Game/ShoppingMall/Meshes/Door/BP_Door1_07
[2022.02.10-00.48.10:264][ 90]AssetTools: /Game/ShoppingMall/Meshes/Door/SM_Doorway_05
[2022.02.10-00.48.10:264][ 90]AssetTools: /Game/ShoppingMall/Meshes/Door/BP_Barrier
[2022.02.10-00.48.10:264][ 90]AssetTools: /Game/ShoppingMall/Meshes/Door/SM_Barrier_02
[2022.02.10-00.48.10:264][ 90]AssetTools: /Game/ShoppingMall/Meshes/Door/SM_Barrier_01
[2022.02.10-00.48.10:264][ 90]AssetTools: /Game/ShoppingMall/Maps/Overview
[2022.02.10-00.48.10:264][ 90]AssetTools: /Game/ShoppingMall/Meshes/Interior/Cafe/SM_Bar_Plank
[2022.02.10-00.48.10:264][ 90]AssetTools: /Game/ShoppingMall/Meshes/Interior/Cafe/SM_Bar_Counter_06
[2022.02.10-00.48.10:264][ 90]AssetTools: /Game/ShoppingMall/Meshes/Interior/Cafe/SM_Bar_Counter_05
[2022.02.10-00.48.10:264][ 90]AssetTools: /Game/ShoppingMall/Meshes/Interior/Cafe/SM_Bar_Counter_04
[2022.02.10-00.48.10:264][ 90]AssetTools: /Game/ShoppingMall/Meshes/Exterior/SM_Street_Lamp
[2022.02.10-00.48.10:264][ 90]AssetTools: /Game/ShoppingMall/Meshes/Exterior/SM_Sidewalk_13
[2022.02.10-00.48.10:264][ 90]AssetTools: /Game/ShoppingMall/Meshes/Exterior/SM_Road_Sign_04
[2022.02.10-00.48.10:264][ 90]AssetTools: /Game/ShoppingMall/Meshes/Exterior/SM_Road_Sign_03
[2022.02.10-00.48.10:264][ 90]AssetTools: /Game/ShoppingMall/Meshes/Exterior/SM_Fence_02
[2022.02.10-00.48.10:264][ 90]AssetTools: /Game/ShoppingMall/Meshes/Door/SM_Sliding_Door_02
[2022.02.10-00.48.10:264][ 90]AssetTools: /Game/ShoppingMall/Meshes/Door/SM_Doorway_02
[2022.02.10-00.48.10:264][ 90]AssetTools: /Game/ShoppingMall/Meshes/Door/SM_Door_09
[2022.02.10-00.48.10:264][ 90]AssetTools: /Game/ShoppingMall/Meshes/Building/SM_Wall_Stairs_05
[2022.02.10-00.48.10:264][ 90]AssetTools: /Game/ShoppingMall/Meshes/Building/SM_Showcase_06
[2022.02.10-00.48.10:265][ 90]AssetTools: /Game/ShoppingMall/Meshes/Building/SM_Roof_Lantern_03
[2022.02.10-00.48.10:265][ 90]AssetTools: /Game/ShoppingMall/Meshes/Building/SM_Roof_03
[2022.02.10-00.48.10:265][ 90]AssetTools: /Game/ShoppingMall/Meshes/Building/SM_Parapet_05
[2022.02.10-00.48.10:265][ 90]AssetTools: /Game/ShoppingMall/Meshes/Building/SM_Parapet_03
[2022.02.10-00.48.10:265][ 90]AssetTools: /Game/ShoppingMall/Materials/Instance/Inst_Overview
[2022.02.10-00.48.10:265][ 90]AssetTools: /Game/ShoppingMall/Maps/Overview_BuiltData
[2022.02.10-00.48.10:265][ 90]AssetTools: /Game/ShoppingMall/Meshes/Building/SM_Floor_Slab_03
[2022.02.10-00.48.10:265][ 90]AssetTools: /Game/ShoppingMall/Trees/SM_Flowerpot_06
[2022.02.10-00.48.10:265][ 90]AssetTools: /Game/ShoppingMall/Trees/SM_Flowerpot_03
[2022.02.10-00.48.10:265][ 90]AssetTools: /Game/ShoppingMall/Meshes/Interior/Ventilation/SM_Ventilation_Roof_04
[2022.02.10-00.48.10:265][ 90]AssetTools: /Game/ShoppingMall/Meshes/Interior/Ventilation/SM_Ventilation_04
[2022.02.10-00.48.10:265][ 90]AssetTools: /Game/ShoppingMall/Meshes/Interior/Ventilation/SM_Ventilation_02
[2022.02.10-00.48.10:265][ 90]AssetTools: /Game/ShoppingMall/Meshes/Interior/Ventilation/SM_Ventilation_01
[2022.02.10-00.48.10:265][ 90]AssetTools: /Game/ShoppingMall/Meshes/Interior/Ventilation/SM_Pipeline_Fire_03
[2022.02.10-00.48.10:265][ 90]AssetTools: /Game/ShoppingMall/Meshes/Interior/Ventilation/SM_Air_Duct_12
[2022.02.10-00.48.10:265][ 90]AssetTools: /Game/ShoppingMall/Meshes/Interior/Ventilation/SM_Air_Duct_11
[2022.02.10-00.48.10:265][ 90]AssetTools: /Game/ShoppingMall/Meshes/Interior/Ventilation/SM_Air_Duct_10
[2022.02.10-00.48.10:265][ 90]AssetTools: /Game/ShoppingMall/Meshes/Interior/Ventilation/SM_Air_Duct_09
[2022.02.10-00.48.10:265][ 90]AssetTools: /Game/ShoppingMall/Meshes/Interior/Ventilation/SM_Air_Duct_06
[2022.02.10-00.48.10:265][ 90]AssetTools: /Game/ShoppingMall/Meshes/Interior/Ventilation/SM_Air_Duct_02
[2022.02.10-00.48.10:265][ 90]AssetTools: /Game/ShoppingMall/Meshes/Interior/SM_Trash_Transportation
[2022.02.10-00.48.10:265][ 90]AssetTools: /Game/ShoppingMall/Meshes/Interior/SM_Trash_Can_03
[2022.02.10-00.48.10:265][ 90]AssetTools: /Game/ShoppingMall/Meshes/Interior/Clothes/SM_Rack_10
[2022.02.10-00.48.10:265][ 90]AssetTools: /Game/ShoppingMall/Meshes/Interior/Clothes/SM_Rack_06
[2022.02.10-00.48.10:265][ 90]AssetTools: /Game/ShoppingMall/Meshes/Interior/Clothes/SM_Merged_Clothes06
[2022.02.10-00.48.10:265][ 90]AssetTools: /Game/ShoppingMall/Meshes/Interior/Clothes/SM_Hanger_05
[2022.02.10-00.48.10:265][ 90]AssetTools: /Game/ShoppingMall/Meshes/Interior/Clothes/SM_Hanger_01
[2022.02.10-00.48.10:265][ 90]AssetTools: /Game/ShoppingMall/Meshes/Interior/Clothes/SM_Clothes_17
[2022.02.10-00.48.10:265][ 90]AssetTools: /Game/ShoppingMall/Meshes/Interior/Clothes/SM_Boot_01
[2022.02.10-00.48.10:265][ 90]AssetTools: /Game/ShoppingMall/Meshes/Interior/Cafe/SM_Vase_02
[2022.02.10-00.48.10:265][ 90]AssetTools: /Game/ShoppingMall/Meshes/Interior/Cafe/SM_Spoon
[2022.02.10-00.48.10:265][ 90]AssetTools: /Game/ShoppingMall/Meshes/Interior/Cafe/SM_Plate_02
[2022.02.10-00.48.10:265][ 90]AssetTools: /Game/ShoppingMall/Meshes/Interior/Cafe/SM_Pizza_03
[2022.02.10-00.48.10:265][ 90]AssetTools: /Game/ShoppingMall/Meshes/Interior/Cafe/SM_Pizza_01
[2022.02.10-00.48.10:265][ 90]AssetTools: /Game/ShoppingMall/Meshes/Interior/Cafe/SM_Modular_Sofa_03
[2022.02.10-00.48.10:265][ 90]AssetTools: /Game/ShoppingMall/Meshes/Interior/Cafe/SM_Modular_Sofa_02
[2022.02.10-00.48.10:265][ 90]AssetTools: /Game/ShoppingMall/Meshes/Interior/Cafe/SM_Modular_Sofa_01
[2022.02.10-00.48.10:265][ 90]AssetTools: /Game/ShoppingMall/Meshes/Interior/Cafe/SM_Knife_01
[2022.02.10-00.48.10:265][ 90]AssetTools: /Game/ShoppingMall/Meshes/Building/SM_Merged_Floor_01
[2022.02.10-00.48.10:265][ 90]AssetTools: /Game/ShoppingMall/Meshes/Building/SM_Merged_Floor_02
[2022.02.10-00.48.10:265][ 90]AssetTools: /Game/ShoppingMall/Meshes/Building/SM_Merged_Floor_03
[2022.02.10-00.48.10:265][ 90]AssetTools: /Game/ShoppingMall/Meshes/Door/BP_Door_02
[2022.02.10-00.48.10:265][ 90]AssetTools: /Game/ShoppingMall/Meshes/Door/BP_Door_05
[2022.02.10-00.48.10:265][ 90]AssetTools: /Game/ShoppingMall/Meshes/Interior/SM_Bench_03
[2022.02.10-00.48.10:265][ 90]AssetTools: /Game/ShoppingMall/Meshes/Interior/SM_Bench_04
[2022.02.10-00.48.10:265][ 90]AssetTools: /Game/ShoppingMall/Meshes/Interior/SM_Bench_05
[2022.02.10-00.48.10:265][ 90]AssetTools: /Game/ShoppingMall/Meshes/Interior/SM_Bench_06
[2022.02.10-00.48.10:266][ 90]AssetTools: /Game/ShoppingMall/Meshes/Interior/SM_SkeletonForSignage
[2022.02.10-00.48.10:266][ 90]AssetTools: /Game/ShoppingMall/Meshes/Interior/Clothes/SM_Rack_07
[2022.02.10-01.49.08:217][591]LogUObjectHash: Compacting FUObjectHashTables data took   0.75ms
[2022.02.10-01.49.10:002][793]LogSlate: Window 'Asset Report' being destroyed
[2022.02.10-01.49.14:869][793]LogSlate: Window 'Message' being destroyed
[2022.02.10-01.49.14:875][793]Message dialog closed, result: Cancel, title: Message, text: An asset already exists at location H:/Unreal Projects/RedDawn/Content/ShoppingMall/Blueprints/BP_Air_Conditioner_Unit.uasset would you like to overwrite it?
[2022.02.10-01.49.16:204][900]LogUObjectHash: Compacting FUObjectHashTables data took   0.44ms
[2022.02.10-01.49.16:213][900]LogSlate: Window 'ShoppingMall - Unreal Editor' being destroyed
[2022.02.10-01.49.16:293][901]Cmd: QUIT_EDITOR
[2022.02.10-01.49.16:293][901]LogCore: Engine exit requested (reason: UUnrealEdEngine::CloseEditor())
[2022.02.10-01.49.16:300][901]LogCore: Engine exit requested (reason: EngineExit() was called; note: exit was already requested)
[2022.02.10-01.49.16:309][901]LogAudio: Display: Beginning Audio Device Manager Shutdown (Module: AudioMixerXAudio2)...
[2022.02.10-01.49.16:309][901]LogAudio: Display: Destroying 1 Remaining Audio Device(s)...
[2022.02.10-01.49.16:309][901]LogAudio: Display: Audio Device unregistered from world 'Untitled'.
[2022.02.10-01.49.16:309][901]LogAudioMixer: FMixerPlatformXAudio2::StopAudioStream() called
[2022.02.10-01.49.16:310][901]LogAudioMixer: FMixerPlatformXAudio2::StopAudioStream() called
[2022.02.10-01.49.16:344][901]LogAudio: Display: Audio Device Manager Shutdown
[2022.02.10-01.49.16:344][901]LogWindowsTextInputMethodSystem: Display: IME system deactivated.
[2022.02.10-01.49.16:349][901]LogExit: Preparing to exit.
[2022.02.10-01.49.16:778][901]LogUObjectHash: Compacting FUObjectHashTables data took   0.57ms
[2022.02.10-01.49.16:904][901]LogDemo: Cleaned up 0 splitscreen connections with owner deletion
[2022.02.10-01.49.16:911][901]LogWorld: UWorld::CleanupWorld for None, bSessionEnded=true, bCleanupResources=true
[2022.02.10-01.49.16:912][901]LogExit: Editor shut down
[2022.02.10-01.49.16:913][901]LogExit: Transaction tracking system shut down
[2022.02.10-01.49.17:069][901]LogExit: Object subsystem successfully closed.
[2022.02.10-01.49.17:088][901]LogShaderCompilers: Display: === FShaderJobCache stats ===
[2022.02.10-01.49.17:088][901]LogShaderCompilers: Display: Total job queries 0, among them cache hits 0 (0.00%)
[2022.02.10-01.49.17:088][901]LogShaderCompilers: Display: Tracking 0 distinct input hashes that result in 0 distinct outputs (0.00%)
[2022.02.10-01.49.17:088][901]LogShaderCompilers: Display: RAM used: 0.00 MB (0.00 GB) of 3276.80 MB (3.20 GB) budget. Usage: 0.00%
[2022.02.10-01.49.17:088][901]LogShaderCompilers: Display: ================================================
[2022.02.10-01.49.17:093][901]LogShaderCompilers: Display: Shaders left to compile 0
[2022.02.10-01.49.17:116][901]LogModuleManager: Shutting down and abandoning module HierarchicalLODOutliner (874)
[2022.02.10-01.49.17:116][901]LogModuleManager: Shutting down and abandoning module SceneOutliner (870)
[2022.02.10-01.49.17:116][901]LogModuleManager: Shutting down and abandoning module AddContentDialog (868)
[2022.02.10-01.49.17:116][901]LogModuleManager: Shutting down and abandoning module WidgetCarousel (867)
[2022.02.10-01.49.17:116][901]LogModuleManager: Shutting down and abandoning module EditorWidgets (864)
[2022.02.10-01.49.17:116][901]LogModuleManager: Shutting down and abandoning module PIEPreviewDeviceProfileSelector (862)
[2022.02.10-01.49.17:116][901]LogModuleManager: Shutting down and abandoning module SequenceRecorderSections (860)
[2022.02.10-01.49.17:116][901]LogModuleManager: Shutting down and abandoning module AutomationWorker (858)
[2022.02.10-01.49.17:116][901]LogModuleManager: Shutting down and abandoning module SteamVREditor (856)
[2022.02.10-01.49.17:116][901]LogModuleManager: Shutting down and abandoning module OculusMR (854)
[2022.02.10-01.49.17:116][901]LogModuleManager: Shutting down and abandoning module OpenXRInput (852)
[2022.02.10-01.49.17:116][901]LogModuleManager: Shutting down and abandoning module TakeRecorderSources (850)
[2022.02.10-01.49.17:117][901]LogModuleManager: Shutting down and abandoning module TakeRecorder (849)
[2022.02.10-01.49.17:117][901]LogModuleManager: Shutting down and abandoning module TakeTrackRecorders (846)
[2022.02.10-01.49.17:117][901]LogModuleManager: Shutting down and abandoning module TakesCore (844)
[2022.02.10-01.49.17:117][901]LogModuleManager: Shutting down and abandoning module GooglePADEditor (842)
[2022.02.10-01.49.17:117][901]LogModuleManager: Shutting down and abandoning module AudioCaptureEditor (840)
[2022.02.10-01.49.17:117][901]LogModuleManager: Shutting down and abandoning module TemplateSequenceEditor (838)
[2022.02.10-01.49.17:117][901]LogModuleManager: Shutting down and abandoning module MatineeToLevelSequence (836)
[2022.02.10-01.49.17:117][901]LogModuleManager: Shutting down and abandoning module LevelSequenceEditor (834)
[2022.02.10-01.49.17:117][901]LogModuleManager: Shutting down and abandoning module WmfMediaFactory (832)
[2022.02.10-01.49.17:117][901]LogModuleManager: Shutting down and abandoning module WmfMediaEditor (830)
[2022.02.10-01.49.17:118][901]LogModuleManager: Shutting down and abandoning module WebMMediaFactory (828)
[2022.02.10-01.49.17:118][901]LogModuleManager: Shutting down and abandoning module WebMMediaEditor (826)
[2022.02.10-01.49.17:118][901]LogModuleManager: Shutting down and abandoning module WebMMedia (824)
[2022.02.10-01.49.17:118][901]LogModuleManager: Shutting down and abandoning module ActorSequenceEditor (822)
[2022.02.10-01.49.17:118][901]LogModuleManager: Shutting down and abandoning module MediaPlayerEditor (820)
[2022.02.10-01.49.17:118][901]LogModuleManager: Shutting down and abandoning module MediaCompositingEditor (818)
[2022.02.10-01.49.17:118][901]LogModuleManager: Shutting down and abandoning module SequenceRecorder (817)
[2022.02.10-01.49.17:118][901]LogModuleManager: Shutting down and abandoning module OpenExrWrapper (814)
[2022.02.10-01.49.17:118][901]LogModuleManager: Shutting down and abandoning module ImgMediaFactory (812)
[2022.02.10-01.49.17:118][901]LogModuleManager: Shutting down and abandoning module ImgMediaEditor (810)
[2022.02.10-01.49.17:118][901]LogModuleManager: Shutting down and abandoning module AvfMediaFactory (808)
[2022.02.10-01.49.17:118][901]LogModuleManager: Shutting down and abandoning module AvfMediaEditor (806)
[2022.02.10-01.49.17:118][901]LogModuleManager: Shutting down and abandoning module AndroidMediaFactory (804)
[2022.02.10-01.49.17:118][901]LogModuleManager: Shutting down and abandoning module AndroidMediaEditor (802)
[2022.02.10-01.49.17:118][901]LogModuleManager: Shutting down and abandoning module PlanarCut (800)
[2022.02.10-01.49.17:118][901]LogModuleManager: Shutting down and abandoning module CharacterAI (798)
[2022.02.10-01.49.17:118][901]LogModuleManager: Shutting down and abandoning module MagicLeapMediaCodecFactory (796)
[2022.02.10-01.49.17:118][901]LogModuleManager: Shutting down and abandoning module MagicLeapMediaFactory (794)
[2022.02.10-01.49.17:118][901]LogModuleManager: Shutting down and abandoning module MagicLeapMediaEditor (792)
[2022.02.10-01.49.17:118][901]LogModuleManager: Shutting down and abandoning module TextureAlignMode (790)
[2022.02.10-01.49.17:118][901]LogModuleManager: Shutting down and abandoning module BspMode (788)
[2022.02.10-01.49.17:118][901]LogModuleManager: Shutting down and abandoning module GeometryMode (786)
[2022.02.10-01.49.17:118][901]LogModuleManager: Shutting down and abandoning module SmartSnapping (784)
[2022.02.10-01.49.17:118][901]LogModuleManager: Shutting down and abandoning module CameraShakePreviewer (782)
[2022.02.10-01.49.17:118][901]LogModuleManager: Shutting down and abandoning module SessionServices (780)
[2022.02.10-01.49.17:118][901]LogModuleManager: Shutting down and abandoning module MeshPaint (778)
[2022.02.10-01.49.17:118][901]LogModuleManager: Shutting down and abandoning module VirtualTexturingEditor (776)
[2022.02.10-01.49.17:118][901]LogModuleManager: Shutting down and abandoning module FoliageEdit (774)
[2022.02.10-01.49.17:118][901]LogModuleManager: Shutting down and abandoning module LandscapeEditor (772)
[2022.02.10-01.49.17:119][901]LogModuleManager: Shutting down and abandoning module MeshPaintMode (770)
[2022.02.10-01.49.17:119][901]LogModuleManager: Shutting down and abandoning module SceneDepthPickerMode (768)
[2022.02.10-01.49.17:119][901]LogModuleManager: Shutting down and abandoning module ActorPickerMode (766)
[2022.02.10-01.49.17:119][901]LogModuleManager: Shutting down and abandoning module PlacementMode (764)
[2022.02.10-01.49.17:119][901]LogModuleManager: Shutting down and abandoning module ViewportSnapping (762)
[2022.02.10-01.49.17:119][901]LogModuleManager: Shutting down and abandoning module ViewportInteraction (760)
[2022.02.10-01.49.17:119][901]LogModuleManager: Shutting down and abandoning module ClothPainter (758)
[2022.02.10-01.49.17:119][901]LogModuleManager: Shutting down and abandoning module SkeletalMeshEditor (757)
[2022.02.10-01.49.17:120][901]LogModuleManager: Shutting down and abandoning module LogVisualizer (754)
[2022.02.10-01.49.17:120][901]LogModuleManager: Shutting down and abandoning module IntroTutorials (752)
[2022.02.10-01.49.17:120][901]LogModuleManager: Shutting down and abandoning module GameProjectGeneration (751)
[2022.02.10-01.49.17:120][901]LogModuleManager: Shutting down and abandoning module LuminPlatformEditor (748)
[2022.02.10-01.49.17:120][901]LogModuleManager: Shutting down and abandoning module IOSPlatformEditor (746)
[2022.02.10-01.49.17:120][901]LogModuleManager: Shutting down and abandoning module AndroidPlatformEditor (744)
[2022.02.10-01.49.17:120][901]LogModuleManager: Shutting down and abandoning module AndroidDeviceDetection (743)
[2022.02.10-01.49.17:997][901]LogModuleManager: Shutting down and abandoning module WindowsPlatformEditor (740)
[2022.02.10-01.49.17:997][901]LogModuleManager: Shutting down and abandoning module LuminRuntimeSettings (738)
[2022.02.10-01.49.17:997][901]LogModuleManager: Shutting down and abandoning module IOSRuntimeSettings (736)
[2022.02.10-01.49.17:997][901]LogModuleManager: Shutting down and abandoning module AndroidRuntimeSettings (734)
[2022.02.10-01.49.17:997][901]LogModuleManager: Shutting down and abandoning module TraceInsights (732)
[2022.02.10-01.49.18:001][901]MemoryProfiler: Shutdown
[2022.02.10-01.49.18:001][901]NetworkingProfiler: Shutdown
[2022.02.10-01.49.18:001][901]LoadingProfiler: Shutdown
[2022.02.10-01.49.18:001][901]TimingProfiler: Shutdown
[2022.02.10-01.49.18:002][901]LogModuleManager: Shutting down and abandoning module TraceServices (731)
[2022.02.10-01.49.18:003][901]LogModuleManager: Shutting down and abandoning module EditorInteractiveToolsFramework (728)
[2022.02.10-01.49.18:003][901]LogModuleManager: Shutting down and abandoning module TimeManagementEditor (726)
[2022.02.10-01.49.18:003][901]LogModuleManager: Shutting down and abandoning module InputBindingEditor (724)
[2022.02.10-01.49.18:003][901]LogModuleManager: Shutting down and abandoning module MergeActors (722)
[2022.02.10-01.49.18:003][901]LogModuleManager: Shutting down and abandoning module LocalizationDashboard (720)
[2022.02.10-01.49.18:004][901]LogModuleManager: Shutting down and abandoning module LocalizationService (719)
[2022.02.10-01.49.18:004][901]LogModuleManager: Shutting down and abandoning module HardwareTargeting (716)
[2022.02.10-01.49.18:004][901]LogModuleManager: Shutting down and abandoning module DeviceProfileEditor (714)
[2022.02.10-01.49.18:004][901]LogModuleManager: Shutting down and abandoning module UndoHistory (712)
[2022.02.10-01.49.18:004][901]LogModuleManager: Shutting down and abandoning module XmlParser (710)
[2022.02.10-01.49.18:004][901]LogModuleManager: Shutting down and abandoning module Blutility (708)
[2022.02.10-01.49.18:004][901]LogModuleManager: Shutting down and abandoning module ProjectSettingsViewer (706)
[2022.02.10-01.49.18:004][901]LogModuleManager: Shutting down and abandoning module ProjectTargetPlatformEditor (705)
[2022.02.10-01.49.18:004][901]LogModuleManager: Shutting down and abandoning module EditorSettingsViewer (702)
[2022.02.10-01.49.18:004][901]LogModuleManager: Shutting down and abandoning module InternationalizationSettings (701)
[2022.02.10-01.49.18:004][901]LogModuleManager: Shutting down and abandoning module SettingsEditor (698)
[2022.02.10-01.49.18:004][901]LogModuleManager: Shutting down and abandoning module ProjectLauncher (696)
[2022.02.10-01.49.18:004][901]LogModuleManager: Shutting down and abandoning module SessionFrontend (694)
[2022.02.10-01.49.18:004][901]LogModuleManager: Shutting down and abandoning module ProfilerClient (692)
[2022.02.10-01.49.18:004][901]LogModuleManager: Shutting down and abandoning module DeviceManager (690)
[2022.02.10-01.49.18:004][901]LogModuleManager: Shutting down and abandoning module TargetDeviceServices (689)
[2022.02.10-01.49.18:036][901]LogModuleManager: Shutting down and abandoning module AutomationController (686)
[2022.02.10-01.49.18:036][901]LogModuleManager: Shutting down and abandoning module AutomationWindow (684)
[2022.02.10-01.49.18:036][901]LogModuleManager: Shutting down and abandoning module Layers (682)
[2022.02.10-01.49.18:038][901]LogModuleManager: Shutting down and abandoning module ComponentVisualizers (680)
[2022.02.10-01.49.18:038][901]LogModuleManager: Shutting down and abandoning module DetailCustomizations (678)
[2022.02.10-01.49.18:038][901]LogModuleManager: Shutting down and abandoning module PackagesDialog (676)
[2022.02.10-01.49.18:038][901]LogModuleManager: Shutting down and abandoning module AnimationBlueprintEditor (674)
[2022.02.10-01.49.18:038][901]LogModuleManager: Shutting down and abandoning module Persona (672)
[2022.02.10-01.49.18:038][901]LogModuleManager: Shutting down and abandoning module AdvancedPreviewScene (671)
[2022.02.10-01.49.18:038][901]LogModuleManager: Shutting down and abandoning module AnimGraph (669)
[2022.02.10-01.49.18:038][901]LogModuleManager: Shutting down and abandoning module Kismet (666)
[2022.02.10-01.49.18:039][901]LogModuleManager: Shutting down and abandoning module KismetWidgets (665)
[2022.02.10-01.49.18:039][901]LogModuleManager: Shutting down and abandoning module GraphEditor (662)
[2022.02.10-01.49.18:041][901]LogModuleManager: Shutting down and abandoning module StructViewer (660)
[2022.02.10-01.49.18:041][901]LogModuleManager: Shutting down and abandoning module ClassViewer (658)
[2022.02.10-01.49.18:041][901]LogModuleManager: Shutting down and abandoning module Toolbox (656)
[2022.02.10-01.49.18:041][901]LogModuleManager: Shutting down and abandoning module ModuleUI (654)
[2022.02.10-01.49.18:041][901]LogModuleManager: Shutting down and abandoning module OutputLog (652)
[2022.02.10-01.49.18:041][901]LogModuleManager: Shutting down and abandoning module GammaUI (650)
[2022.02.10-01.49.18:041][901]LogModuleManager: Shutting down and abandoning module Documentation (648)
[2022.02.10-01.49.18:041][901]LogModuleManager: Shutting down and abandoning module LiveCoding (646)
[2022.02.10-01.49.18:041][901]LogModuleManager: Shutting down and abandoning module LevelSequence (644)
[2022.02.10-01.49.18:041][901]LogModuleManager: Shutting down and abandoning module MovieSceneTracks (642)
[2022.02.10-01.49.18:041][901]LogModuleManager: Shutting down and abandoning module MovieScene (640)
[2022.02.10-01.49.18:041][901]LogModuleManager: Shutting down and abandoning module StreamingPauseRendering (638)
[2022.02.10-01.49.18:041][901]LogModuleManager: Shutting down and abandoning module LauncherPlatform (636)
[2022.02.10-01.49.18:041][901]LogModuleManager: Shutting down and abandoning module AnalyticsET (634)
[2022.02.10-01.49.18:041][901]LogModuleManager: Shutting down and abandoning module PortalServices (632)
[2022.02.10-01.49.18:041][901]LogModuleManager: Shutting down and abandoning module PortalRpc (630)
[2022.02.10-01.49.18:041][901]LogModuleManager: Shutting down and abandoning module MessagingRpc (628)
[2022.02.10-01.49.18:041][901]LogModuleManager: Shutting down and abandoning module AudioMixerXAudio2 (626)
[2022.02.10-01.49.18:042][901]LogModuleManager: Shutting down and abandoning module AudioMixerCore (625)
[2022.02.10-01.49.18:042][901]LogModuleManager: Shutting down and abandoning module AIModule (622)
[2022.02.10-01.49.18:042][901]LogModuleManager: Shutting down and abandoning module GameplayDebugger (621)
[2022.02.10-01.49.18:042][901]LogModuleManager: Shutting down and abandoning module AITestSuite (619)
[2022.02.10-01.49.18:042][901]LogModuleManager: Shutting down and abandoning module NavigationSystem (617)
[2022.02.10-01.49.18:042][901]LogModuleManager: Shutting down and abandoning module ImageWriteQueue (614)
[2022.02.10-01.49.18:047][901]LogModuleManager: Shutting down and abandoning module ProfilerService (612)
[2022.02.10-01.49.18:129][901]LogModuleManager: Shutting down and abandoning module TaskGraph (610)
[2022.02.10-01.49.18:129][901]LogModuleManager: Shutting down and abandoning module AudioSynesthesiaEditor (608)
[2022.02.10-01.49.18:130][901]LogModuleManager: Shutting down and abandoning module OculusEditor (606)
[2022.02.10-01.49.18:130][901]LogModuleManager: Shutting down and abandoning module OculusInput (604)
[2022.02.10-01.49.18:130][901]LogModuleManager: Shutting down and abandoning module ContentBrowserFileDataSource (602)
[2022.02.10-01.49.18:130][901]LogModuleManager: Shutting down and abandoning module ContentBrowserClassDataSource (600)
[2022.02.10-01.49.18:130][901]LogModuleManager: Shutting down and abandoning module ContentBrowserAssetDataSource (598)
[2022.02.10-01.49.18:130][901]LogModuleManager: Shutting down and abandoning module CollectionManager (597)
[2022.02.10-01.49.18:130][901]LogModuleManager: Shutting down and abandoning module SynthesisEditor (594)
[2022.02.10-01.49.18:130][901]LogModuleManager: Shutting down and abandoning module Synthesis (592)
[2022.02.10-01.49.18:131][901]LogModuleManager: Shutting down and abandoning module ProceduralMeshComponentEditor (590)
[2022.02.10-01.49.18:131][901]LogModuleManager: Shutting down and abandoning module ProceduralMeshComponent (588)
[2022.02.10-01.49.18:131][901]LogModuleManager: Shutting down and abandoning module OpenXREditor (586)
[2022.02.10-01.49.18:131][901]LogModuleManager: Shutting down and abandoning module MobilePatchingUtils (584)
[2022.02.10-01.49.18:131][901]LogModuleManager: Shutting down and abandoning module TakeSequencer (582)
[2022.02.10-01.49.18:131][901]LogModuleManager: Shutting down and abandoning module TakeMovieScene (580)
[2022.02.10-01.49.18:131][901]LogModuleManager: Shutting down and abandoning module ScreenshotTools (578)
[2022.02.10-01.49.18:131][901]LogModuleManager: Shutting down and abandoning module GooglePAD (576)
[2022.02.10-01.49.18:131][901]LogModuleManager: Shutting down and abandoning module EditableMesh (574)
[2022.02.10-01.49.18:131][901]LogModuleManager: Shutting down and abandoning module CustomMeshComponent (572)
[2022.02.10-01.49.18:131][901]LogModuleManager: Shutting down and abandoning module CableComponent (570)
[2022.02.10-01.49.18:131][901]LogModuleManager: Shutting down and abandoning module ArchVisCharacter (568)
[2022.02.10-01.49.18:131][901]LogModuleManager: Shutting down and abandoning module AudioCapture (566)
[2022.02.10-01.49.18:131][901]LogModuleManager: Shutting down and abandoning module AudioCaptureRtAudio (565)
[2022.02.10-01.49.18:131][901]LogModuleManager: Shutting down and abandoning module AssetTags (562)
[2022.02.10-01.49.18:131][901]LogModuleManager: Shutting down and abandoning module AppleImageUtilsBlueprintSupport (560)
[2022.02.10-01.49.18:131][901]LogModuleManager: Shutting down and abandoning module AppleImageUtils (558)
[2022.02.10-01.49.18:131][901]LogModuleManager: Shutting down and abandoning module AndroidPermission (556)
[2022.02.10-01.49.18:131][901]LogModuleManager: Shutting down and abandoning module ActorLayerUtilitiesEditor (554)
[2022.02.10-01.49.18:131][901]LogModuleManager: Shutting down and abandoning module ActorLayerUtilities (552)
[2022.02.10-01.49.18:131][901]LogModuleManager: Shutting down and abandoning module TemplateSequence (550)
[2022.02.10-01.49.18:131][901]LogModuleManager: Shutting down and abandoning module MediaCompositing (548)
[2022.02.10-01.49.18:131][901]LogModuleManager: Shutting down and abandoning module ImgMedia (546)
[2022.02.10-01.49.18:131][901]LogModuleManager: Shutting down and abandoning module Text3DEditor (544)
[2022.02.10-01.49.18:131][901]LogModuleManager: Shutting down and abandoning module Text3D (542)
[2022.02.10-01.49.18:131][901]LogModuleManager: Shutting down and abandoning module MotoSynthEditor (540)
[2022.02.10-01.49.18:131][901]LogModuleManager: Shutting down and abandoning module MotoSynth (538)
[2022.02.10-01.49.18:131][901]LogModuleManager: Shutting down and abandoning module OpenImageDenoise (536)
[2022.02.10-01.49.18:131][901]LogOpenImageDenoise: OIDN shutting down
[2022.02.10-01.49.18:131][901]LogModuleManager: Shutting down and abandoning module MeshConversion (534)
[2022.02.10-01.49.18:131][901]LogModuleManager: Shutting down and abandoning module DynamicMesh (532)
[2022.02.10-01.49.18:132][901]LogModuleManager: Shutting down and abandoning module GeometryAlgorithms (530)
[2022.02.10-01.49.18:132][901]LogModuleManager: Shutting down and abandoning module GeometricObjects (528)
[2022.02.10-01.49.18:133][901]LogModuleManager: Shutting down and abandoning module GeometryCollectionTracks (526)
[2022.02.10-01.49.18:133][901]LogModuleManager: Shutting down and abandoning module GeometryCollectionSequencer (525)
[2022.02.10-01.49.18:133][901]LogModuleManager: Shutting down and abandoning module GeometryCollectionEditor (522)
[2022.02.10-01.49.18:133][901]LogModuleManager: Shutting down and abandoning module GeometryCacheTracks (520)
[2022.02.10-01.49.18:133][901]LogModuleManager: Shutting down and abandoning module GeometryCacheStreamer (518)
[2022.02.10-01.49.18:133][901]LogModuleManager: Shutting down and abandoning module GeometryCacheSequencer (516)
[2022.02.10-01.49.18:133][901]LogModuleManager: Shutting down and abandoning module FractureEditor (514)
[2022.02.10-01.49.18:133][901]LogModuleManager: Shutting down and abandoning module ChaosNiagara (512)
[2022.02.10-01.49.18:133][901]LogModuleManager: Shutting down and abandoning module ChaosSolverEditor (510)
[2022.02.10-01.49.18:133][901]LogModuleManager: Shutting down and abandoning module FieldSystemEngine (509)
[2022.02.10-01.49.18:133][901]LogModuleManager: Shutting down and abandoning module ChaosClothEditor (506)
[2022.02.10-01.49.18:133][901]LogModuleManager: Shutting down and abandoning module BackChannel (504)
[2022.02.10-01.49.18:133][901]LogModuleManager: Shutting down and abandoning module AutomationUtilsEditor (502)
[2022.02.10-01.49.18:133][901]LogModuleManager: Shutting down and abandoning module AutomationUtils (500)
[2022.02.10-01.49.18:133][901]LogModuleManager: Shutting down and abandoning module MagicLeapSharedWorld (498)
[2022.02.10-01.49.18:133][901]LogModuleManager: Shutting down and abandoning module AlembicImporter (496)
[2022.02.10-01.49.18:133][901]LogModuleManager: Shutting down and abandoning module AlembicLibrary (495)
[2022.02.10-01.49.18:133][901]LogModuleManager: Shutting down and abandoning module GeometryCache (494)
[2022.02.10-01.49.18:133][901]LogModuleManager: Shutting down and abandoning module GeometryCacheEd (493)
[2022.02.10-01.49.18:133][901]LogModuleManager: Shutting down and abandoning module MagicLeapLightEstimation (488)
[2022.02.10-01.49.18:133][901]LogModuleManager: Shutting down and abandoning module MagicLeapHelperVulkan (486)
[2022.02.10-01.49.18:133][901]LogModuleManager: Shutting down and abandoning module MagicLeapHelperOpenGL (484)
[2022.02.10-01.49.18:133][901]LogModuleManager: Shutting down and abandoning module MagicLeapAudio (482)
[2022.02.10-01.49.18:133][901]LogModuleManager: Shutting down and abandoning module VisualStudioSourceCodeAccess (480)
[2022.02.10-01.49.18:133][901]LogModuleManager: Shutting down and abandoning module VisualStudioCodeSourceCodeAccess (478)
[2022.02.10-01.49.18:133][901]LogModuleManager: Shutting down and abandoning module PluginBrowser (476)
[2022.02.10-01.49.18:134][901]LogModuleManager: Shutting down and abandoning module SpeedTreeImporter (474)
[2022.02.10-01.49.18:134][901]LogModuleManager: Shutting down and abandoning module MobileLauncherProfileWizard (472)
[2022.02.10-01.49.18:134][901]LogModuleManager: Shutting down and abandoning module MaterialAnalyzer (470)
[2022.02.10-01.49.18:134][901]LogModuleManager: Shutting down and abandoning module CurveEditorTools (468)
[2022.02.10-01.49.18:134][901]LogModuleManager: Shutting down and abandoning module CryptoKeysOpenSSL (466)
[2022.02.10-01.49.18:134][901]LogModuleManager: Shutting down and abandoning module CryptoKeys (464)
[2022.02.10-01.49.18:134][901]LogModuleManager: Shutting down and abandoning module UObjectPlugin (462)
[2022.02.10-01.49.18:134][901]LogModuleManager: Shutting down and abandoning module VariantManagerContentEditor (460)
[2022.02.10-01.49.18:134][901]LogModuleManager: Shutting down and abandoning module SubversionSourceControl (458)
[2022.02.10-01.49.18:134][901]LogModuleManager: Shutting down and abandoning module RiderSourceCodeAccess (456)
[2022.02.10-01.49.18:134][901]LogModuleManager: Shutting down and abandoning module PluginUtils (454)
[2022.02.10-01.49.18:134][901]LogModuleManager: Shutting down and abandoning module PlasticSourceControl (452)
[2022.02.10-01.49.18:134][901]LogModuleManager: Shutting down and abandoning module PerforceSourceControl (450)
[2022.02.10-01.49.18:134][901]LogModuleManager: Shutting down and abandoning module GitSourceControl (448)
[2022.02.10-01.49.18:134][901]LogModuleManager: Shutting down and abandoning module SourceControl (447)
[2022.02.10-01.49.18:134][901]LogModuleManager: Shutting down and abandoning module DatasmithContentEditor (444)
[2022.02.10-01.49.18:134][901]LogModuleManager: Shutting down and abandoning module CLionSourceCodeAccess (442)
[2022.02.10-01.49.18:134][901]LogModuleManager: Shutting down and abandoning module AnimationSharingEd (440)
[2022.02.10-01.49.18:134][901]LogModuleManager: Shutting down and abandoning module NiagaraEditorWidgets (438)
[2022.02.10-01.49.18:135][901]LogModuleManager: Shutting down and abandoning module OodleNetworkHandlerComponent (436)
[2022.02.10-01.49.18:135][901]LogModuleManager: Shutting down and abandoning module LiveLinkSequencer (434)
[2022.02.10-01.49.18:135][901]LogModuleManager: Shutting down and abandoning module LiveLinkMovieScene (432)
[2022.02.10-01.49.18:135][901]LogModuleManager: Shutting down and abandoning module LiveLinkGraphNode (430)
[2022.02.10-01.49.18:135][901]LogModuleManager: Shutting down and abandoning module LiveLinkEditor (428)
[2022.02.10-01.49.18:135][901]LogModuleManager: Shutting down and abandoning module LiveLinkComponents (426)
[2022.02.10-01.49.18:135][901]LogModuleManager: Shutting down and abandoning module LiveLink (424)
[2022.02.10-01.49.18:228][901]LogModuleManager: Shutting down and abandoning module PaperTiledImporter (422)
[2022.02.10-01.49.18:229][901]LogModuleManager: Shutting down and abandoning module PaperSpriteSheetImporter (420)
[2022.02.10-01.49.18:229][901]LogModuleManager: Shutting down and abandoning module Paper2DEditor (418)
[2022.02.10-01.49.18:229][901]LogModuleManager: Shutting down and abandoning module LightPropagationVolumeEditor (416)
[2022.02.10-01.49.18:229][901]LogModuleManager: Shutting down and abandoning module MeshPaintingToolset (414)
[2022.02.10-01.49.18:229][901]LogModuleManager: Shutting down and abandoning module MeshPaintEditorMode (412)
[2022.02.10-01.49.18:229][901]LogModuleManager: Shutting down and abandoning module SoundFields (410)
[2022.02.10-01.49.18:229][901]LogModuleManager: Shutting down and abandoning module RuntimePhysXCooking (408)
[2022.02.10-01.49.18:229][901]LogModuleManager: Shutting down and abandoning module SignificanceManager (406)
[2022.02.10-01.49.18:229][901]LogModuleManager: Shutting down and abandoning module PropertyAccessEditor (404)
[2022.02.10-01.49.18:229][901]LogModuleManager: Shutting down and abandoning module PhysXVehiclesEditor (402)
[2022.02.10-01.49.18:229][901]LogModuleManager: Shutting down and abandoning module LocationServicesBPLibrary (398)
[2022.02.10-01.49.18:229][901]LogModuleManager: Shutting down and abandoning module AudioSynesthesia (396)
[2022.02.10-01.49.18:229][901]LogModuleManager: Shutting down and abandoning module AudioSynesthesiaCore (394)
[2022.02.10-01.49.18:229][901]LogModuleManager: Shutting down and abandoning module ActorSequence (392)
[2022.02.10-01.49.18:229][901]LogModuleManager: Shutting down and abandoning module ImgMediaEngine (390)
[2022.02.10-01.49.18:229][901]LogModuleManager: Shutting down and abandoning module TcpMessaging (388)
[2022.02.10-01.49.18:331][901]LogModuleManager: Shutting down and abandoning module UdpMessaging (386)
[2022.02.10-01.49.18:431][901]LogModuleManager: Shutting down and abandoning module PythonScriptPlugin (384)
[2022.02.10-01.49.18:431][901]LogModuleManager: Shutting down and abandoning module MagicLeapARPin (382)
[2022.02.10-01.49.18:431][901]LogModuleManager: Shutting down and abandoning module MagicLeapHandMeshing (380)
[2022.02.10-01.49.18:431][901]LogModuleManager: Shutting down and abandoning module MagicLeapSecureStorage (378)
[2022.02.10-01.49.18:431][901]LogModuleManager: Shutting down and abandoning module MagicLeapPrivileges (376)
[2022.02.10-01.49.18:431][901]LogModuleManager: Shutting down and abandoning module MagicLeapPlanes (374)
[2022.02.10-01.49.18:431][901]LogMagicLeapPlanes: Planes tracker already destroyed.
[2022.02.10-01.49.18:431][901]LogModuleManager: Shutting down and abandoning module MagicLeapImageTracker (372)
[2022.02.10-01.49.18:431][901]LogModuleManager: Shutting down and abandoning module MagicLeapIdentity (370)
[2022.02.10-01.49.18:431][901]LogModuleManager: Shutting down and abandoning module MagicLeapHandTracking (368)
[2022.02.10-01.49.18:431][901]LogModuleManager: Shutting down and abandoning module MagicLeapEyeTracker (366)
[2022.02.10-01.49.18:431][901]LogModuleManager: Shutting down and abandoning module MagicLeapController (364)
[2022.02.10-01.49.18:431][901]LogModuleManager: Shutting down and abandoning module MagicLeapARPinImpl (362)
[2022.02.10-01.49.18:431][901]LogModuleManager: Shutting down and abandoning module MagicLeapAR (360)
[2022.02.10-01.49.18:431][901]LogModuleManager: Shutting down and abandoning module GameplayTagsEditor (358)
[2022.02.10-01.49.18:431][901]LogModuleManager: Shutting down and abandoning module FacialAnimationEditor (356)
[2022.02.10-01.49.18:431][901]LogModuleManager: Shutting down and abandoning module FacialAnimation (354)
[2022.02.10-01.49.18:431][901]LogModuleManager: Shutting down and abandoning module DataValidation (352)
[2022.02.10-01.49.18:431][901]LogModuleManager: Shutting down and abandoning module PropertyAccessNode (350)
[2022.02.10-01.49.18:431][901]LogModuleManager: Shutting down and abandoning module AssetManagerEditor (348)
[2022.02.10-01.49.18:431][901]LogModuleManager: Shutting down and abandoning module LevelEditor (347)
[2022.02.10-01.49.18:432][901]LogModuleManager: Shutting down and abandoning module PixelInspectorModule (346)
[2022.02.10-01.49.18:432][901]LogModuleManager: Shutting down and abandoning module CommonMenuExtensions (344)
[2022.02.10-01.49.18:432][901]LogModuleManager: Shutting down and abandoning module MainFrame (342)
[2022.02.10-01.49.18:432][901]LogModuleManager: Shutting down and abandoning module HotReload (341)
[2022.02.10-01.49.18:432][901]LogModuleManager: Shutting down and abandoning module ToolMenus (337)
[2022.02.10-01.49.18:432][901]LogModuleManager: Shutting down and abandoning module TreeMap (335)
[2022.02.10-01.49.18:432][901]LogModuleManager: Shutting down and abandoning module AnimationSharing (332)
[2022.02.10-01.49.18:432][901]LogModuleManager: Shutting down and abandoning module NiagaraAnimNotifies (330)
[2022.02.10-01.49.18:432][901]LogModuleManager: Shutting down and abandoning module Niagara (328)
[2022.02.10-01.49.18:433][901]LogModuleManager: Shutting down and abandoning module SignalProcessing (327)
[2022.02.10-01.49.18:433][901]LogModuleManager: Shutting down and abandoning module NiagaraEditor (325)
[2022.02.10-01.49.18:433][901]LogModuleManager: Shutting down and abandoning module ContentBrowser (324)
[2022.02.10-01.49.18:433][901]LogModuleManager: Shutting down and abandoning module ContentBrowserData (323)
[2022.02.10-01.49.18:433][901]LogModuleManager: Shutting down and abandoning module NiagaraCore (318)
[2022.02.10-01.49.18:433][901]LogModuleManager: Shutting down and abandoning module Paper2D (316)
[2022.02.10-01.49.18:433][901]LogModuleManager: Shutting down and abandoning module EnvironmentQueryEditor (314)
[2022.02.10-01.49.18:433][901]LogModuleManager: Shutting down and abandoning module GameplayCameras (312)
[2022.02.10-01.49.18:433][901]LogModuleManager: Shutting down and abandoning module LightPropagationVolumeRuntime (310)
[2022.02.10-01.49.18:433][901]LogModuleManager: Shutting down and abandoning module WindowsMoviePlayer (308)
[2022.02.10-01.49.18:434][901]LogModuleManager: Shutting down and abandoning module WebMMoviePlayer (306)
[2022.02.10-01.49.18:434][901]LogModuleManager: Shutting down and abandoning module NetworkReplayStreaming (304)
[2022.02.10-01.49.18:434][901]LogModuleManager: Shutting down and abandoning module PacketHandler (302)
[2022.02.10-01.49.18:434][901]LogModuleManager: Shutting down and abandoning module ClothingSystemEditor (300)
[2022.02.10-01.49.18:434][901]LogModuleManager: Shutting down and abandoning module ClothingSystemRuntimeNv (298)
[2022.02.10-01.49.18:434][901]LogModuleManager: Shutting down and abandoning module MediaAssets (296)
[2022.02.10-01.49.18:434][901]LogModuleManager: Shutting down and abandoning module Overlay (294)
[2022.02.10-01.49.18:434][901]LogModuleManager: Shutting down and abandoning module OverlayEditor (293)
[2022.02.10-01.49.18:434][901]LogModuleManager: Shutting down and abandoning module VREditor (290)
[2022.02.10-01.49.18:434][901]LogModuleManager: Shutting down and abandoning module StringTableEditor (288)
[2022.02.10-01.49.18:434][901]LogModuleManager: Shutting down and abandoning module GameplayTasksEditor (286)
[2022.02.10-01.49.18:434][901]LogModuleManager: Shutting down and abandoning module BehaviorTreeEditor (284)
[2022.02.10-01.49.18:434][901]LogModuleManager: Shutting down and abandoning module FunctionalTesting (282)
[2022.02.10-01.49.18:434][901]LogModuleManager: Shutting down and abandoning module CollisionAnalyzer (280)
[2022.02.10-01.49.18:434][901]LogModuleManager: Shutting down and abandoning module WorkspaceMenuStructure (279)
[2022.02.10-01.49.18:435][901]LogModuleManager: Shutting down and abandoning module UMG (276)
[2022.02.10-01.49.18:435][901]LogModuleManager: Shutting down and abandoning module UMGEditor (275)
[2022.02.10-01.49.18:435][901]LogModuleManager: Shutting down and abandoning module MessageLog (273)
[2022.02.10-01.49.18:435][901]LogModuleManager: Shutting down and abandoning module SlateReflector (268)
[2022.02.10-01.49.18:435][901]LogModuleManager: Shutting down and abandoning module Slate (266)
[2022.02.10-01.49.18:436][901]LogModuleManager: Shutting down and abandoning module SlateCore (264)
[2022.02.10-01.49.18:436][901]LogModuleManager: Shutting down and abandoning module LandscapeEditorUtilities (262)
[2022.02.10-01.49.18:436][901]LogModuleManager: Shutting down and abandoning module UnrealEd (260)
[2022.02.10-01.49.18:436][901]LogModuleManager: Shutting down and abandoning module MRMesh (258)
[2022.02.10-01.49.18:436][901]LogModuleManager: Shutting down and abandoning module SourceCodeAccess (256)
[2022.02.10-01.49.18:436][901]LogModuleManager: Shutting down and abandoning module HeadMountedDisplay (254)
[2022.02.10-01.49.18:436][901]LogModuleManager: Shutting down and abandoning module XAudio2 (252)
[2022.02.10-01.49.18:436][901]LogModuleManager: Shutting down and abandoning module Networking (250)
[2022.02.10-01.49.18:436][901]LogModuleManager: Shutting down and abandoning module Core (248)
[2022.02.10-01.49.18:436][901]LogModuleManager: Shutting down and abandoning module MaterialEditor (246)
[2022.02.10-01.49.18:437][901]LogModuleManager: Shutting down and abandoning module MovieSceneTools (244)
[2022.02.10-01.49.18:437][901]LogModuleManager: Shutting down and abandoning module CurveEditor (243)
[2022.02.10-01.49.18:438][901]LogModuleManager: Shutting down and abandoning module Sequencer (241)
[2022.02.10-01.49.18:438][901]LogModuleManager: Shutting down and abandoning module EditorStyle (240)
[2022.02.10-01.49.18:438][901]LogModuleManager: Shutting down and abandoning module KismetCompiler (236)
[2022.02.10-01.49.18:438][901]LogModuleManager: Shutting down and abandoning module MeshBuilder (234)
[2022.02.10-01.49.18:438][901]LogModuleManager: Shutting down and abandoning module MeshUtilities (232)
[2022.02.10-01.49.18:438][901]LogModuleManager: Shutting down and abandoning module MeshMergeUtilities (231)
[2022.02.10-01.49.18:438][901]LogModuleManager: Shutting down and abandoning module MeshReductionInterface (230)
[2022.02.10-01.49.18:438][901]LogModuleManager: Shutting down and abandoning module MeshBoneReduction (229)
[2022.02.10-01.49.18:438][901]LogModuleManager: Shutting down and abandoning module SkeletalMeshReduction (227)
[2022.02.10-01.49.18:438][901]LogModuleManager: Shutting down and abandoning module ProxyLODMeshReduction (225)
[2022.02.10-01.49.18:439][901]LogModuleManager: Shutting down and abandoning module QuadricMeshReduction (223)
[2022.02.10-01.49.18:439][901]LogModuleManager: Shutting down and abandoning module MaterialBaking (219)
[2022.02.10-01.49.18:439][901]LogModuleManager: Shutting down and abandoning module NullInstallBundleManager (214)
[2022.02.10-01.49.18:439][901]LogModuleManager: Shutting down and abandoning module DerivedDataCache (212)
[2022.02.10-01.49.18:439][901]LogModuleManager: Shutting down and abandoning module TargetPlatform (210)
[2022.02.10-01.49.18:439][901]LogModuleManager: Shutting down and abandoning module VulkanShaderFormat (209)
[2022.02.10-01.49.18:439][901]LogModuleManager: Shutting down and abandoning module ShaderFormatVectorVM (207)
[2022.02.10-01.49.18:439][901]LogModuleManager: Shutting down and abandoning module ShaderFormatOpenGL (205)
[2022.02.10-01.49.18:439][901]LogModuleManager: Shutting down and abandoning module ShaderFormatD3D (203)
[2022.02.10-01.49.18:439][901]LogModuleManager: Shutting down and abandoning module MetalShaderFormat (201)
[2022.02.10-01.49.18:439][901]LogModuleManager: Shutting down and abandoning module TextureFormatOodle (199)
[2022.02.10-01.49.18:439][901]LogModuleManager: Shutting down and abandoning module TextureFormatUncompressed (197)
[2022.02.10-01.49.18:439][901]LogModuleManager: Shutting down and abandoning module TextureFormatPVR (195)
[2022.02.10-01.49.18:439][901]LogModuleManager: Shutting down and abandoning module TextureFormatETC2 (193)
[2022.02.10-01.49.18:439][901]LogModuleManager: Shutting down and abandoning module TextureFormatDXT (191)
[2022.02.10-01.49.18:439][901]LogModuleManager: Shutting down and abandoning module TextureFormatIntelISPCTexComp (189)
[2022.02.10-01.49.18:439][901]LogModuleManager: Shutting down and abandoning module TextureFormatASTC (187)
[2022.02.10-01.49.18:439][901]LogModuleManager: Shutting down and abandoning module ImageWrapper (186)
[2022.02.10-01.49.18:439][901]LogModuleManager: Shutting down and abandoning module AudioFormatOpus (183)
[2022.02.10-01.49.18:439][901]LogModuleManager: Shutting down and abandoning module AudioFormatOgg (181)
[2022.02.10-01.49.18:439][901]LogModuleManager: Shutting down and abandoning module AudioFormatADPCM (179)
[2022.02.10-01.49.18:439][901]LogModuleManager: Shutting down and abandoning module WindowsServerTargetPlatform (177)
[2022.02.10-01.49.18:439][901]LogModuleManager: Shutting down and abandoning module WindowsClientTargetPlatform (175)
[2022.02.10-01.49.18:439][901]LogModuleManager: Shutting down and abandoning module WindowsTargetPlatform (173)
[2022.02.10-01.49.18:439][901]LogModuleManager: Shutting down and abandoning module WindowsNoEditorTargetPlatform (171)
[2022.02.10-01.49.18:439][901]LogModuleManager: Shutting down and abandoning module TVOSTargetPlatform (169)
[2022.02.10-01.49.18:440][901]LogModuleManager: Shutting down and abandoning module MacServerTargetPlatform (167)
[2022.02.10-01.49.18:440][901]LogModuleManager: Shutting down and abandoning module MacClientTargetPlatform (165)
[2022.02.10-01.49.18:440][901]LogModuleManager: Shutting down and abandoning module MacTargetPlatform (163)
[2022.02.10-01.49.18:440][901]LogModuleManager: Shutting down and abandoning module MacNoEditorTargetPlatform (161)
[2022.02.10-01.49.18:440][901]LogModuleManager: Shutting down and abandoning module LuminTargetPlatform (159)
[2022.02.10-01.49.18:440][901]LogModuleManager: Shutting down and abandoning module LinuxAArch64ServerTargetPlatform (157)
[2022.02.10-01.49.18:440][901]LogModuleManager: Shutting down and abandoning module LinuxAArch64ClientTargetPlatform (155)
[2022.02.10-01.49.18:440][901]LogModuleManager: Shutting down and abandoning module LinuxAArch64NoEditorTargetPlatform (153)
[2022.02.10-01.49.18:440][901]LogModuleManager: Shutting down and abandoning module LinuxServerTargetPlatform (151)
[2022.02.10-01.49.18:440][901]LogModuleManager: Shutting down and abandoning module LinuxClientTargetPlatform (149)
[2022.02.10-01.49.18:440][901]LogModuleManager: Shutting down and abandoning module LinuxNoEditorTargetPlatform (147)
[2022.02.10-01.49.18:440][901]LogModuleManager: Shutting down and abandoning module LinuxTargetPlatform (145)
[2022.02.10-01.49.18:441][901]LogModuleManager: Shutting down and abandoning module Messaging (143)
[2022.02.10-01.49.18:441][901]LogModuleManager: Shutting down and abandoning module IOSTargetPlatform (141)
[2022.02.10-01.49.18:441][901]LogModuleManager: Shutting down and abandoning module AndroidTargetPlatform (139)
[2022.02.10-01.49.18:444][901]LogModuleManager: Shutting down and abandoning module AllDesktopTargetPlatform (137)
[2022.02.10-01.49.18:444][901]LogModuleManager: Shutting down and abandoning module D3D11RHI (134)
[2022.02.10-01.49.18:444][901]LogModuleManager: Shutting down and abandoning module InputCore (132)
[2022.02.10-01.49.18:444][901]LogModuleManager: Shutting down and abandoning module Settings (130)
[2022.02.10-01.49.18:444][901]LogModuleManager: Shutting down and abandoning module DirectoryWatcher (128)
[2022.02.10-01.49.18:444][901]LogModuleManager: Shutting down and abandoning module PhysXCooking (126)
[2022.02.10-01.49.18:444][901]LogModuleManager: Shutting down and abandoning module Chaos (124)
[2022.02.10-01.49.18:444][901]LogModuleManager: Shutting down and abandoning module WindowsPlatformFeatures (122)
[2022.02.10-01.49.18:445][901]LogModuleManager: Shutting down and abandoning module GameplayMediaEncoder (121)
[2022.02.10-01.49.18:445][901]LogModuleManager: Shutting down and abandoning module AVEncoder (120)
[2022.02.10-01.49.18:445][901]LogModuleManager: Shutting down and abandoning module SteamVRInputDevice (116)
[2022.02.10-01.49.18:445][901]LogModuleManager: Shutting down and abandoning module SteamVRInput (114)
[2022.02.10-01.49.18:445][901]LogModuleManager: Shutting down and abandoning module SteamVR (112)
[2022.02.10-01.49.18:445][901]LogHMD: Freeing OpenVRDLLHandle.
[2022.02.10-01.49.18:445][901]LogModuleManager: Shutting down and abandoning module OculusHMD (110)
[2022.02.10-01.49.18:445][901]LogModuleManager: Shutting down and abandoning module OpenXRHandTracking (108)
[2022.02.10-01.49.18:445][901]LogSlate: Slate User Destroyed.  User Index 0, Is Virtual User: 0
[2022.02.10-01.49.18:445][901]LogModuleManager: Shutting down and abandoning module OpenXREyeTracker (106)
[2022.02.10-01.49.18:445][901]LogModuleManager: Shutting down and abandoning module OpenXRAR (104)
[2022.02.10-01.49.18:445][901]LogModuleManager: Shutting down and abandoning module AugmentedReality (103)
[2022.02.10-01.49.18:445][901]LogModuleManager: Shutting down and abandoning module OpenXRHMD (100)
[2022.02.10-01.49.18:445][901]LogModuleManager: Shutting down and abandoning module ExampleDeviceProfileSelector (98)
[2022.02.10-01.49.18:445][901]LogModuleManager: Shutting down and abandoning module ChunkDownloader (96)
[2022.02.10-01.49.18:445][901]LogModuleManager: Shutting down and abandoning module LauncherChunkInstaller (94)
[2022.02.10-01.49.18:445][901]LogModuleManager: Shutting down and abandoning module OnlineBlueprintSupport (92)
[2022.02.10-01.49.18:445][901]LogModuleManager: Shutting down and abandoning module OnlineSubsystem (88)
[2022.02.10-01.49.18:446][901]LogModuleManager: Shutting down and abandoning module XMPP (83)
[2022.02.10-01.49.18:447][901]LogModuleManager: Shutting down and abandoning module WebSockets (82)
[2022.02.10-01.49.18:467][901]LogModuleManager: Shutting down and abandoning module HTTP (79)
[2022.02.10-01.49.18:467][901]LogHttp: Display: Http module shutting down, but needs to wait on 1 outstanding Http requests:
[2022.02.10-01.49.18:467][901]LogHttp: Display: 	verb=[POST] url=[https://datarouter.ol.epicgames.com/datarouter/api/v1/public/data?SessionID=%7B30DEA930-43EB-305B-9CA5-F783D09C301E%7D&AppID=UEEditor.Rocket.Release&AppVersion=4.27.2-18319896%2B%2B%2BUE4%2BRelease-4.27&UserID=10accb7946545d3e28f6d1afdd49ccde%7Cc9c31c81480846fe966436623a0b6b4e%7C69267848-13b5-4c2c-a2f9-c0b310a6f2c7&AppEnvironment=datacollector-binary&UploadType=eteventstream] refs=[1] status=Processing
[2022.02.10-01.49.18:467][901]LogHttp: Display: cleaning up 1 outstanding Http requests.
[2022.02.10-01.49.18:490][901]LogModuleManager: Shutting down and abandoning module SSL (78)
[2022.02.10-01.49.18:491][901]LogModuleManager: Shutting down and abandoning module WmfMedia (74)
[2022.02.10-01.49.18:494][901]LogModuleManager: Shutting down and abandoning module Media (73)
[2022.02.10-01.49.18:494][901]LogModuleManager: Shutting down and abandoning module MediaInfo (72)
[2022.02.10-01.49.18:494][901]LogModuleManager: Shutting down and abandoning module ExrReaderGpu (68)
[2022.02.10-01.49.18:494][901]LogModuleManager: Shutting down and abandoning module ChaosCloth (66)
[2022.02.10-01.49.18:494][901]LogModuleManager: Shutting down and abandoning module MLSDK (64)
[2022.02.10-01.49.18:494][901]LogModuleManager: Shutting down and abandoning module MagicLeap (62)
[2022.02.10-01.49.18:494][901]LogModuleManager: Shutting down and abandoning module VariantManagerContent (60)
[2022.02.10-01.49.18:494][901]LogModuleManager: Shutting down and abandoning module PixWinPlugin (58)
[2022.02.10-01.49.18:494][901]LogModuleManager: Shutting down and abandoning module DatasmithContent (56)
[2022.02.10-01.49.18:495][901]LogModuleManager: Shutting down and abandoning module NiagaraVertexFactories (54)
[2022.02.10-01.49.18:495][901]LogModuleManager: Shutting down and abandoning module NiagaraShader (52)
[2022.02.10-01.49.18:495][901]LogModuleManager: Shutting down and abandoning module AISupportModule (50)
[2022.02.10-01.49.18:495][901]LogModuleManager: Shutting down and abandoning module DesktopPlatform (48)
[2022.02.10-01.49.18:495][901]LogModuleManager: Shutting down and abandoning module PythonScriptPluginPreload (46)
[2022.02.10-01.49.18:495][901]LogModuleManager: Shutting down and abandoning module PlatformCryptoOpenSSL (44)
[2022.02.10-01.49.18:495][901]LogModuleManager: Shutting down and abandoning module PlatformCryptoTypes (42)
[2022.02.10-01.49.18:495][901]LogModuleManager: Shutting down and abandoning module PlatformCrypto (40)
[2022.02.10-01.49.18:495][901]LogModuleManager: Shutting down and abandoning module OodleDataCompressionFormat (38)
[2022.02.10-01.49.18:495][901]LogModuleManager: Shutting down and abandoning module XGEController (36)
[2022.02.10-01.49.18:495][901]LogXGEController: Cleaning working directory: C:/Users/James/AppData/Local/Temp/UnrealXGEWorkingDir/
[2022.02.10-01.49.18:495][901]LogModuleManager: Shutting down and abandoning module AnimationModifiers (34)
[2022.02.10-01.49.18:495][901]LogModuleManager: Shutting down and abandoning module AudioEditor (32)
[2022.02.10-01.49.18:496][901]LogModuleManager: Shutting down and abandoning module PropertyEditor (31)
[2022.02.10-01.49.18:496][901]LogModuleManager: Shutting down and abandoning module TextureCompressor (28)
[2022.02.10-01.49.18:496][901]LogModuleManager: Shutting down and abandoning module RenderCore (26)
[2022.02.10-01.49.18:496][901]LogModuleManager: Shutting down and abandoning module Landscape (24)
[2022.02.10-01.49.18:496][901]LogModuleManager: Shutting down and abandoning module SlateRHIRenderer (22)
[2022.02.10-01.49.18:496][901]LogModuleManager: Shutting down and abandoning module AnimGraphRuntime (20)
[2022.02.10-01.49.18:496][901]LogModuleManager: Shutting down and abandoning module Renderer (18)
[2022.02.10-01.49.18:496][901]LogModuleManager: Shutting down and abandoning module Engine (16)
[2022.02.10-01.49.18:496][901]LogModuleManager: Shutting down and abandoning module CoreUObject (14)
[2022.02.10-01.49.18:496][901]LogModuleManager: Shutting down and abandoning module NetworkFile (12)
[2022.02.10-01.49.18:496][901]LogModuleManager: Shutting down and abandoning module CookedIterativeFile (10)
[2022.02.10-01.49.18:496][901]LogModuleManager: Shutting down and abandoning module StreamingFile (8)
[2022.02.10-01.49.18:496][901]LogModuleManager: Shutting down and abandoning module SandboxFile (6)
[2022.02.10-01.49.18:496][901]LogModuleManager: Shutting down and abandoning module PakFile (4)
[2022.02.10-01.49.18:496][901]LogModuleManager: Shutting down and abandoning module RSA (3)
[2022.02.10-01.49.18:496][901]LogContentStreaming: Display: There are 1 unreleased StreamingManagers
[2022.02.10-01.49.18:516][901]LogD3D11RHI: Shutdown
[2022.02.10-01.49.18:516][901]LogD3D11RHI: CleanupD3DDevice
[2022.02.10-01.49.18:518][901]LogExit: Exiting.
[2022.02.10-01.49.18:528][901]Log file closed, 02/09/22 20:49:18
